1;на;на;ADP;_;_;_;_;_;Word#-text##-text#480.279#480.606
2;экране;экран;NOUN;_;Animacy=Inan|Case=Loc|Gender=Masc|Number=Sing;_;_;_;Word#-text##-text#480.606#480.933
3;вопрос;вопрос;NOUN;_;Animacy=Inan|Case=Nom|Gender=Masc|Number=Sing;_;_;_;Word#-text##-text#480.933#481.26
4;/;/;PUNCT;_;_;_;_;_;Word#-text##-text#481.26#481.587
5;зачем;зачем;ADV;_;Degree=Pos;_;_;_;Word#-text##-text#481.587#481.914
6;маленькое;маленький;ADJ;_;Case=Nom|Degree=Pos|Gender=Neut|Number=Sing;_;_;_;Word#-text##-text#481.914#482.241
7;блюдо;блюдо;NOUN;_;Animacy=Inan|Case=Nom|Gender=Neut|Number=Sing;_;_;_;Word#-text##-text#482.241#482.568
8;кладут;класть;VERB;_;Aspect=Perf|Mood=Ind|Number=Plur|Person=3|Tense=Fut|VerbForm=Fin|Voice=Act;_;_;_;Word#-text##-text#482.568#482.895
9;на;на;ADP;_;_;_;_;_;Word#-text##-text#482.895#483.222
10;огромную;огромный;ADJ;_;Case=Acc|Degree=Pos|Gender=Fem|Number=Sing;_;_;_;Word#-text##-text#483.222#483.549
11;тарелку;тарелка;NOUN;_;Animacy=Inan|Case=Acc|Gender=Fem|Number=Sing;_;_;_;Word#-text##-text#483.549#483.879
12;?;?;PUNCT;_;_;_;_;_;Word#-text##-text#483.879#484.599
13;это;это;PRON;_;Animacy=Inan|Case=Nom|Gender=Neut|Number=Sing;_;_;_;Word#@ivlev1974#@ivlev1974#484.703#485.015
14;стёб;стёб;NOUN;_;Animacy=Inan|Case=Nom|Gender=Masc|Number=Sing;_;_;_;Word#@ivlev1974#@ivlev1974#485.015#485.327
15;/;/;PUNCT;_;_;_;_;_;Word#@ivlev1974#@ivlev1974#485.327#485.639
16;потому;потому;ADV;_;Degree=Pos;_;_;_;Word#@ivlev1974#@ivlev1974#485.639#485.951
17;что;что;ADV;_;Degree=Pos;_;_;_;Word#@ivlev1974#@ivlev1974#485.951#486.263
18;/;/;PUNCT;_;_;_;_;_;Word#@ivlev1974#@ivlev1974#486.263#486.575
19;знаешь;знать;VERB;_;Aspect=Imp|Mood=Ind|Number=Sing|Person=2|Tense=Pres|VerbForm=Fin|Voice=Act;_;_;_;Word#@ivlev1974#@ivlev1974#486.575#486.887
20;/;/;PUNCT;_;_;_;_;_;Word#@ivlev1974#@ivlev1974#486.887#487.199
21;я;я;PRON;_;Case=Nom|Number=Sing|Person=1;_;_;_;Word#@ivlev1974#@ivlev1974#487.199#487.511
22;недавно;недавно;ADV;_;Degree=Pos;_;_;_;Word#@ivlev1974#@ivlev1974#487.511#487.823
23;был;быть;AUX;_;Aspect=Imp|Gender=Masc|Mood=Ind|Number=Sing|Tense=Past|VerbForm=Fin|Voice=Act;_;_;_;Word#@ivlev1974#@ivlev1974#487.823#488.135
24;в;в;ADP;_;_;_;_;_;Word#@ivlev1974#@ivlev1974#488.135#488.447
25;/;/;PUNCT;_;_;_;_;_;Word#@ivlev1974#@ivlev1974#488.447#488.759
26;ээээээ;ээээээ;INTJ;_;_;_;_;_;Word#@ivlev1974#@ivlev1974#488.759#489.071
27;/;/;PUNCT;_;_;_;_;_;Word#@ivlev1974#@ivlev1974#489.071#489.383
28;в;в;ADP;_;_;_;_;_;Word#@ivlev1974#@ivlev1974#489.383#489.695
29;Питере;Питер;NOUN;_;Animacy=Inan|Case=Loc|Gender=Masc|Number=Sing;_;_;_;Word#@ivlev1974#@ivlev1974#489.695#490.007
30;и;и;CCONJ;_;_;_;_;_;Word#@ivlev1974#@ivlev1974#490.007#490.319
31;вот;вот;PART;_;_;_;_;_;Word#@ivlev1974#@ivlev1974#490.319#490.631
32;смотрел;смотреть;VERB;_;Aspect=Imp|Gender=Masc|Mood=Ind|Number=Sing|Tense=Past|VerbForm=Fin|Voice=Act;_;_;_;Word#@ivlev1974#@ivlev1974#490.631#490.943
33;я;я;PRON;_;Case=Nom|Number=Sing|Person=1;_;_;_;Word#@ivlev1974#@ivlev1974#490.943#491.255
34;на;на;ADP;_;_;_;_;_;Word#@ivlev1974#@ivlev1974#491.255#491.567
35;этого;этот;DET;_;Case=Acc|Gender=Masc|Number=Sing;_;_;_;Word#@ivlev1974#@ivlev1974#491.567#491.879
36;Малевича;Малевич;NOUN;_;Animacy=Anim|Case=Acc|Gender=Masc|Number=Sing;_;_;_;Word#@ivlev1974#@ivlev1974#491.879#492.191
37;и;и;CCONJ;_;_;_;_;_;Word#@ivlev1974#@ivlev1974#492.191#492.503
38;нихера;хер;NOUN;_;Animacy=Inan|Case=Acc|Gender=Masc|Number=Sing;_;_;_;Word#@ivlev1974#@ivlev1974#492.503#492.815
39;не;не;PART;_;_;_;_;_;Word#@ivlev1974#@ivlev1974#492.815#493.127
40;понял;понять;VERB;_;Aspect=Perf|Gender=Masc|Mood=Ind|Number=Sing|Tense=Past|VerbForm=Fin|Voice=Act;_;_;_;Word#@ivlev1974#@ivlev1974#493.127#493.439
41;/;/;PUNCT;_;_;_;_;_;Word#@ivlev1974#@ivlev1974#493.439#493.751
42;зачем;зачем;ADV;_;Degree=Pos;_;_;_;Word#@ivlev1974#@ivlev1974#493.751#494.063
43;чувак;чувак;NOUN;_;Animacy=Inan|Case=Nom|Gender=Masc|Number=Sing;_;_;_;Word#@ivlev1974#@ivlev1974#494.063#494.375
44;на;на;ADP;_;_;_;_;_;Word#@ivlev1974#@ivlev1974#494.375#494.687
45;большое;большой;ADJ;_;Case=Acc|Degree=Pos|Gender=Neut|Number=Sing;_;_;_;Word#@ivlev1974#@ivlev1974#494.687#494.999
46;полотно;полотно;NOUN;_;Animacy=Inan|Case=Acc|Gender=Neut|Number=Sing;_;_;_;Word#@ivlev1974#@ivlev1974#494.999#495.311
47;нанёс;нанести;VERB;_;Aspect=Perf|Gender=Masc|Mood=Ind|Number=Sing|Tense=Past|VerbForm=Fin|Voice=Act;_;_;_;Word#@ivlev1974#@ivlev1974#495.311#495.623
48;квадрат;квадрат;NOUN;_;Animacy=Inan|Case=Acc|Gender=Masc|Number=Sing;_;_;_;Word#@ivlev1974#@ivlev1974#495.623#495.935
49;/;/;PUNCT;_;_;_;_;_;Word#@ivlev1974#@ivlev1974#495.935#496.247
50;и;и;CCONJ;_;_;_;_;_;Word#@ivlev1974#@ivlev1974#496.247#496.559
51;все;все;PRON;_;Animacy=Inan|Case=Nom|Gender=Neut|Number=Sing;_;_;_;Word#@ivlev1974#@ivlev1974#496.559#496.871
52;по;по;ADP;_;_;_;_;_;Word#@ivlev1974#@ivlev1974#496.871#497.183
53;этому;это;PRON;_;Animacy=Inan|Case=Dat|Gender=Neut|Number=Sing;_;_;_;Word#@ivlev1974#@ivlev1974#497.183#497.495
54;сходят;сходить;VERB;_;Aspect=Imp|Mood=Ind|Number=Plur|Person=3|Tense=Pres|VerbForm=Fin|Voice=Act;_;_;_;Word#@ivlev1974#@ivlev1974#497.495#497.807
55;с;с;ADP;_;_;_;_;_;Word#@ivlev1974#@ivlev1974#497.807#498.119
56;ума;ум;NOUN;_;Animacy=Inan|Case=Gen|Gender=Masc|Number=Sing;_;_;_;Word#@ivlev1974#@ivlev1974#498.119#498.463
57;?;?;PUNCT;_;_;_;_;_;Word#@ivlev1974#@ivlev1974#498.463#498.783
58;/;/;PUNCT;_;_;_;_;_;Word#@ivlev1974#@ivlev1974#498.783#499.104
59;наверное;наверное;ADV;_;Degree=Pos;_;_;_;Word#@ivlev1974#@ivlev1974#499.104#499.425
60;мы;мы;PRON;_;Case=Nom|Number=Plur|Person=1;_;_;_;Word#@ivlev1974#@ivlev1974#499.425#499.746
61;вот;вот;PART;_;_;_;_;_;Word#@ivlev1974#@ivlev1974#499.746#500.067
62;такие;такой;DET;_;Case=Nom|Number=Plur;_;_;_;Word#@ivlev1974#@ivlev1974#500.067#500.388
63;же;же;PART;_;_;_;_;_;Word#@ivlev1974#@ivlev1974#500.388#500.709
64;/;/;PUNCT;_;_;_;_;_;Word#@ivlev1974#@ivlev1974#500.709#501.031
65;знаешь;знать;VERB;_;Aspect=Imp|Mood=Ind|Number=Sing|Person=2|Tense=Pres|VerbForm=Fin|Voice=Act;_;_;_;Word#@ivlev1974#@ivlev1974#501.359#501.663
66;/;/;PUNCT;_;_;_;_;_;Word#@ivlev1974#@ivlev1974#501.663#501.967
67;здесь;здесь;ADV;_;Degree=Pos;_;_;_;Word#@ivlev1974#@ivlev1974#501.967#502.271
68;/;/;PUNCT;_;_;_;_;_;Word#@ivlev1974#@ivlev1974#502.271#502.575
69;ээээээ;э;INTJ;_;_;_;_;_;Word#@ivlev1974#@ivlev1974#502.575#502.879
70;/;/;PUNCT;_;_;_;_;_;Word#@ivlev1974#@ivlev1974#502.879#503.183
71;это;это;PRON;_;Animacy=Inan|Case=Nom|Gender=Neut|Number=Sing;_;_;_;Word#@ivlev1974#@ivlev1974#503.183#503.487
72;французкий;французкий;ADJ;_;Case=Nom|Degree=Pos|Gender=Masc|Number=Sing;_;_;_;Word#@ivlev1974#@ivlev1974#503.487#503.791
73;стиль;стиль;NOUN;_;Animacy=Inan|Case=Nom|Gender=Masc|Number=Sing;_;_;_;Word#@ivlev1974#@ivlev1974#503.791#504.095
74;/;/;PUNCT;_;_;_;_;_;Word#@ivlev1974#@ivlev1974#504.095#504.399
75;в;в;ADP;_;_;_;_;_;Word#@ivlev1974#@ivlev1974#504.399#504.703
76;первую;первый;ADJ;_;Animacy=Inan|Case=Acc|Gender=Fem|Number=Sing;_;_;_;Word#@ivlev1974#@ivlev1974#504.703#505.007
77;очередь;очередь;NOUN;_;Animacy=Inan|Case=Acc|Gender=Fem|Number=Sing;_;_;_;Word#@ivlev1974#@ivlev1974#505.007#505.311
78;это;это;PRON;_;Animacy=Inan|Case=Nom|Gender=Neut|Number=Sing;_;_;_;Word#@ivlev1974#@ivlev1974#505.311#505.615
79;фрэнч;французский;ADJ;_;Case=Nom|Number=Sing;_;_;_;Word#@ivlev1974#@ivlev1974#505.615#505.919
80;дэкузин;x;NOUN;_;Animacy=Anim|Case=Gen|Gender=Masc|Number=Plur;_;_;_;Word#@ivlev1974#@ivlev1974#505.919#506.223
81;/;/;PUNCT;_;_;_;_;_;Word#@ivlev1974#@ivlev1974#506.223#506.527
82;да;да;INTJ;_;_;_;_;_;Word#@ivlev1974#@ivlev1974#506.527#506.831
83;то;то;PRON;_;Animacy=Inan|Case=Nom|Gender=Neut|Number=Sing;_;_;_;Word#@ivlev1974#@ivlev1974#506.831#507.135
84;есть;быть;VERB;_;Aspect=Imp|Mood=Ind|Number=Sing|Person=3|Tense=Pres|VerbForm=Fin|Voice=Act;_;_;_;Word#@ivlev1974#@ivlev1974#507.135#507.439
85;это;это;PRON;_;Animacy=Inan|Case=Nom|Gender=Neut|Number=Sing;_;_;_;Word#@ivlev1974#@ivlev1974#507.439#507.743
86;они;они;PRON;_;Case=Nom|Number=Plur|Person=3;_;_;_;Word#@ivlev1974#@ivlev1974#507.743#508.047
87;любители;любитель;NOUN;_;Animacy=Anim|Case=Nom|Gender=Masc|Number=Plur;_;_;_;Word#@ivlev1974#@ivlev1974#508.047#508.359
88;гострономических;гострономический;ADJ;_;Case=Gen|Degree=Pos|Number=Plur;_;_;_;Word#@ivlev1974#@ivlev1974#508.796#509.197
89;театров;театр;NOUN;_;Animacy=Inan|Case=Gen|Gender=Masc|Number=Plur;_;_;_;Word#@ivlev1974#@ivlev1974#509.197#509.598
90;/;/;PUNCT;_;_;_;_;_;Word#@ivlev1974#@ivlev1974#509.598#509.999
91;галаужинов;галаужин;NOUN;_;Animacy=Inan|Case=Gen|Gender=Masc|Number=Plur;_;_;_;Word#@ivlev1974#@ivlev1974#509.999#510.4
92;/;/;PUNCT;_;_;_;_;_;Word#@ivlev1974#@ivlev1974#510.4#510.801
93;большого;большой;ADJ;_;Case=Gen|Degree=Pos|Gender=Neut|Number=Sing;_;_;_;Word#@ivlev1974#@ivlev1974#510.801#511.202
94;количества;количество;NOUN;_;Animacy=Inan|Case=Gen|Gender=Neut|Number=Sing;_;_;_;Word#@ivlev1974#@ivlev1974#511.202#511.603
95;подачь;подача;NOUN;_;Animacy=Inan|Case=Gen|Gender=Fem|Number=Plur;_;_;_;Word#@ivlev1974#@ivlev1974#511.603#512.004
96;/;/;PUNCT;_;_;_;_;_;Word#@ivlev1974#@ivlev1974#512.004#512.405
97;поэтому;поэтому;ADV;_;Degree=Pos;_;_;_;Word#@ivlev1974#@ivlev1974#512.405#512.806
98;там;там;ADV;_;Degree=Pos;_;_;_;Word#@ivlev1974#@ivlev1974#512.806#513.207
99;чтобы;чтобы;SCONJ;_;Mood=Cnd;_;_;_;Word#@ivlev1974#@ivlev1974#513.207#513.608
100;не;не;PART;_;_;_;_;_;Word#@ivlev1974#@ivlev1974#513.608#514.009
101;переедалось;переедаться;VERB;_;Aspect=Imp|Gender=Neut|Mood=Ind|Number=Sing|Tense=Past|VerbForm=Fin|Voice=Pass;_;_;_;Word#@ivlev1974#@ivlev1974#514.009#514.41
102;/;/;PUNCT;_;_;_;_;_;Word#@ivlev1974#@ivlev1974#514.41#514.811
103;ии;и;CCONJ;_;Animacy=Inan|Case=Nom|Gender=Fem|Number=Plur;_;_;_;Word#@ivlev1974#@ivlev1974#514.811#515.212
104;/;/;PUNCT;_;_;_;_;_;Word#@ivlev1974#@ivlev1974#515.212#515.613
105;зачастую;зачастую;ADV;_;Degree=Pos;_;_;_;Word#@ivlev1974#@ivlev1974#515.613#516.014
106;мы;мы;PRON;_;Case=Nom|Number=Plur|Person=1;_;_;_;Word#@ivlev1974#@ivlev1974#516.014#516.415
107;иногда;иногда;ADV;_;Degree=Pos;_;_;_;Word#@ivlev1974#@ivlev1974#516.415#516.816
108;/;/;PUNCT;_;_;_;_;_;Word#@ivlev1974#@ivlev1974#516.816#517.217
109;либо;либо;CCONJ;_;_;_;_;_;Word#@ivlev1974#@ivlev1974#517.217#517.618
110;попуализируем;пупуляризировать;VERB;_;Aspect=Perf|Mood=Ind|Number=Plur|Person=1|Tense=Fut|VerbForm=Fin|Voice=Act;_;_;_;Word#@ivlev1974#@ivlev1974#517.618#518.019
111;пиарим;пиарить;VERB;_;Aspect=Imp|Mood=Ind|Number=Plur|Person=1|Tense=Pres|VerbForm=Fin|Voice=Act;_;_;_;Word#@ivlev1974#@ivlev1974#518.019#518.42
112;тарелку;тарелка;NOUN;_;Animacy=Inan|Case=Acc|Gender=Fem|Number=Sing;_;_;_;Word#@ivlev1974#@ivlev1974#518.42#518.843
113;показываем;показывать;VERB;_;Aspect=Imp|Mood=Ind|Number=Plur|Person=1|Tense=Pres|VerbForm=Fin|Voice=Act;_;_;_;Word#@ivlev1974#@ivlev1974#519.328#519.637
114;насколько;насколько;ADV;_;Degree=Pos;_;_;_;Word#@ivlev1974#@ivlev1974#519.637#519.946
115;мы;мы;PRON;_;Case=Nom|Number=Plur|Person=1;_;_;_;Word#@ivlev1974#@ivlev1974#519.946#520.255
116;крутыые;крутой;ADJ;_;Case=Nom|Degree=Pos|Number=Plur;_;_;_;Word#@ivlev1974#@ivlev1974#520.255#520.564
117;/;/;PUNCT;_;_;_;_;_;Word#@ivlev1974#@ivlev1974#520.564#520.873
118;либо;либо;CCONJ;_;_;_;_;_;Word#@ivlev1974#@ivlev1974#520.873#521.182
119;наоборот;наоборот;ADV;_;Degree=Pos;_;_;_;Word#@ivlev1974#@ivlev1974#521.182#521.491
120;мы;мы;PRON;_;Case=Nom|Number=Plur|Person=1;_;_;_;Word#@ivlev1974#@ivlev1974#521.491#521.8
121;хотим;хотеть;VERB;_;Aspect=Imp|Mood=Ind|Number=Plur|Person=1|Tense=Pres|VerbForm=Fin|Voice=Act;_;_;_;Word#@ivlev1974#@ivlev1974#521.8#522.109
122;/;/;PUNCT;_;_;_;_;_;Word#@ivlev1974#@ivlev1974#522.109#522.418
123;эээ;э;INTJ;_;_;_;_;_;Word#@ivlev1974#@ivlev1974#522.418#522.727
124;/;/;PUNCT;_;_;_;_;_;Word#@ivlev1974#@ivlev1974#522.727#523.036
125;наэээ;наэээ;INTJ;_;_;_;_;_;Word#@ivlev1974#@ivlev1974#523.036#523.345
126;/;/;PUNCT;_;_;_;_;_;Word#@ivlev1974#@ivlev1974#523.345#523.654
127;на;на;ADP;_;_;_;_;_;Word#@ivlev1974#@ivlev1974#523.654#523.963
128;первый;первый;ADJ;_;Animacy=Inan|Case=Acc|Degree=Pos|Gender=Masc|Number=Sing;_;_;_;Word#@ivlev1974#@ivlev1974#523.963#524.272
129;план;план;NOUN;_;Animacy=Inan|Case=Acc|Gender=Masc|Number=Sing;_;_;_;Word#@ivlev1974#@ivlev1974#524.272#524.581
130;/;/;PUNCT;_;_;_;_;_;Word#@ivlev1974#@ivlev1974#524.581#524.89
131;да;да;INTJ;_;_;_;_;_;Word#@ivlev1974#@ivlev1974#524.89#525.199
132;то;то;PRON;_;Animacy=Inan|Case=Nom|Gender=Neut|Number=Sing;_;_;_;Word#@ivlev1974#@ivlev1974#525.199#525.508
133;есть;быть;VERB;_;Aspect=Imp|Mood=Ind|Number=Sing|Person=3|Tense=Pres|VerbForm=Fin|Voice=Act;_;_;_;Word#@ivlev1974#@ivlev1974#525.508#525.817
134;/;/;PUNCT;_;_;_;_;_;Word#@ivlev1974#@ivlev1974#525.817#526.126
135;вывести;вывести;VERB;_;Aspect=Perf|VerbForm=Inf|Voice=Act;_;_;_;Word#@ivlev1974#@ivlev1974#526.126#526.435
136;/;/;PUNCT;_;_;_;_;_;Word#@ivlev1974#@ivlev1974#526.435#526.744
137;соответственно;соответственно;ADV;_;Degree=Pos;_;_;_;Word#@ivlev1974#@ivlev1974#526.744#527.053
138;/;/;PUNCT;_;_;_;_;_;Word#@ivlev1974#@ivlev1974#527.053#527.362
139;продукт;продукт;NOUN;_;Animacy=Inan|Case=Acc|Gender=Masc|Number=Sing;_;_;_;Word#@ivlev1974#@ivlev1974#527.362#527.687
140;пусть;пусть;ADV;_;Degree=Pos;_;_;_;Word#@ivlev1974#@ivlev1974#528.031#528.371
141;его;он;PRON;_;Case=Acc|Gender=Masc|Number=Sing|Person=3;_;_;_;Word#@ivlev1974#@ivlev1974#528.371#528.711
142;немного;немного;ADV;_;Degree=Pos;_;_;_;Word#@ivlev1974#@ivlev1974#528.711#529.051
143;/;/;PUNCT;_;_;_;_;_;Word#@ivlev1974#@ivlev1974#529.051#529.391
144;но;но;CCONJ;_;_;_;_;_;Word#@ivlev1974#@ivlev1974#529.391#529.731
145;это;это;PRON;_;Animacy=Inan|Case=Nom|Gender=Neut|Number=Sing;_;_;_;Word#@ivlev1974#@ivlev1974#529.731#530.071
146;/;/;PUNCT;_;_;_;_;_;Word#@ivlev1974#@ivlev1974#530.071#530.411
147;жирдяйство;жирдяйство;NOUN;_;Animacy=Inan|Case=Acc|Gender=Neut|Number=Sing;_;_;_;Word#@ivlev1974#@ivlev1974#530.411#530.751
148;/;/;PUNCT;_;_;_;_;_;Word#@ivlev1974#@ivlev1974#530.751#531.093
149;знаешь;знать;VERB;_;Aspect=Imp|Mood=Ind|Number=Sing|Person=2|Tense=Pres|VerbForm=Fin|Voice=Act;_;_;_;Word#@ivlev1974#@ivlev1974#531.234#531.528
150;/;/;PUNCT;_;_;_;_;_;Word#@ivlev1974#@ivlev1974#531.528#531.822
151;в;в;ADP;_;_;_;_;_;Word#@ivlev1974#@ivlev1974#531.822#532.116
152;Германии;Германия;NOUN;_;Animacy=Inan|Case=Loc|Gender=Fem|Number=Sing;_;_;_;Word#@ivlev1974#@ivlev1974#532.116#532.41
153;есть;быть;VERB;_;Aspect=Imp|Mood=Ind|Number=Sing|Person=3|Tense=Pres|VerbForm=Fin|Voice=Act;_;_;_;Word#@ivlev1974#@ivlev1974#532.41#532.704
154;один;один;NUM;_;Case=Nom|Gender=Masc;_;_;_;Word#@ivlev1974#@ivlev1974#532.704#532.998
155;ресторан;ресторан;NOUN;_;Animacy=Inan|Case=Nom|Gender=Masc|Number=Sing;_;_;_;Word#@ivlev1974#@ivlev1974#532.998#533.296
156;у;у;ADP;_;_;_;_;_;Word#@ivlev1974#@ivlev1974#534.125#534.371
157;шефа;шеф;NOUN;_;Animacy=Anim|Case=Gen|Gender=Masc|Number=Sing;_;_;_;Word#@ivlev1974#@ivlev1974#534.371#534.617
158;несколько;несколько;NUM;_;Animacy=Inan|Case=Acc;_;_;_;Word#@ivlev1974#@ivlev1974#534.617#534.863
159;звёзд;звёзд;NOUN;_;Animacy=Inan|Case=Gen|Gender=Fem|Number=Plur;_;_;_;Word#@ivlev1974#@ivlev1974#534.863#535.109
160;Мешлен;Мешлен;PROPN;_;Foreign=Yes;_;_;_;Word#@ivlev1974#@ivlev1974#535.109#535.355
161;/;/;PUNCT;_;_;_;_;_;Word#@ivlev1974#@ivlev1974#535.355#535.601
162;его;его;DET;_;_;_;_;_;Word#@ivlev1974#@ivlev1974#535.601#535.847
163;философия;философия;NOUN;_;Animacy=Inan|Case=Nom|Gender=Fem|Number=Sing;_;_;_;Word#@ivlev1974#@ivlev1974#535.847#536.093
164;заключается;заключаться;VERB;_;Aspect=Imp|Mood=Ind|Number=Sing|Person=3|Tense=Pres|VerbForm=Fin|Voice=Mid;_;_;_;Word#@ivlev1974#@ivlev1974#536.093#536.339
165;в;в;ADP;_;_;_;_;_;Word#@ivlev1974#@ivlev1974#536.339#536.585
166;том;то;PRON;_;Animacy=Inan|Case=Loc|Gender=Neut|Number=Sing;_;_;_;Word#@ivlev1974#@ivlev1974#536.585#536.831
167;/;/;PUNCT;_;_;_;_;_;Word#@ivlev1974#@ivlev1974#536.831#537.077
168;что;что;SCONJ;_;_;_;_;_;Word#@ivlev1974#@ivlev1974#537.077#537.323
169;он;он;PRON;_;Case=Nom|Gender=Masc|Number=Sing|Person=3;_;_;_;Word#@ivlev1974#@ivlev1974#537.323#537.569
170;говорит;говорить;VERB;_;Aspect=Imp|Mood=Ind|Number=Sing|Person=3|Tense=Pres|VerbForm=Fin|Voice=Act;_;_;_;Word#@ivlev1974#@ivlev1974#537.569#537.815
171;что;что;PRON;_;Case=Acc;_;_;_;Word#@ivlev1974#@ivlev1974#537.815#538.061
172;/;/;PUNCT;_;_;_;_;_;Word#@ivlev1974#@ivlev1974#538.061#538.307
173;мы;мы;PRON;_;Case=Nom|Number=Plur|Person=1;_;_;_;Word#@ivlev1974#@ivlev1974#538.307#538.553
174;люди;человек;NOUN;_;Animacy=Anim|Case=Nom|Gender=Masc|Number=Plur;_;_;_;Word#@ivlev1974#@ivlev1974#538.553#538.799
175;/;/;PUNCT;_;_;_;_;_;Word#@ivlev1974#@ivlev1974#538.799#539.045
176;кайф;кайф;NOUN;_;Animacy=Inan|Case=Nom|Gender=Masc|Number=Sing;_;_;_;Word#@ivlev1974#@ivlev1974#539.045#539.291
177;получаем;получать;VERB;_;Aspect=Imp|Mood=Ind|Number=Plur|Person=1|Tense=Pres|VerbForm=Fin|Voice=Act;_;_;_;Word#@ivlev1974#@ivlev1974#539.291#539.537
178;от;от;ADP;_;_;_;_;_;Word#@ivlev1974#@ivlev1974#539.537#539.783
179;первых;первый;ADJ;_;Case=Gen|Degree=Pos|Number=Plur;_;_;_;Word#@ivlev1974#@ivlev1974#539.783#540.029
180;двух;два;NUM;_;Case=Gen;_;_;_;Word#@ivlev1974#@ivlev1974#540.029#540.275
181;/;/;PUNCT;_;_;_;_;_;Word#@ivlev1974#@ivlev1974#540.275#540.521
182;трёх;три;NUM;_;Case=Gen;_;_;_;Word#@ivlev1974#@ivlev1974#540.521#540.767
183;ложек;ложка;NOUN;_;Animacy=Inan|Case=Gen|Gender=Fem|Number=Plur;_;_;_;Word#@ivlev1974#@ivlev1974#540.767#541.013
184;вилок;вилка;NOUN;_;Animacy=Inan|Case=Gen|Gender=Fem|Number=Plur;_;_;_;Word#@ivlev1974#@ivlev1974#541.013#541.259
185;/;/;PUNCT;_;_;_;_;_;Word#@ivlev1974#@ivlev1974#541.259#541.505
186;потом;потом;ADV;_;Degree=Pos;_;_;_;Word#@ivlev1974#@ivlev1974#541.505#541.751
187;уже;уже;ADV;_;Degree=Pos;_;_;_;Word#@ivlev1974#@ivlev1974#541.751#541.997
188;всё;все;DET;_;Case=Acc|Gender=Neut|Number=Sing;_;_;_;Word#@ivlev1974#@ivlev1974#541.997#542.243
189;/;/;PUNCT;_;_;_;_;_;Word#@ivlev1974#@ivlev1974#542.243#542.489
190;пресыщение;пресыщение;NOUN;_;Animacy=Inan|Case=Acc|Gender=Neut|Number=Sing;_;_;_;Word#@ivlev1974#@ivlev1974#542.489#542.735
191;/;/;PUNCT;_;_;_;_;_;Word#@ivlev1974#@ivlev1974#542.735#542.981
192;это;это;PRON;_;Animacy=Inan|Case=Nom|Gender=Neut|Number=Sing;_;_;_;Word#@ivlev1974#@ivlev1974#542.981#543.227
193;как;как;SCONJ;_;_;_;_;_;Word#@ivlev1974#@ivlev1974#543.227#543.473
194;любовь;любовь;NOUN;_;Animacy=Inan|Case=Nom|Gender=Fem|Number=Sing;_;_;_;Word#@ivlev1974#@ivlev1974#543.473#543.719
195;/;/;PUNCT;_;_;_;_;_;Word#@ivlev1974#@ivlev1974#543.719#543.965
196;да;да;INTJ;_;_;_;_;_;Word#@ivlev1974#@ivlev1974#543.965#544.211
197;то;то;PRON;_;Animacy=Inan|Case=Nom|Gender=Neut|Number=Sing;_;_;_;Word#@ivlev1974#@ivlev1974#544.211#544.457
198;есть;быть;VERB;_;Aspect=Imp|Mood=Ind|Number=Sing|Person=3|Tense=Pres|VerbForm=Fin|Voice=Act;_;_;_;Word#@ivlev1974#@ivlev1974#544.457#544.703
199;/;/;PUNCT;_;_;_;_;_;Word#@ivlev1974#@ivlev1974#544.703#544.949
200;то;то;PRON;_;Animacy=Inan|Case=Nom|Gender=Neut|Number=Sing;_;_;_;Word#@ivlev1974#@ivlev1974#544.949#545.195
201;есть;быть;VERB;_;Aspect=Imp|Mood=Ind|Number=Sing|Person=3|Tense=Pres|VerbForm=Fin|Voice=Act;_;_;_;Word#@ivlev1974#@ivlev1974#545.195#545.441
202;ты;ты;PRON;_;Case=Nom|Number=Sing|Person=2;_;_;_;Word#@ivlev1974#@ivlev1974#545.441#545.687
203;любишь;любить;VERB;_;Aspect=Imp|Mood=Ind|Number=Sing|Person=2|Tense=Pres|VerbForm=Fin|Voice=Act;_;_;_;Word#@ivlev1974#@ivlev1974#545.687#545.933
204;у;у;ADP;_;_;_;_;_;Word#@ivlev1974#@ivlev1974#545.933#546.179
205;тебя;ты;PRON;_;Case=Gen|Number=Sing|Person=2;_;_;_;Word#@ivlev1974#@ivlev1974#546.179#546.425
206;первая;первый;ADJ;_;Case=Nom|Degree=Pos|Gender=Fem|Number=Sing;_;_;_;Word#@ivlev1974#@ivlev1974#546.425#546.671
207;неделя;неделя;NOUN;_;Animacy=Inan|Case=Nom|Gender=Fem|Number=Sing;_;_;_;Word#@ivlev1974#@ivlev1974#546.671#546.917
208;эйфория;эйфория;NOUN;_;Animacy=Inan|Case=Gen|Gender=Fem|Number=Sing;_;_;_;Word#@ivlev1974#@ivlev1974#546.917#547.163
209;/;/;PUNCT;_;_;_;_;_;Word#@ivlev1974#@ivlev1974#547.163#547.409
210;ты;ты;PRON;_;Case=Nom|Number=Sing|Person=2;_;_;_;Word#@ivlev1974#@ivlev1974#547.409#547.655
211;никого;никто;PRON;_;Case=Gen;_;_;_;Word#@ivlev1974#@ivlev1974#547.655#547.901
212;не;не;PART;_;_;_;_;_;Word#@ivlev1974#@ivlev1974#547.901#548.147
213;слушаешь;слушать;VERB;_;Aspect=Imp|Mood=Ind|Number=Sing|Person=2|Tense=Pres|VerbForm=Fin|Voice=Act;_;_;_;Word#@ivlev1974#@ivlev1974#548.147#548.393
214;/;/;PUNCT;_;_;_;_;_;Word#@ivlev1974#@ivlev1974#548.393#548.639
215;ты;ты;PRON;_;Case=Nom|Number=Sing|Person=2;_;_;_;Word#@ivlev1974#@ivlev1974#548.639#548.885
216;проникаешься;проникаешься;VERB;_;Aspect=Imp|Mood=Ind|Number=Sing|Person=2|Tense=Pres|VerbForm=Fin|Voice=Mid;_;_;_;Word#@ivlev1974#@ivlev1974#548.885#549.131
217;/;/;PUNCT;_;_;_;_;_;Word#@ivlev1974#@ivlev1974#549.131#549.377
218;а;а;CCONJ;_;_;_;_;_;Word#@ivlev1974#@ivlev1974#549.377#549.623
219;потом;потом;ADV;_;Degree=Pos;_;_;_;Word#@ivlev1974#@ivlev1974#549.623#549.869
220;пипец;пипец;NOUN;_;Animacy=Anim|Case=Nom|Gender=Masc|Number=Sing;_;_;_;Word#@ivlev1974#@ivlev1974#549.869#550.115
221;/;/;PUNCT;_;_;_;_;_;Word#@ivlev1974#@ivlev1974#550.115#550.361
222;пошла;пойти;VERB;_;Aspect=Perf|Gender=Fem|Mood=Ind|Number=Sing|Tense=Past|VerbForm=Fin|Voice=Act;_;_;_;Word#@ivlev1974#@ivlev1974#550.361#550.607
223;/;/;PUNCT;_;_;_;_;_;Word#@ivlev1974#@ivlev1974#550.607#550.853
224;где;где;ADV;_;Degree=Pos;_;_;_;Word#@ivlev1974#@ivlev1974#550.853#551.099
225;мои;мой;DET;_;Case=Acc|Number=Plur;_;_;_;Word#@ivlev1974#@ivlev1974#551.099#551.345
226;носки;носок;NOUN;_;Animacy=Inan|Case=Acc|Gender=Masc|Number=Plur;_;_;_;Word#@ivlev1974#@ivlev1974#551.345#551.625
227;?;?;PUNCT;_;_;_;_;_;Word#@ivlev1974#@ivlev1974#551.625#551.875
228;/;/;PUNCT;_;_;_;_;_;Word#@ivlev1974#@ivlev1974#551.875#552.125
229;мляэть;X;NOUN;_;_;_;_;_;Word#@ivlev1974#@ivlev1974#552.125#552.375
230;/;/;PUNCT;_;_;_;_;_;Word#@ivlev1974#@ivlev1974#552.375#552.625
231;стирать;стирать;VERB;_;Aspect=Imp|VerbForm=Inf|Voice=Act;_;_;_;Word#@ivlev1974#@ivlev1974#552.625#552.875
232;/;/;PUNCT;_;_;_;_;_;Word#@ivlev1974#@ivlev1974#552.875#553.125
233;туда;туда;ADV;_;Degree=Pos;_;_;_;Word#@ivlev1974#@ivlev1974#553.125#553.375
234;сюда;сюда;ADV;_;Degree=Pos;_;_;_;Word#@ivlev1974#@ivlev1974#553.375#553.625
235;/;/;PUNCT;_;_;_;_;_;Word#@ivlev1974#@ivlev1974#553.625#553.875
236;то;то;PRON;_;Animacy=Inan|Case=Nom|Gender=Neut|Number=Sing;_;_;_;Word#@ivlev1974#@ivlev1974#553.875#554.125
237;есть;быть;VERB;_;Aspect=Imp|Mood=Ind|Number=Sing|Person=3|Tense=Pres|VerbForm=Fin|Voice=Act;_;_;_;Word#@ivlev1974#@ivlev1974#554.125#554.375
238;/;/;PUNCT;_;_;_;_;_;Word#@ivlev1974#@ivlev1974#554.375#554.625
239;вот;вот;PART;_;_;_;_;_;Word#@ivlev1974#@ivlev1974#554.625#554.875
240;еда;еда;NOUN;_;Animacy=Inan|Case=Nom|Gender=Fem|Number=Sing;_;_;_;Word#@ivlev1974#@ivlev1974#554.875#555.125
241;то;то;DET;_;Case=Acc|Gender=Neut|Number=Sing;_;_;_;Word#@ivlev1974#@ivlev1974#555.125#555.375
242;же;же;PART;_;_;_;_;_;Word#@ivlev1974#@ivlev1974#555.375#555.625
243;самое;самый;ADJ;_;Case=Acc|Degree=Pos|Gender=Neut|Number=Sing;_;_;_;Word#@ivlev1974#@ivlev1974#555.625#555.875
244;/;/;PUNCT;_;_;_;_;_;Word#@ivlev1974#@ivlev1974#555.875#556.125
245;так;так;ADV;_;Degree=Pos;_;_;_;Word#@ivlev1974#@ivlev1974#556.125#556.375
246;вот;вот;PART;_;_;_;_;_;Word#@ivlev1974#@ivlev1974#556.375#556.625
247;у;у;ADP;_;_;_;_;_;Word#@ivlev1974#@ivlev1974#556.625#556.875
248;неё;она;PRON;_;Case=Gen|Gender=Fem|Number=Sing|Person=3;_;_;_;Word#@ivlev1974#@ivlev1974#556.875#557.125
249;еда;еда;NOUN;_;Animacy=Inan|Case=Nom|Gender=Fem|Number=Sing;_;_;_;Word#@ivlev1974#@ivlev1974#557.125#557.375
250;вся;весь;DET;_;Case=Nom|Gender=Fem|Number=Sing;_;_;_;Word#@ivlev1974#@ivlev1974#557.375#557.625
251;базируется;базироваться;VERB;_;Aspect=Imp|Mood=Ind|Number=Sing|Person=3|Tense=Pres|VerbForm=Fin|Voice=Mid;_;_;_;Word#@ivlev1974#@ivlev1974#557.625#557.875
252;на;на;ADP;_;_;_;_;_;Word#@ivlev1974#@ivlev1974#557.875#558.125
253;этой;этот;DET;_;Case=Loc|Gender=Fem|Number=Sing;_;_;_;Word#@ivlev1974#@ivlev1974#558.125#558.375
254;истории;история;NOUN;_;Animacy=Inan|Case=Loc|Gender=Fem|Number=Sing;_;_;_;Word#@ivlev1974#@ivlev1974#558.375#558.625
255;/;/;PUNCT;_;_;_;_;_;Word#@ivlev1974#@ivlev1974#558.625#558.875
256;у;у;ADP;_;_;_;_;_;Word#@ivlev1974#@ivlev1974#558.875#559.125
257;неё;она;PRON;_;Case=Gen|Gender=Fem|Number=Sing|Person=3;_;_;_;Word#@ivlev1974#@ivlev1974#559.125#559.375
258;вся;весь;DET;_;Case=Nom|Gender=Fem|Number=Sing;_;_;_;Word#@ivlev1974#@ivlev1974#559.375#559.625
259;маленькая;маленький;ADJ;_;Case=Nom|Degree=Pos|Gender=Fem|Number=Sing;_;_;_;Word#@ivlev1974#@ivlev1974#559.625#559.875
260;еда;еда;NOUN;_;Animacy=Inan|Case=Nom|Gender=Fem|Number=Sing;_;_;_;Word#@ivlev1974#@ivlev1974#559.875#560.125
261;/;/;PUNCT;_;_;_;_;_;Word#@ivlev1974#@ivlev1974#560.125#560.375
262;то;то;PRON;_;Animacy=Inan|Case=Nom|Gender=Neut|Number=Sing;_;_;_;Word#@ivlev1974#@ivlev1974#560.375#560.625
263;есть;быть;VERB;_;Aspect=Imp|Mood=Ind|Number=Sing|Person=3|Tense=Pres|VerbForm=Fin|Voice=Act;_;_;_;Word#@ivlev1974#@ivlev1974#560.625#560.875
264;до;до;ADP;_;_;_;_;_;Word#@ivlev1974#@ivlev1974#560.875#561.125
265;сих;сей;DET;_;Case=Gen|Number=Plur;_;_;_;Word#@ivlev1974#@ivlev1974#561.125#561.375
266;пор;пора;NOUN;_;Animacy=Inan|Case=Gen|Gender=Fem|Number=Plur;_;_;_;Word#@ivlev1974#@ivlev1974#561.375#561.625
267;/;/;PUNCT;_;_;_;_;_;Word#@ivlev1974#@ivlev1974#561.625#561.89
268;в;в;ADP;_;_;_;_;_;Word#@ivlev1974#@ivlev1974#562.14#562.398
269;России;Россия;NOUN;_;Animacy=Inan|Case=Loc|Gender=Fem|Number=Sing;_;_;_;Word#@ivlev1974#@ivlev1974#562.398#562.656
270;/;/;PUNCT;_;_;_;_;_;Word#@ivlev1974#@ivlev1974#562.656#562.914
271;к;к;ADP;_;_;_;_;_;Word#@ivlev1974#@ivlev1974#562.914#563.172
272;сожалению;сожаление;NOUN;_;Animacy=Inan|Case=Dat|Gender=Neut|Number=Sing;_;_;_;Word#@ivlev1974#@ivlev1974#563.172#563.43
273;/;/;PUNCT;_;_;_;_;_;Word#@ivlev1974#@ivlev1974#563.43#563.688
274;французкая;французкий;ADJ;_;Case=Nom|Degree=Pos|Gender=Fem|Number=Sing;_;_;_;Word#@ivlev1974#@ivlev1974#563.688#563.946
275;кухня;кухня;NOUN;_;Animacy=Inan|Case=Nom|Gender=Fem|Number=Sing;_;_;_;Word#@ivlev1974#@ivlev1974#563.946#564.204
276;не;не;PART;_;_;_;_;_;Word#@ivlev1974#@ivlev1974#564.204#564.462
277;прижилась;жить;VERB;_;Aspect=Perf|Gender=Fem|Mood=Ind|Number=Sing|Tense=Past|VerbForm=Fin|Voice=Mid;_;_;_;Word#@ivlev1974#@ivlev1974#564.462#564.72
278;именно;именно;PART;_;_;_;_;_;Word#@ivlev1974#@ivlev1974#564.72#564.978
279;поэтому;поэтому;ADV;_;Degree=Pos;_;_;_;Word#@ivlev1974#@ivlev1974#564.978#565.236
280;/;/;PUNCT;_;_;_;_;_;Word#@ivlev1974#@ivlev1974#565.236#565.494
281;все;все;PRON;_;Animacy=Anim|Case=Nom|Number=Plur;_;_;_;Word#@ivlev1974#@ivlev1974#565.494#565.752
282;считали;считать;VERB;_;Aspect=Imp|Mood=Ind|Number=Plur|Tense=Past|VerbForm=Fin|Voice=Act;_;_;_;Word#@ivlev1974#@ivlev1974#565.752#566.01
283;о;о;ADP;_;_;_;_;_;Word#@ivlev1974#@ivlev1974#566.01#566.268
284;том;то;PRON;_;Animacy=Inan|Case=Loc|Gender=Neut|Number=Sing;_;_;_;Word#@ivlev1974#@ivlev1974#566.268#566.526
285;/;/;PUNCT;_;_;_;_;_;Word#@ivlev1974#@ivlev1974#566.526#566.784
286;что;что;SCONJ;_;_;_;_;_;Word#@ivlev1974#@ivlev1974#566.784#567.042
287;за;за;ADP;_;_;_;_;_;Word#@ivlev1974#@ivlev1974#567.042#567.3
288;/;/;PUNCT;_;_;_;_;_;Word#@ivlev1974#@ivlev1974#567.3#567.558
289;писюнчитая;писюнчитый;ADJ;_;Case=Nom|Degree=Pos|Gender=Fem|Number=Sing;_;_;_;Word#@ivlev1974#@ivlev1974#567.558#567.816
290;история;история;NOUN;_;Animacy=Inan|Case=Nom|Gender=Fem|Number=Sing;_;_;_;Word#@ivlev1974#@ivlev1974#567.816#568.074
291;/;/;PUNCT;_;_;_;_;_;Word#@ivlev1974#@ivlev1974#568.074#568.332
292;да;да;INTJ;_;_;_;_;_;Word#@ivlev1974#@ivlev1974#568.332#568.59
293;то;то;PRON;_;Animacy=Inan|Case=Nom|Gender=Neut|Number=Sing;_;_;_;Word#@ivlev1974#@ivlev1974#568.59#568.848
294;есть;быть;VERB;_;Aspect=Imp|Mood=Ind|Number=Sing|Person=3|Tense=Pres|VerbForm=Fin|Voice=Act;_;_;_;Word#@ivlev1974#@ivlev1974#568.848#569.106
295;/;/;PUNCT;_;_;_;_;_;Word#@ivlev1974#@ivlev1974#569.106#569.364
296;лежит;лежать;VERB;_;Aspect=Imp|Mood=Ind|Number=Sing|Person=3|Tense=Pres|VerbForm=Fin|Voice=Act;_;_;_;Word#@ivlev1974#@ivlev1974#569.364#569.622
297;на;на;ADP;_;_;_;_;_;Word#@ivlev1974#@ivlev1974#569.622#569.88
298;тарелке;тарелка;NOUN;_;Animacy=Inan|Case=Loc|Gender=Fem|Number=Sing;_;_;_;Word#@ivlev1974#@ivlev1974#569.88#570.14
299;а;а;CCONJ;_;_;_;_;_;Word#@ivlev1974#@ivlev1974#570.562#570.755
300;это;это;PRON;_;Animacy=Inan|Case=Nom|Gender=Neut|Number=Sing;_;_;_;Word#@ivlev1974#@ivlev1974#570.755#570.948
301;/;/;PUNCT;_;_;_;_;_;Word#@ivlev1974#@ivlev1974#570.948#571.141
302;на;на;ADP;_;_;_;_;_;Word#@ivlev1974#@ivlev1974#571.141#571.334
303;самом;самый;ADJ;_;Case=Loc|Degree=Pos|Gender=Neut|Number=Sing;_;_;_;Word#@ivlev1974#@ivlev1974#571.334#571.527
304;деле;дело;NOUN;_;Animacy=Inan|Case=Loc|Gender=Neut|Number=Sing;_;_;_;Word#@ivlev1974#@ivlev1974#571.527#571.72
305;/;/;PUNCT;_;_;_;_;_;Word#@ivlev1974#@ivlev1974#571.72#571.913
306;не;не;PART;_;_;_;_;_;Word#@ivlev1974#@ivlev1974#571.913#572.106
307;писюнчитая;писюнчитый;VERB;_;Aspect=Imp|Tense=Pres|VerbForm=Conv|Voice=Act;_;_;_;Word#@ivlev1974#@ivlev1974#572.106#572.299
308;/;/;PUNCT;_;_;_;_;_;Word#@ivlev1974#@ivlev1974#572.299#572.492
309;это;это;PRON;_;Animacy=Inan|Case=Acc|Gender=Neut|Number=Sing;_;_;_;Word#@ivlev1974#@ivlev1974#572.492#572.687
310;творчество;творчество;NOUN;_;Animacy=Inan|Case=Nom|Gender=Neut|Number=Sing;_;_;_;Word#@ivlev1974#@ivlev1974#573.109#573.906
311;молекулярной;молекулярный;ADJ;_;Case=Gen|Degree=Pos|Gender=Fem|Number=Sing;_;_;_;Word#@ivlev1974#@ivlev1974#579.187#579.565
312;кухни;кухня;NOUN;_;Animacy=Inan|Case=Gen|Gender=Fem|Number=Sing;_;_;_;Word#@ivlev1974#@ivlev1974#579.565#579.943
313;прикол;прикол;VERB;_;Aspect=Imp|Gender=Masc|Mood=Ind|Number=Sing|Tense=Past|VerbForm=Fin|Voice=Act;_;_;_;Word#@ivlev1974#@ivlev1974#579.943#580.321
314;в;в;ADP;_;_;_;_;_;Word#@ivlev1974#@ivlev1974#580.321#580.699
315;том;то;PRON;_;Animacy=Inan|Case=Loc|Gender=Neut|Number=Sing;_;_;_;Word#@ivlev1974#@ivlev1974#580.699#581.077
316;что;что;SCONJ;_;_;_;_;_;Word#@ivlev1974#@ivlev1974#581.077#581.455
317;это;это;PRON;_;Animacy=Inan|Case=Nom|Gender=Neut|Number=Sing;_;_;_;Word#@ivlev1974#@ivlev1974#581.455#581.833
318;/;/;PUNCT;_;_;_;_;_;Word#@ivlev1974#@ivlev1974#581.833#582.211
319;ээ;ээ;INTJ;_;_;_;_;_;Word#@ivlev1974#@ivlev1974#582.211#582.589
320;/;/;PUNCT;_;_;_;_;_;Word#@ivlev1974#@ivlev1974#582.589#582.967
321;показывает;показывать;VERB;_;Aspect=Imp|Mood=Ind|Number=Sing|Person=3|Tense=Pres|VerbForm=Fin|Voice=Act;_;_;_;Word#@ivlev1974#@ivlev1974#582.967#583.345
322;всем;все;PRON;_;Animacy=Anim|Case=Dat|Number=Plur;_;_;_;Word#@ivlev1974#@ivlev1974#583.345#583.723
323;/;/;PUNCT;_;_;_;_;_;Word#@ivlev1974#@ivlev1974#583.723#584.101
324;что;что;PRON;_;Case=Nom;_;_;_;Word#@ivlev1974#@ivlev1974#584.101#584.479
325;развивается;развиваться;VERB;_;Aspect=Imp|Mood=Ind|Number=Sing|Person=3|Tense=Pres|VerbForm=Fin|Voice=Mid;_;_;_;Word#@ivlev1974#@ivlev1974#584.479#584.857
326;не;не;PART;_;_;_;_;_;Word#@ivlev1974#@ivlev1974#584.857#585.235
327;токо;только;ADV;_;Degree=Pos;_;_;_;Word#@ivlev1974#@ivlev1974#585.235#585.613
328;/;/;PUNCT;_;_;_;_;_;Word#@ivlev1974#@ivlev1974#585.613#585.991
329;эээээээ;эээээээ;INTJ;_;_;_;_;_;Word#@ivlev1974#@ivlev1974#585.991#586.369
330;/;/;PUNCT;_;_;_;_;_;Word#@ivlev1974#@ivlev1974#586.369#586.747
331;ракеты;ракета;NOUN;_;Animacy=Inan|Case=Nom|Gender=Masc|Number=Plur;_;_;_;Word#@ivlev1974#@ivlev1974#586.747#587.125
332;не;не;PART;_;_;_;_;_;Word#@ivlev1974#@ivlev1974#587.812#588.097
333;только;только;PART;_;_;_;_;_;Word#@ivlev1974#@ivlev1974#588.097#588.382
334;спорт;спорт;NOUN;_;Animacy=Inan|Case=Nom|Gender=Masc|Number=Sing;_;_;_;Word#@ivlev1974#@ivlev1974#588.382#588.667
335;/;/;PUNCT;_;_;_;_;_;Word#@ivlev1974#@ivlev1974#588.667#588.952
336;ну;ну;PART;_;_;_;_;_;Word#@ivlev1974#@ivlev1974#588.952#589.237
337;и;и;CCONJ;_;_;_;_;_;Word#@ivlev1974#@ivlev1974#589.237#589.522
338;кулинария;кулинария;NOUN;_;Animacy=Inan|Case=Nom|Gender=Fem|Number=Sing;_;_;_;Word#@ivlev1974#@ivlev1974#589.522#589.807
339;в;в;ADP;_;_;_;_;_;Word#@ivlev1974#@ivlev1974#589.807#590.092
340;том;тот;DET;_;Case=Loc|Gender=Neut|Number=Sing;_;_;_;Word#@ivlev1974#@ivlev1974#590.092#590.377
341;числе;число;NOUN;_;Animacy=Inan|Case=Loc|Gender=Neut|Number=Sing;_;_;_;Word#@ivlev1974#@ivlev1974#590.377#590.662
342;/;/;PUNCT;_;_;_;_;_;Word#@ivlev1974#@ivlev1974#590.662#590.947
343;да;да;INTJ;_;_;_;_;_;Word#@ivlev1974#@ivlev1974#590.947#591.232
344;то;то;PRON;_;Animacy=Inan|Case=Nom|Gender=Neut|Number=Sing;_;_;_;Word#@ivlev1974#@ivlev1974#591.232#591.517
345;есть;быть;VERB;_;Aspect=Imp|Mood=Ind|Number=Sing|Person=3|Tense=Pres|VerbForm=Fin|Voice=Act;_;_;_;Word#@ivlev1974#@ivlev1974#591.517#591.802
346;/;/;PUNCT;_;_;_;_;_;Word#@ivlev1974#@ivlev1974#591.802#592.087
347;молекулярная;молекулярный;ADJ;_;Case=Nom|Degree=Pos|Gender=Fem|Number=Sing;_;_;_;Word#@ivlev1974#@ivlev1974#592.087#592.372
348;кухня;кухня;NOUN;_;Animacy=Anim|Case=Nom|Gender=Fem|Number=Sing;_;_;_;Word#@ivlev1974#@ivlev1974#592.372#592.657
349;это;это;PRON;_;Animacy=Inan|Case=Nom|Gender=Neut|Number=Sing;_;_;_;Word#@ivlev1974#@ivlev1974#592.657#592.942
350;/;/;PUNCT;_;_;_;_;_;Word#@ivlev1974#@ivlev1974#592.942#593.227
351;большая;большой;ADJ;_;Case=Nom|Degree=Pos|Gender=Fem|Number=Sing;_;_;_;Word#@ivlev1974#@ivlev1974#593.227#593.512
352;работа;работа;NOUN;_;Animacy=Inan|Case=Nom|Gender=Fem|Number=Sing;_;_;_;Word#@ivlev1974#@ivlev1974#593.512#593.797
353;неских;несколько;ADJ;_;Case=Gen|Degree=Pos|Number=Plur;_;_;_;Word#@ivlev1974#@ivlev1974#593.797#594.082
354;коллег;коллег;NOUN;_;Animacy=Anim|Case=Gen|Gender=Masc|Number=Plur;_;_;_;Word#@ivlev1974#@ivlev1974#594.082#594.367
355;а;а;CCONJ;_;_;_;_;_;Word#@ivlev1974#@ivlev1974#594.367#594.656
356;в;в;ADP;_;_;_;_;_;Word#@ivlev1974#@ivlev1974#595.45#595.776
357;началом;начало;NOUN;_;Animacy=Inan|Case=Ins|Gender=Neut|Number=Sing;_;_;_;Word#@ivlev1974#@ivlev1974#595.776#596.102
358;/;/;PUNCT;_;_;_;_;_;Word#@ivlev1974#@ivlev1974#596.102#596.428
359;вначале;вначале;ADV;_;Degree=Pos;_;_;_;Word#@ivlev1974#@ivlev1974#596.428#596.754
360;своего;свой;DET;_;Case=Gen|Gender=Masc|Number=Sing;_;_;_;Word#@ivlev1974#@ivlev1974#596.754#597.08
361;этапа;этап;NOUN;_;Animacy=Inan|Case=Gen|Gender=Masc|Number=Sing;_;_;_;Word#@ivlev1974#@ivlev1974#597.08#597.406
362;а;а;CCONJ;_;_;_;_;_;Word#@ivlev1974#@ivlev1974#597.406#597.732
363;щас;сейчас;ADV;_;Degree=Pos;_;_;_;Word#@ivlev1974#@ivlev1974#597.732#598.058
364;это;это;PRON;_;Animacy=Inan|Case=Nom|Gender=Neut|Number=Sing;_;_;_;Word#@ivlev1974#@ivlev1974#598.058#598.384
365;уже;уже;ADV;_;Degree=Pos;_;_;_;Word#@ivlev1974#@ivlev1974#598.384#598.71
366;большое;большой;ADJ;_;Case=Nom|Degree=Pos|Gender=Neut|Number=Sing;_;_;_;Word#@ivlev1974#@ivlev1974#598.71#599.036
367;количество;количество;NOUN;_;Animacy=Inan|Case=Nom|Gender=Neut|Number=Sing;_;_;_;Word#@ivlev1974#@ivlev1974#599.036#599.362
368;людей;человек;NOUN;_;Animacy=Anim|Case=Gen|Gender=Masc|Number=Plur;_;_;_;Word#@ivlev1974#@ivlev1974#599.362#599.688
369;/;/;PUNCT;_;_;_;_;_;Word#@ivlev1974#@ivlev1974#599.688#600.014
370;тех;то;DET;_;Case=Gen|Number=Plur;_;_;_;Word#@ivlev1974#@ivlev1974#600.014#600.34
371;кулинаров;кулинар;NOUN;_;Animacy=Inan|Case=Gen|Gender=Masc|Number=Plur;_;_;_;Word#@ivlev1974#@ivlev1974#600.34#600.666
372;/;/;PUNCT;_;_;_;_;_;Word#@ivlev1974#@ivlev1974#600.666#600.992
373;аа;а;INTJ;_;_;_;_;_;Word#@ivlev1974#@ivlev1974#600.992#601.318
374;/;/;PUNCT;_;_;_;_;_;Word#@ivlev1974#@ivlev1974#601.318#601.644
375;которые;который;PRON;_;Case=Nom;_;_;_;Word#@ivlev1974#@ivlev1974#601.644#601.97
376;/;/;PUNCT;_;_;_;_;_;Word#@ivlev1974#@ivlev1974#601.97#602.296
377;эээээээ;эээээээ;INTJ;_;_;_;_;_;Word#@ivlev1974#@ivlev1974#602.296#602.622
378;/;/;PUNCT;_;_;_;_;_;Word#@ivlev1974#@ivlev1974#602.622#602.948
379;которым;который;PRON;_;Case=Dat;_;_;_;Word#@ivlev1974#@ivlev1974#602.948#603.274
380;стало;стать;VERB;_;Aspect=Perf|Gender=Neut|Mood=Ind|Number=Sing|Tense=Past|VerbForm=Fin|Voice=Mid;_;_;_;Word#@ivlev1974#@ivlev1974#603.274#603.6
381;/;/;PUNCT;_;_;_;_;_;Word#@ivlev1974#@ivlev1974#603.6#603.926
382;ээээ;ээээ;INTJ;_;_;_;_;_;Word#@ivlev1974#@ivlev1974#603.926#604.252
383;/;/;PUNCT;_;_;_;_;_;Word#@ivlev1974#@ivlev1974#604.252#604.578
384;тесно;тесно;ADJ;_;Degree=Pos|Gender=Neut|Number=Sing|Variant=Short;_;_;_;Word#@ivlev1974#@ivlev1974#604.578#604.904
385;в;в;ADP;_;_;_;_;_;Word#@ivlev1974#@ivlev1974#604.904#605.23
386;определённых;определенный;ADJ;_;Case=Loc|Degree=Pos|Number=Plur;_;_;_;Word#@ivlev1974#@ivlev1974#605.23#605.556
387;рамках;рамка;NOUN;_;Animacy=Inan|Case=Loc|Gender=Fem|Number=Plur;_;_;_;Word#@ivlev1974#@ivlev1974#605.556#605.882
388;/;/;PUNCT;_;_;_;_;_;Word#@ivlev1974#@ivlev1974#605.882#606.208
389;они;они;PRON;_;Case=Nom|Number=Plur|Person=3;_;_;_;Word#@ivlev1974#@ivlev1974#606.208#606.534
390;решили;решить;VERB;_;Aspect=Perf|Mood=Ind|Number=Plur|Tense=Past|VerbForm=Fin|Voice=Act;_;_;_;Word#@ivlev1974#@ivlev1974#606.534#606.86
391;использовать;использовать;VERB;_;Aspect=Imp|VerbForm=Inf|Voice=Act;_;_;_;Word#@ivlev1974#@ivlev1974#606.86#607.186
392;и;и;CCONJ;_;_;_;_;_;Word#@ivlev1974#@ivlev1974#607.186#607.512
393;соединять;соединять;VERB;_;Aspect=Imp|VerbForm=Inf|Voice=Act;_;_;_;Word#@ivlev1974#@ivlev1974#607.512#607.838
394;физически;физически;ADV;_;Degree=Pos;_;_;_;Word#@ivlev1974#@ivlev1974#607.838#608.164
395;химические;химический;ADJ;_;Animacy=Inan|Case=Acc|Degree=Pos|Number=Plur;_;_;_;Word#@ivlev1974#@ivlev1974#608.164#608.49
396;какие;какой;DET;_;Case=Acc|Number=Plur;_;_;_;Word#@ivlev1974#@ivlev1974#608.49#608.816
397;то;то;SCONJ;_;_;_;_;_;Word#@ivlev1974#@ivlev1974#608.816#609.142
398;истории;история;NOUN;_;Animacy=Inan|Case=Acc|Gender=Fem|Number=Plur;_;_;_;Word#@ivlev1974#@ivlev1974#609.142#609.468
399;/;/;PUNCT;_;_;_;_;_;Word#@ivlev1974#@ivlev1974#609.468#609.794
400;да;да;INTJ;_;_;_;_;_;Word#@ivlev1974#@ivlev1974#609.794#610.12
401;тое;то;DET;_;_;_;_;_;Word#@ivlev1974#@ivlev1974#610.12#610.446
402;есть;быть;AUX;_;Aspect=Imp|Mood=Ind|Number=Sing|Person=3|Tense=Pres|VerbForm=Fin|Voice=Act;_;_;_;Word#@ivlev1974#@ivlev1974#610.446#610.772
403;/;/;PUNCT;_;_;_;_;_;Word#@ivlev1974#@ivlev1974#610.772#611.098
404;надо;надо;ADV;_;Degree=Pos;_;_;_;Word#@ivlev1974#@ivlev1974#611.098#611.424
405;отдать;отдать;VERB;_;Aspect=Perf|VerbForm=Inf|Voice=Act;_;_;_;Word#@ivlev1974#@ivlev1974#611.424#611.75
406;одлжное;одолженное;PART;_;Animacy=Inan|Case=Acc|Gender=Neut|Number=Sing;_;_;_;Word#@ivlev1974#@ivlev1974#611.75#612.076
407;/;/;PUNCT;_;_;_;_;_;Word#@ivlev1974#@ivlev1974#612.076#612.402
408;это;это;PRON;_;Animacy=Inan|Case=Nom|Gender=Neut|Number=Sing;_;_;_;Word#@ivlev1974#@ivlev1974#612.402#612.728
409;круто;крутой;ADJ;_;Degree=Pos|Gender=Neut|Number=Sing|Variant=Short;_;_;_;Word#@ivlev1974#@ivlev1974#612.728#613.054
410;/;/;PUNCT;_;_;_;_;_;Word#@ivlev1974#@ivlev1974#613.054#613.38
411;вообще;вообще;ADV;_;Degree=Pos;_;_;_;Word#@ivlev1974#@ivlev1974#613.38#613.706
412;/;/;PUNCT;_;_;_;_;_;Word#@ivlev1974#@ivlev1974#613.706#614.032
413;если;если;SCONJ;_;_;_;_;_;Word#@ivlev1974#@ivlev1974#614.032#614.358
414;ты;ты;PRON;_;Case=Nom|Number=Sing|Person=2;_;_;_;Word#@ivlev1974#@ivlev1974#614.358#614.684
415;повор;повор;NOUN;_;Animacy=Anim|Case=Nom|Gender=Masc|Number=Sing;_;_;_;Word#@ivlev1974#@ivlev1974#614.684#615.01
416;/;/;PUNCT;_;_;_;_;_;Word#@ivlev1974#@ivlev1974#615.01#615.336
417;ээ;ээ;INTJ;_;_;_;_;_;Word#@ivlev1974#@ivlev1974#615.336#615.662
418;/;/;PUNCT;_;_;_;_;_;Word#@ivlev1974#@ivlev1974#615.662#615.988
419;надо;надо;ADV;_;Degree=Pos;_;_;_;Word#@ivlev1974#@ivlev1974#615.988#616.314
420;знать;знать;VERB;_;Aspect=Imp|VerbForm=Inf|Voice=Act;_;_;_;Word#@ivlev1974#@ivlev1974#616.314#616.7
421;или;или;CCONJ;_;_;_;_;_;Word#@ivlev1974#@ivlev1974#617.425#617.751
422;по;по;ADP;_;_;_;_;_;Word#@ivlev1974#@ivlev1974#617.751#618.077
423;крайней;крайний;ADJ;_;Case=Dat|Degree=Pos|Gender=Fem|Number=Sing;_;_;_;Word#@ivlev1974#@ivlev1974#618.077#618.403
424;мере;мера;NOUN;_;Animacy=Inan|Case=Dat|Gender=Fem|Number=Sing;_;_;_;Word#@ivlev1974#@ivlev1974#618.403#618.729
425;что;что;PRON;_;Case=Acc;_;_;_;Word#@ivlev1974#@ivlev1974#618.729#619.055
426;то;то;PRON;_;Animacy=Inan|Case=Acc|Gender=Neut|Number=Sing;_;_;_;Word#@ivlev1974#@ivlev1974#619.055#619.381
427;уметь;уметь;VERB;_;Aspect=Imp|VerbForm=Inf|Voice=Act;_;_;_;Word#@ivlev1974#@ivlev1974#619.381#619.707
428;/;/;PUNCT;_;_;_;_;_;Word#@ivlev1974#@ivlev1974#619.707#620.033
429;потому;потому;ADV;_;Degree=Pos;_;_;_;Word#@ivlev1974#@ivlev1974#620.033#620.359
430;что;что;SCONJ;_;_;_;_;_;Word#@ivlev1974#@ivlev1974#620.359#620.685
431;во;в;ADP;_;_;_;_;_;Word#@ivlev1974#@ivlev1974#620.685#621.011
432;многих;много;NUM;_;_;_;_;_;Word#@ivlev1974#@ivlev1974#621.011#621.337
433;случаях;случай;NOUN;_;Animacy=Inan|Case=Loc|Gender=Masc|Number=Plur;_;_;_;Word#@ivlev1974#@ivlev1974#621.337#621.663
434;это;это;PRON;_;Animacy=Inan|Case=Nom|Gender=Neut|Number=Sing;_;_;_;Word#@ivlev1974#@ivlev1974#621.663#621.989
435;очень;очень;ADV;_;Degree=Pos;_;_;_;Word#@ivlev1974#@ivlev1974#621.989#622.315
436;полезно;полезный;ADJ;_;Degree=Pos|Gender=Neut|Number=Sing|Variant=Short;_;_;_;Word#@ivlev1974#@ivlev1974#622.315#622.641
437;/;/;PUNCT;_;_;_;_;_;Word#@ivlev1974#@ivlev1974#622.641#622.967
438;экономически;экономический;ADV;_;Degree=Pos;_;_;_;Word#@ivlev1974#@ivlev1974#622.967#623.293
439;/;/;PUNCT;_;_;_;_;_;Word#@ivlev1974#@ivlev1974#623.293#623.619
440;и;и;CCONJ;_;_;_;_;_;Word#@ivlev1974#@ivlev1974#623.619#623.945
441;правильно;правильно;ADV;_;Degree=Pos;_;_;_;Word#@ivlev1974#@ivlev1974#623.945#624.271
442;/;/;PUNCT;_;_;_;_;_;Word#@ivlev1974#@ivlev1974#624.271#624.6
443;взять;брать;VERB;_;Aspect=Perf|VerbForm=Inf|Voice=Act;_;_;_;Word#@ivlev1974#@ivlev1974#624.925#625.223
444;/;/;PUNCT;_;_;_;_;_;Word#@ivlev1974#@ivlev1974#625.223#625.521
445;например;например;ADV;_;Degree=Pos;_;_;_;Word#@ivlev1974#@ivlev1974#625.521#625.819
446;/;/;PUNCT;_;_;_;_;_;Word#@ivlev1974#@ivlev1974#625.819#626.117
447;тоже;тоже;PART;_;_;_;_;_;Word#@ivlev1974#@ivlev1974#626.117#626.415
448;вот;вот;PART;_;_;_;_;_;Word#@ivlev1974#@ivlev1974#626.415#626.713
449;это;этот;PRON;_;Animacy=Inan|Case=Nom|Gender=Neut|Number=Sing;_;_;_;Word#@ivlev1974#@ivlev1974#626.713#627.011
450;вот;вот;PART;_;_;_;_;_;Word#@ivlev1974#@ivlev1974#627.011#627.309
451;любимое;любимый;ADJ;_;Case=Nom|Degree=Pos|Gender=Neut|Number=Sing;_;_;_;Word#@ivlev1974#@ivlev1974#627.309#627.607
452;всеми;весь;DET;_;Case=Ins|Number=Plur;_;_;_;Word#@ivlev1974#@ivlev1974#627.607#627.905
453;эспумэ;эспумэ;NOUN;_;Animacy=Inan|Case=Nom|Gender=Neut|Number=Sing;_;_;_;Word#@ivlev1974#@ivlev1974#627.905#628.203
454;/;/;PUNCT;_;_;_;_;_;Word#@ivlev1974#@ivlev1974#628.203#628.501
455;пенка;пенка;NOUN;_;Animacy=Inan|Case=Nom|Gender=Fem|Number=Sing;_;_;_;Word#@ivlev1974#@ivlev1974#628.501#628.799
456;/;/;PUNCT;_;_;_;_;_;Word#@ivlev1974#@ivlev1974#628.799#629.097
457;она;она;PRON;_;Case=Nom|Gender=Fem|Number=Sing|Person=3;_;_;_;Word#@ivlev1974#@ivlev1974#629.097#629.395
458;делается;делать;VERB;_;Aspect=Imp|Mood=Ind|Number=Sing|Person=3|Tense=Pres|VerbForm=Fin|Voice=Pass;_;_;_;Word#@ivlev1974#@ivlev1974#629.395#629.693
459;на;на;ADP;_;_;_;_;_;Word#@ivlev1974#@ivlev1974#629.693#629.991
460;основе;основа;NOUN;_;Animacy=Inan|Case=Loc|Gender=Fem|Number=Sing;_;_;_;Word#@ivlev1974#@ivlev1974#629.991#630.289
461;лецитина;лецитин;NOUN;_;Animacy=Inan|Case=Gen|Gender=Masc|Number=Sing;_;_;_;Word#@ivlev1974#@ivlev1974#630.289#630.587
462;/;/;PUNCT;_;_;_;_;_;Word#@ivlev1974#@ivlev1974#630.587#630.885
463;лецитин;лецитин;NOUN;_;Animacy=Inan|Case=Nom|Gender=Masc|Number=Sing;_;_;_;Word#@ivlev1974#@ivlev1974#630.885#631.183
464;это;этот;PRON;_;Animacy=Inan|Case=Nom|Gender=Neut|Number=Sing;_;_;_;Word#@ivlev1974#@ivlev1974#631.183#631.481
465;соевый;соевый;ADJ;_;Case=Nom|Degree=Pos|Gender=Masc|Number=Sing;_;_;_;Word#@ivlev1974#@ivlev1974#631.481#631.779
466;белок;белок;NOUN;_;Animacy=Inan|Case=Nom|Gender=Masc|Number=Sing;_;_;_;Word#@ivlev1974#@ivlev1974#631.779#632.077
467;/;/;PUNCT;_;_;_;_;_;Word#@ivlev1974#@ivlev1974#632.077#632.375
468;да;да;INTJ;_;_;_;_;_;Word#@ivlev1974#@ivlev1974#632.375#632.673
469;/;/;PUNCT;_;_;_;_;_;Word#@ivlev1974#@ivlev1974#632.673#632.971
470;который;который;PRON;_;Case=Nom;_;_;_;Word#@ivlev1974#@ivlev1974#632.971#633.269
471;сам;сам;ADJ;_;Case=Nom|Degree=Pos|Gender=Masc|Number=Sing;_;_;_;Word#@ivlev1974#@ivlev1974#633.269#633.567
472;по;по;ADP;_;_;_;_;_;Word#@ivlev1974#@ivlev1974#633.567#633.865
473;себе;себя;PRON;_;Case=Dat;_;_;_;Word#@ivlev1974#@ivlev1974#633.865#634.163
474;/;/;PUNCT;_;_;_;_;_;Word#@ivlev1974#@ivlev1974#634.163#634.461
475;ээээ;э;INTJ;_;_;_;_;_;Word#@ivlev1974#@ivlev1974#634.461#634.759
476;/;/;PUNCT;_;_;_;_;_;Word#@ivlev1974#@ivlev1974#634.759#635.057
477;является;являться;VERB;_;Aspect=Imp|Mood=Ind|Number=Sing|Person=3|Tense=Pres|VerbForm=Fin|Voice=Mid;_;_;_;Word#@ivlev1974#@ivlev1974#635.057#635.355
478;как;как;SCONJ;_;_;_;_;_;Word#@ivlev1974#@ivlev1974#635.355#635.653
479;порошок;порошок;NOUN;_;Animacy=Inan|Case=Nom|Gender=Masc|Number=Sing;_;_;_;Word#@ivlev1974#@ivlev1974#635.653#635.951
480;/;/;PUNCT;_;_;_;_;_;Word#@ivlev1974#@ivlev1974#635.951#636.249
481;его;его;DET;_;_;_;_;_;Word#@ivlev1974#@ivlev1974#636.249#636.547
482;потои;потом;ADJ;_;Dgree=Pos;_;_;_;Word#@ivlev1974#@ivlev1974#636.547#636.845
483;вводят;вводить;VERB;_;Aspect=Imp|Mood=Ind|Number=Plur|Person=3|Tense=Pres|VerbForm=Fin|Voice=Act;_;_;_;Word#@ivlev1974#@ivlev1974#636.845#637.143
484;в;в;ADP;_;_;_;_;_;Word#@ivlev1974#@ivlev1974#637.143#637.441
485;соус;соус;NOUN;_;Animacy=Inan|Case=Acc|Gender=Masc|Number=Sing;_;_;_;Word#@ivlev1974#@ivlev1974#637.441#637.739
486;/;/;PUNCT;_;_;_;_;_;Word#@ivlev1974#@ivlev1974#637.739#638.037
487;да;да;INTJ;_;_;_;_;_;Word#@ivlev1974#@ivlev1974#638.037#638.335
488;то;то;PRON;_;Animacy=Inan|Case=Nom|Gender=Neut|Number=Sing;_;_;_;Word#@ivlev1974#@ivlev1974#638.335#638.633
489;есть;быть;VERB;_;Aspect=Imp|Mood=Ind|Number=Sing|Person=3|Tense=Pres|VerbForm=Fin|Voice=Act;_;_;_;Word#@ivlev1974#@ivlev1974#638.633#638.931
490;при;при;ADP;_;_;_;_;_;Word#@ivlev1974#@ivlev1974#638.931#639.229
491;определённой;определенный;ADJ;_;Case=Loc|Degree=Pos|Gender=Fem|Number=Sing;_;_;_;Word#@ivlev1974#@ivlev1974#639.229#639.527
492;температуре;температура;NOUN;_;Animacy=Inan|Case=Loc|Gender=Fem|Number=Sing;_;_;_;Word#@ivlev1974#@ivlev1974#639.527#639.825
493;начинают;начинать;VERB;_;Aspect=Imp|Mood=Ind|Number=Plur|Person=3|Tense=Pres|VerbForm=Fin|Voice=Act;_;_;_;Word#@ivlev1974#@ivlev1974#639.825#640.123
494;взбивать;взбивать;VERB;_;Aspect=Imp|VerbForm=Inf|Voice=Act;_;_;_;Word#@ivlev1974#@ivlev1974#640.123#640.421
495;/;/;PUNCT;_;_;_;_;_;Word#@ivlev1974#@ivlev1974#640.421#640.719
496;и;и;CCONJ;_;_;_;_;_;Word#@ivlev1974#@ivlev1974#640.719#641.017
497;пр-;пр-;X;_;_;_;_;_;Word#@ivlev1974#@ivlev1974#641.017#641.315
498;образуется;образовываться;VERB;_;Aspect=Imp|Mood=Ind|Number=Sing|Person=3|Tense=Pres|VerbForm=Fin|Voice=Pass;_;_;_;Word#@ivlev1974#@ivlev1974#641.315#641.613
499;пенка;пенка;NOUN;_;Animacy=Inan|Case=Nom|Gender=Fem|Number=Sing;_;_;_;Word#@ivlev1974#@ivlev1974#641.613#641.911
500;/;/;PUNCT;_;_;_;_;_;Word#@ivlev1974#@ivlev1974#641.911#642.209
501;как;как;SCONJ;_;_;_;_;_;Word#@ivlev1974#@ivlev1974#642.209#642.507
502;помнишь;помнить;VERB;_;Aspect=Perf|Mood=Ind|Number=Sing|Person=2|Tense=Fut|VerbForm=Fin|Voice=Act;_;_;_;Word#@ivlev1974#@ivlev1974#642.507#642.805
503;в;в;ADP;_;_;_;_;_;Word#@ivlev1974#@ivlev1974#642.805#643.103
504;детских;детский;ADJ;_;Case=Loc|Degree=Pos|Number=Plur;_;_;_;Word#@ivlev1974#@ivlev1974#643.103#643.401
505;кислородные;кислородный;ADJ;_;Animacy=Inan|Case=Acc|Degree=Pos|Number=Plur;_;_;_;Word#@ivlev1974#@ivlev1974#643.401#643.699
506;коктейли;коктейль;NOUN;_;Animacy=Inan|Case=Acc|Gender=Masc|Number=Plur;_;_;_;Word#@ivlev1974#@ivlev1974#643.699#643.997
507;/;/;PUNCT;_;_;_;_;_;Word#@ivlev1974#@ivlev1974#643.997#644.295
508;токо;только;ADV;_;Degree=Pos;_;_;_;Word#@ivlev1974#@ivlev1974#644.295#644.593
509;кислородные;кислородный;ADJ;_;Animacy=Inan|Case=Acc|Degree=Pos|Number=Plur;_;_;_;Word#@ivlev1974#@ivlev1974#644.593#644.891
510;коктейли;коктейль;NOUN;_;Animacy=Inan|Case=Acc|Gender=Masc|Number=Plur;_;_;_;Word#@ivlev1974#@ivlev1974#644.891#645.189
511;у;у;ADP;_;_;_;_;_;Word#@ivlev1974#@ivlev1974#645.189#645.487
512;тебя;ты;PRON;_;Case=Gen|Number=Sing|Person=2;_;_;_;Word#@ivlev1974#@ivlev1974#645.487#645.785
513;пенка;пенка;NOUN;_;Animacy=Inan|Case=Nom|Gender=Fem|Number=Sing;_;_;_;Word#@ivlev1974#@ivlev1974#645.785#646.083
514;очень;очень;ADV;_;Degree=Pos;_;_;_;Word#@ivlev1974#@ivlev1974#646.083#646.381
515;быстро;быстро;ADV;_;Degree=Pos;_;_;_;Word#@ivlev1974#@ivlev1974#646.381#646.679
516;садиться;садиться;VERB;_;Aspect=Imp|VerbForm=Inf|Voice=Mid;_;_;_;Word#@ivlev1974#@ivlev1974#646.679#646.977
517;/;/;PUNCT;_;_;_;_;_;Word#@ivlev1974#@ivlev1974#646.977#647.275
518;за;за;ADP;_;_;_;_;_;Word#@ivlev1974#@ivlev1974#647.275#647.573
519;счет;счет;NOUN;_;Animacy=Inan|Case=Acc|Gender=Masc|Number=Sing;_;_;_;Word#@ivlev1974#@ivlev1974#647.573#647.871
520;того;то;PRON;_;Animacy=Inan|Case=Gen|Gender=Neut|Number=Sing;_;_;_;Word#@ivlev1974#@ivlev1974#647.871#648.169
521;что;что;SCONJ;_;_;_;_;_;Word#@ivlev1974#@ivlev1974#648.169#648.467
522;у;у;ADP;_;_;_;_;_;Word#@ivlev1974#@ivlev1974#648.467#648.765
523;тебя;ты;PRON;_;Case=Gen|Number=Sing|Person=2;_;_;_;Word#@ivlev1974#@ivlev1974#648.765#649.063
524;есть;быть;VERB;_;Aspect=Imp|Mood=Ind|Number=Sing|Person=3|Tense=Pres|VerbForm=Fin|Voice=Act;_;_;_;Word#@ivlev1974#@ivlev1974#649.063#649.361
525;лецитин;лецитина;NOUN;_;Animacy=Inan|Case=Gen|Gender=Fem|Number=Plur;_;_;_;Word#@ivlev1974#@ivlev1974#649.361#649.659
526;/;/;PUNCT;_;_;_;_;_;Word#@ivlev1974#@ivlev1974#649.659#649.957
527;да;да;INTJ;_;_;_;_;_;Word#@ivlev1974#@ivlev1974#649.957#650.255
528;то;то;PRON;_;Animacy=Inan|Case=Nom|Gender=Neut|Number=Sing;_;_;_;Word#@ivlev1974#@ivlev1974#650.255#650.553
529;есть;быть;VERB;_;Aspect=Imp|Mood=Ind|Number=Sing|Person=3|Tense=Pres|VerbForm=Fin|Voice=Act;_;_;_;Word#@ivlev1974#@ivlev1974#650.553#650.851
530;он;он;PRON;_;Case=Nom|Gender=Masc|Number=Sing|Person=3;_;_;_;Word#@ivlev1974#@ivlev1974#650.851#651.149
531;взбивается;взбиваться;VERB;_;Aspect=Imp|Mood=Ind|Number=Sing|Person=3|Tense=Pres|VerbForm=Fin|Voice=Mid;_;_;_;Word#@ivlev1974#@ivlev1974#651.149#651.447
532;/;/;PUNCT;_;_;_;_;_;Word#@ivlev1974#@ivlev1974#651.447#651.745
533;у;у;ADP;_;_;_;_;_;Word#@ivlev1974#@ivlev1974#651.745#652.043
534;тебя;ты;PRON;_;Case=Gen|Number=Sing|Person=2;_;_;_;Word#@ivlev1974#@ivlev1974#652.043#652.341
535;пенка;пенка;NOUN;_;Animacy=Inan|Case=Nom|Gender=Fem|Number=Sing;_;_;_;Word#@ivlev1974#@ivlev1974#652.341#652.639
536;стоячая;стоячать;ADJ;_;Case=Nom|Degree=Pos|Gender=Fem|Number=Sing;_;_;_;Word#@ivlev1974#@ivlev1974#652.639#652.975
537;а;а;CCONJ;_;_;_;_;_;Word#@ivlev1974#@ivlev1974#654.025#654.277
538;теперь;теперь;ADV;_;Degree=Pos;_;_;_;Word#@ivlev1974#@ivlev1974#654.277#654.529
539;чтоб;чтобы;SCONJ;_;Mood=Cnd;_;_;_;Word#@ivlev1974#@ivlev1974#654.529#654.781
540;ты;ты;PRON;_;Case=Nom|Number=Sing|Person=2;_;_;_;Word#@ivlev1974#@ivlev1974#654.781#655.033
541;понимал;понимать;VERB;_;Aspect=Imp|Gender=Masc|Mood=Ind|Number=Sing|Tense=Past|VerbForm=Fin|Voice=Act;_;_;_;Word#@ivlev1974#@ivlev1974#655.033#655.285
542;/;/;PUNCT;_;_;_;_;_;Word#@ivlev1974#@ivlev1974#655.285#655.537
543;да;да;INTJ;_;_;_;_;_;Word#@ivlev1974#@ivlev1974#655.537#655.789
544;то;то;PRON;_;Animacy=Inan|Case=Nom|Gender=Neut|Number=Sing;_;_;_;Word#@ivlev1974#@ivlev1974#655.789#656.041
545;есть;быть;VERB;_;Aspect=Imp|Mood=Ind|Number=Sing|Person=3|Tense=Pres|VerbForm=Fin|Voice=Act;_;_;_;Word#@ivlev1974#@ivlev1974#656.041#656.293
546;/;/;PUNCT;_;_;_;_;_;Word#@ivlev1974#@ivlev1974#656.293#656.545
547;вот;вот;PART;_;_;_;_;_;Word#@ivlev1974#@ivlev1974#656.545#656.797
548;в;в;ADP;_;_;_;_;_;Word#@ivlev1974#@ivlev1974#656.797#657.049
549;мясо;мясо;NOUN;_;Animacy=Inan|Case=Acc|Gender=Neut|Number=Sing;_;_;_;Word#@ivlev1974#@ivlev1974#657.049#657.301
550;мы;мы;PRON;_;Case=Nom|Number=Plur|Person=1;_;_;_;Word#@ivlev1974#@ivlev1974#657.301#657.553
551;можем;мочь;VERB;_;Aspect=Imp|Mood=Ind|Number=Plur|Person=1|Tense=Pres|VerbForm=Fin|Voice=Act;_;_;_;Word#@ivlev1974#@ivlev1974#657.553#657.805
552;налить;налить;VERB;_;Aspect=Perf|VerbForm=Inf|Voice=Act;_;_;_;Word#@ivlev1974#@ivlev1974#657.805#658.057
553;ложку;ложка;NOUN;_;Animacy=Inan|Case=Acc|Gender=Fem|Number=Sing;_;_;_;Word#@ivlev1974#@ivlev1974#658.057#658.309
554;соуса;соус;NOUN;_;Animacy=Inan|Case=Gen|Gender=Masc|Number=Sing;_;_;_;Word#@ivlev1974#@ivlev1974#658.309#658.561
555;/;/;PUNCT;_;_;_;_;_;Word#@ivlev1974#@ivlev1974#658.561#658.813
556;да;да;INTJ;_;_;_;_;_;Word#@ivlev1974#@ivlev1974#658.813#659.065
557;в;в;ADP;_;_;_;_;_;Word#@ivlev1974#@ivlev1974#659.065#659.317
558;среднем;среднее;NOUN;_;Animacy=Inan|Case=Loc|Gender=Neut|Number=Sing;_;_;_;Word#@ivlev1974#@ivlev1974#659.317#659.569
559;это;этот;PRON;_;Animacy=Inan|Case=Nom|Gender=Neut|Number=Sing;_;_;_;Word#@ivlev1974#@ivlev1974#659.569#659.821
560;шде;шд;X;_;_;_;_;_;Word#@ivlev1974#@ivlev1974#659.821#660.073
561;то;то;SCONJ;_;_;_;_;_;Word#@ivlev1974#@ivlev1974#660.073#660.325
562;пятдесят;пятдесят;NUM;_;Case=Nom;_;_;_;Word#@ivlev1974#@ivlev1974#660.325#660.577
563;граммов;грамм;NOUN;_;Animacy=Inan|Case=Gen|Gender=Masc|Number=Plur;_;_;_;Word#@ivlev1974#@ivlev1974#660.577#660.829
564;/;/;PUNCT;_;_;_;_;_;Word#@ivlev1974#@ivlev1974#660.829#661.081
565;да;да;INTJ;_;_;_;_;_;Word#@ivlev1974#@ivlev1974#661.081#661.333
566;/;/;PUNCT;_;_;_;_;_;Word#@ivlev1974#@ivlev1974#661.333#661.585
567;не;не;PART;_;_;_;_;_;Word#@ivlev1974#@ivlev1974#661.585#661.837
568;в;в;ADP;_;_;_;_;_;Word#@ivlev1974#@ivlev1974#661.837#662.089
569;одной;один;NUM;_;Case=Loc|Gender=Fem;_;_;_;Word#@ivlev1974#@ivlev1974#662.089#662.341
570;ложке;ложка;NOUN;_;Animacy=Inan|Case=Loc|Gender=Fem|Number=Sing;_;_;_;Word#@ivlev1974#@ivlev1974#662.341#662.593
571;я;я;PRON;_;Case=Nom|Number=Sing|Person=1;_;_;_;Word#@ivlev1974#@ivlev1974#662.593#662.845
572;имею;иметь;VERB;_;Aspect=Imp|Mood=Ind|Number=Sing|Person=1|Tense=Pres|VerbForm=Fin|Voice=Act;_;_;_;Word#@ivlev1974#@ivlev1974#662.845#663.097
573;ввиду;ввид;NOUN;_;Animacy=Inan|Case=Acc|Gender=Fem|Number=Sing;_;_;_;Word#@ivlev1974#@ivlev1974#663.097#663.349
574;/;/;PUNCT;_;_;_;_;_;Word#@ivlev1974#@ivlev1974#663.349#663.601
575;а;а;CCONJ;_;_;_;_;_;Word#@ivlev1974#@ivlev1974#663.601#663.853
576;вот;вот;PART;_;_;_;_;_;Word#@ivlev1974#@ivlev1974#663.853#664.105
577;на;на;ADP;_;_;_;_;_;Word#@ivlev1974#@ivlev1974#664.105#664.357
578;порцию;порция;NOUN;_;Animacy=Inan|Case=Acc|Gender=Fem|Number=Sing;_;_;_;Word#@ivlev1974#@ivlev1974#664.357#664.609
579;пятдесят;пятдесят;NUM;_;Case=Nom;_;_;_;Word#@ivlev1974#@ivlev1974#664.609#664.861
580;грамм;грамм;NOUN;_;Animacy=Inan|Case=Gen|Gender=Masc|Number=Sing;_;_;_;Word#@ivlev1974#@ivlev1974#664.861#665.113
581;/;/;PUNCT;_;_;_;_;_;Word#@ivlev1974#@ivlev1974#665.113#665.365
582;да;да;INTJ;_;_;_;_;_;Word#@ivlev1974#@ivlev1974#665.365#665.617
583;/;/;PUNCT;_;_;_;_;_;Word#@ivlev1974#@ivlev1974#665.617#665.869
584;вот;вот;PART;_;_;_;_;_;Word#@ivlev1974#@ivlev1974#665.869#666.121
585;/;/;PUNCT;_;_;_;_;_;Word#@ivlev1974#@ivlev1974#666.121#666.373
586;аа;а;INTJ;_;_;_;_;_;Word#@ivlev1974#@ivlev1974#666.373#666.625
587;/;/;PUNCT;_;_;_;_;_;Word#@ivlev1974#@ivlev1974#666.625#666.877
588;если;если;SCONJ;_;_;_;_;_;Word#@ivlev1974#@ivlev1974#666.877#667.129
589;ты;ты;PRON;_;Case=Nom|Number=Sing|Person=2;_;_;_;Word#@ivlev1974#@ivlev1974#667.129#667.381
590;делаешь;делать;VERB;_;Aspect=Imp|Mood=Ind|Number=Sing|Person=2|Tense=Pres|VerbForm=Fin|Voice=Act;_;_;_;Word#@ivlev1974#@ivlev1974#667.381#667.633
591;эспумэ;эспумэ;INTJ;_;_;_;_;_;Word#@ivlev1974#@ivlev1974#667.633#667.925
592;то;то;SCONJ;_;_;_;_;_;Word#@ivlev1974#@ivlev1974#668.35#668.676
593;оно;оно;PRON;_;Case=Nom|Gender=Neut|Number=Sing|Person=3;_;_;_;Word#@ivlev1974#@ivlev1974#668.676#669.002
594;на;на;ADP;_;_;_;_;_;Word#@ivlev1974#@ivlev1974#669.002#669.328
595;много;много;ADV;_;Degree=Pos;_;_;_;Word#@ivlev1974#@ivlev1974#669.328#669.654
596;легче;легкий;ADJ;_;Degree=Cmp;_;_;_;Word#@ivlev1974#@ivlev1974#669.654#669.98
597;/;/;PUNCT;_;_;_;_;_;Word#@ivlev1974#@ivlev1974#669.98#670.306
598;и;и;CCONJ;_;_;_;_;_;Word#@ivlev1974#@ivlev1974#670.306#670.632
599;тебе;ты;PRON;_;Case=Dat|Number=Sing|Person=2;_;_;_;Word#@ivlev1974#@ivlev1974#670.632#670.958
600;достаточно;достаточно;ADV;_;Degree=Pos;_;_;_;Word#@ivlev1974#@ivlev1974#670.958#671.284
601;будет;быть;AUX;_;Aspect=Imp|Mood=Ind|Number=Sing|Person=3|Tense=Pres|VerbForm=Fin|Voice=Act;_;_;_;Word#@ivlev1974#@ivlev1974#671.284#671.61
602;пятнадцати;пятнадцать;NUM;_;Case=Gen;_;_;_;Word#@ivlev1974#@ivlev1974#671.61#671.936
603;двадцати;двадцать;NUM;_;Case=Gen;_;_;_;Word#@ivlev1974#@ivlev1974#671.936#672.262
604;граммов;грамм;NOUN;_;Animacy=Inan|Case=Gen|Gender=Masc|Number=Plur;_;_;_;Word#@ivlev1974#@ivlev1974#672.262#672.588
605;/;/;PUNCT;_;_;_;_;_;Word#@ivlev1974#@ivlev1974#672.588#672.914
606;понимаешь;понимать;VERB;_;Aspect=Imp|Mood=Ind|Number=Sing|Person=2|Tense=Pres|VerbForm=Fin|Voice=Act;_;_;_;Word#@ivlev1974#@ivlev1974#672.914#673.24
607;чтобы;чтобы;SCONJ;_;Mood=Cnd;_;_;_;Word#@ivlev1974#@ivlev1974#673.24#673.566
608;у;у;ADP;_;_;_;_;_;Word#@ivlev1974#@ivlev1974#673.566#673.892
609;тебя;ты;PRON;_;Case=Gen|Number=Sing|Person=2;_;_;_;Word#@ivlev1974#@ivlev1974#673.892#674.218
610;было;быть;AUX;_;Aspect=Imp|Gender=Neut|Mood=Ind|Number=Sing|Tense=Past|VerbForm=Fin|Voice=Act;_;_;_;Word#@ivlev1974#@ivlev1974#674.218#674.544
611;и;и;PART;_;_;_;_;_;Word#@ivlev1974#@ivlev1974#674.544#674.87
612;объёмно;объёмно;ADV;_;Degree=Pos;_;_;_;Word#@ivlev1974#@ivlev1974#674.87#675.196
613;/;/;PUNCT;_;_;_;_;_;Word#@ivlev1974#@ivlev1974#675.196#675.522
614;и;и;PART;_;_;_;_;_;Word#@ivlev1974#@ivlev1974#675.522#675.848
615;тебе;ты;PRON;_;Case=Dat|Number=Sing|Person=2;_;_;_;Word#@ivlev1974#@ivlev1974#675.848#676.174
616;хватило;хватить;VERB;_;Aspect=Perf|Gender=Neut|Mood=Ind|Number=Sing|Tense=Past|VerbForm=Fin|Voice=Act;_;_;_;Word#@ivlev1974#@ivlev1974#676.174#676.5
617;/;/;PUNCT;_;_;_;_;_;Word#@ivlev1974#@ivlev1974#676.5#676.826
618;для;для;ADP;_;_;_;_;_;Word#@ivlev1974#@ivlev1974#676.826#677.152
619;того;то;PRON;_;Animacy=Inan|Case=Gen|Gender=Neut|Number=Sing;_;_;_;Word#@ivlev1974#@ivlev1974#677.152#677.478
620;чтобы;чтобы;SCONJ;_;Mood=Cnd;_;_;_;Word#@ivlev1974#@ivlev1974#677.478#677.804
621;ты;ты;PRON;_;Case=Nom|Number=Sing|Person=2;_;_;_;Word#@ivlev1974#@ivlev1974#677.804#678.13
622;/;/;PUNCT;_;_;_;_;_;Word#@ivlev1974#@ivlev1974#678.13#678.456
623;ээ;ээ;INTJ;_;_;_;_;_;Word#@ivlev1974#@ivlev1974#678.456#678.782
624;/;/;PUNCT;_;_;_;_;_;Word#@ivlev1974#@ivlev1974#678.782#679.108
625;попробовал;пробовать;VERB;_;Aspect=Perf|Gender=Masc|Mood=Ind|Number=Sing|Tense=Past|VerbForm=Fin|Voice=Act;_;_;_;Word#@ivlev1974#@ivlev1974#679.108#679.434
626;/;/;PUNCT;_;_;_;_;_;Word#@ivlev1974#@ivlev1974#679.434#679.76
627;экономично;экономично;ADV;_;Degree=Pos;_;_;_;Word#@ivlev1974#@ivlev1974#679.76#680.086
628;/;/;PUNCT;_;_;_;_;_;Word#@ivlev1974#@ivlev1974#680.086#680.412
629;экономично;экономично;ADV;_;Degree=Pos;_;_;_;Word#@ivlev1974#@ivlev1974#680.412#680.738
630;/;/;PUNCT;_;_;_;_;_;Word#@ivlev1974#@ivlev1974#680.738#681.064
631;страшно;страшно;ADV;_;Degree=Pos;_;_;_;Word#@ivlev1974#@ivlev1974#681.064#681.42
632;не;не;PART;_;_;_;_;_;Word#@ivlev1974#@ivlev1974#682.08#682.288
633;очень;очень;ADV;_;Degree=Pos;_;_;_;Word#@ivlev1974#@ivlev1974#682.288#682.496
634;/;/;PUNCT;_;_;_;_;_;Word#@ivlev1974#@ivlev1974#682.496#682.704
635;но;но;CCONJ;_;_;_;_;_;Word#@ivlev1974#@ivlev1974#682.704#682.912
636;кто;кто;PRON;_;Case=Nom;_;_;_;Word#@ivlev1974#@ivlev1974#682.912#683.12
637;не;не;PART;_;_;_;_;_;Word#@ivlev1974#@ivlev1974#683.12#683.328
638;знает;знать;VERB;_;Aspect=Imp|Mood=Ind|Number=Sing|Person=3|Tense=Pres|VerbForm=Fin|Voice=Act;_;_;_;Word#@ivlev1974#@ivlev1974#683.328#683.54
639;им;они;PRON;_;Case=Dat|Number=Plur|Person=3;_;_;_;Word#@ivlev1974#@ivlev1974#684.64#684.885
640;очень;очень;ADV;_;Degree=Pos;_;_;_;Word#@ivlev1974#@ivlev1974#684.885#685.13
641;страшно;страшный;ADJ;_;Degree=Pos|Gender=Neut|Number=Sing|Variant=Short;_;_;_;Word#@ivlev1974#@ivlev1974#685.13#685.375
642;/;/;PUNCT;_;_;_;_;_;Word#@ivlev1974#@ivlev1974#685.375#685.62
643;но;но;CCONJ;_;_;_;_;_;Word#@ivlev1974#@ivlev1974#685.76#686.064
644;они;они;PRON;_;Case=Nom|Number=Plur|Person=3;_;_;_;Word#@ivlev1974#@ivlev1974#686.064#686.368
645;даже;даже;PART;_;_;_;_;_;Word#@ivlev1974#@ivlev1974#686.368#686.672
646;сами;сам;ADJ;_;Case=Nom|Degree=Pos|Number=Plur;_;_;_;Word#@ivlev1974#@ivlev1974#686.672#686.976
647;/;/;PUNCT;_;_;_;_;_;Word#@ivlev1974#@ivlev1974#686.976#687.28
648;знаешь;знать;VERB;_;Aspect=Imp|Mood=Ind|Number=Sing|Person=2|Tense=Pres|VerbForm=Fin|Voice=Act;_;_;_;Word#@ivlev1974#@ivlev1974#687.28#687.584
649;/;/;PUNCT;_;_;_;_;_;Word#@ivlev1974#@ivlev1974#687.584#687.888
650;вот;вот;PART;_;_;_;_;_;Word#@ivlev1974#@ivlev1974#687.888#688.192
651;законодатели;законодатель;VERB;_;Aspect=Perf|Mood=Ind|Number=Plur|Tense=Past|VerbForm=Fin|Voice=Act;_;_;_;Word#@ivlev1974#@ivlev1974#688.192#688.496
652;блюменталь;блюменталь;NOUN;_;Animacy=Inan|Case=Acc|Gender=Masc|Number=Sing;_;_;_;Word#@ivlev1974#@ivlev1974#688.496#688.8
653;/;/;PUNCT;_;_;_;_;_;Word#@ivlev1974#@ivlev1974#688.8#689.104
654;ээээм;ээээм;INTJ;_;_;_;_;_;Word#@ivlev1974#@ivlev1974#689.104#689.408
655;/;/;PUNCT;_;_;_;_;_;Word#@ivlev1974#@ivlev1974#689.408#689.712
656;эльбуи;эльбуи;X;_;Foreign=Yes;_;_;_;Word#@ivlev1974#@ivlev1974#689.712#690.016
657;/;/;PUNCT;_;_;_;_;_;Word#@ivlev1974#@ivlev1974#690.016#690.32
658;да;да;INTJ;_;_;_;_;_;Word#@ivlev1974#@ivlev1974#690.32#690.624
659;то;то;PRON;_;Animacy=Inan|Case=Nom|Gender=Neut|Number=Sing;_;_;_;Word#@ivlev1974#@ivlev1974#690.624#690.928
660;есть;быть;VERB;_;Aspect=Imp|Mood=Ind|Number=Sing|Person=3|Tense=Pres|VerbForm=Fin|Voice=Act;_;_;_;Word#@ivlev1974#@ivlev1974#690.928#691.232
661;они;они;PRON;_;Case=Nom|Number=Plur|Person=3;_;_;_;Word#@ivlev1974#@ivlev1974#691.232#691.536
662;сами;сам;ADJ;_;Case=Nom|Degree=Pos|Number=Plur;_;_;_;Word#@ivlev1974#@ivlev1974#691.536#691.84
663;говорят;говорить;VERB;_;Aspect=Imp|Mood=Ind|Number=Plur|Person=3|Tense=Pres|VerbForm=Fin|Voice=Act;_;_;_;Word#@ivlev1974#@ivlev1974#691.84#692.144
664;что;что;PRON;_;Case=Acc;_;_;_;Word#@ivlev1974#@ivlev1974#692.144#692.448
665;/;/;PUNCT;_;_;_;_;_;Word#@ivlev1974#@ivlev1974#692.448#692.752
666;эээ;эээ;INTJ;_;_;_;_;_;Word#@ivlev1974#@ivlev1974#692.752#693.056
667;/;/;PUNCT;_;_;_;_;_;Word#@ivlev1974#@ivlev1974#693.056#693.36
668;больше;больше;ADV;_;Degree=Cmp;_;_;_;Word#@ivlev1974#@ivlev1974#693.36#693.664
669;пятидесяти;пятьдесят;NUM;_;Case=Gen;_;_;_;Word#@ivlev1974#@ivlev1974#693.664#693.968
670;процентов;процент;NOUN;_;Animacy=Inan|Case=Gen|Gender=Masc|Number=Plur;_;_;_;Word#@ivlev1974#@ivlev1974#693.968#694.272
671;людей;человек;NOUN;_;Animacy=Anim|Case=Gen|Gender=Masc|Number=Plur;_;_;_;Word#@ivlev1974#@ivlev1974#694.272#694.576
672;которые;который;PRON;_;Case=Acc;_;_;_;Word#@ivlev1974#@ivlev1974#694.576#694.88
673;посещают;посещать;VERB;_;Aspect=Imp|Mood=Ind|Number=Plur|Person=3|Tense=Pres|VerbForm=Fin|Voice=Act;_;_;_;Word#@ivlev1974#@ivlev1974#694.88#695.184
674;ресторан;ресторан;NOUN;_;Animacy=Inan|Case=Acc|Gender=Masc|Number=Sing;_;_;_;Word#@ivlev1974#@ivlev1974#695.184#695.488
675;с;с;ADP;_;_;_;_;_;Word#@ivlev1974#@ivlev1974#695.488#695.792
676;молекулярной;молекулярный;ADJ;_;Case=Ins|Degree=Pos|Gender=Fem|Number=Sing;_;_;_;Word#@ivlev1974#@ivlev1974#695.792#696.096
677;кухней;кухня;NOUN;_;Animacy=Inan|Case=Ins|Gender=Fem|Number=Sing;_;_;_;Word#@ivlev1974#@ivlev1974#696.096#696.4
678;/;/;PUNCT;_;_;_;_;_;Word#@ivlev1974#@ivlev1974#696.4#696.704
679;они;они;PRON;_;Case=Nom|Number=Plur|Person=3;_;_;_;Word#@ivlev1974#@ivlev1974#696.704#697.008
680;потом;потом;ADV;_;Degree=Pos;_;_;_;Word#@ivlev1974#@ivlev1974#697.008#697.312
681;идут;идти;VERB;_;Aspect=Imp|Mood=Ind|Number=Plur|Person=3|Tense=Pres|VerbForm=Fin|Voice=Act;_;_;_;Word#@ivlev1974#@ivlev1974#697.312#697.616
682;в;в;ADP;_;_;_;_;_;Word#@ivlev1974#@ivlev1974#697.616#697.92
683;макдональдс;макдональдс;NOUN;_;Animacy=Inan|Case=Acc|Gender=Masc|Number=Sing;_;_;_;Word#@ivlev1974#@ivlev1974#697.92#698.224
684;и;и;CCONJ;_;_;_;_;_;Word#@ivlev1974#@ivlev1974#698.224#698.528
685;отъедаются;отъедаться;VERB;_;Aspect=Imp|Mood=Ind|Number=Plur|Person=3|Tense=Pres|VerbForm=Fin|Voice=Mid;_;_;_;Word#@ivlev1974#@ivlev1974#698.528#698.832
686;/;/;PUNCT;_;_;_;_;_;Word#@ivlev1974#@ivlev1974#698.832#699.136
687;потому;потому;SCONJ;_;_;_;_;_;Word#@ivlev1974#@ivlev1974#699.136#699.44
688;что;что;SCONJ;_;_;_;_;_;Word#@ivlev1974#@ivlev1974#699.44#699.744
689;там;там;ADV;_;Degree=Pos;_;_;_;Word#@ivlev1974#@ivlev1974#699.744#700.048
690;ну;ну;PART;_;_;_;_;_;Word#@ivlev1974#@ivlev1974#700.048#700.352
691;/;/;PUNCT;_;_;_;_;_;Word#@ivlev1974#@ivlev1974#700.352#700.656
692;пфр;пфр;X;_;_;_;_;_;Word#@ivlev1974#@ivlev1974#700.656#700.96
693;/;/;PUNCT;_;_;_;_;_;Word#@ivlev1974#@ivlev1974#700.96#701.264
694;это;это;PRON;_;Animacy=Inan|Case=Nom|Gender=Neut|Number=Sing;_;_;_;Word#@ivlev1974#@ivlev1974#701.264#701.568
695;очень;очень;ADV;_;Degree=Pos;_;_;_;Word#@ivlev1974#@ivlev1974#701.568#701.872
696;высокая;высокий;ADJ;_;Case=Nom|Degree=Pos|Gender=Fem|Number=Sing;_;_;_;Word#@ivlev1974#@ivlev1974#701.872#702.176
697;материя;материя;NOUN;_;Animacy=Inan|Case=Nom|Gender=Fem|Number=Sing;_;_;_;Word#@ivlev1974#@ivlev1974#702.176#702.5
698;высокая;высокий;ADJ;_;Case=Nom|Degree=Pos|Gender=Fem|Number=Sing;_;_;_;Word#@ivlev1974#@ivlev1974#702.78#703.032
699;материя;материя;NOUN;_;Animacy=Inan|Case=Nom|Gender=Fem|Number=Sing;_;_;_;Word#@ivlev1974#@ivlev1974#703.032#703.284
700;не;не;PART;_;_;_;_;_;Word#@ivlev1974#@ivlev1974#703.284#703.536
701;то;то;PRON;_;Animacy=Inan|Case=Nom|Gender=Neut|Number=Sing;_;_;_;Word#@ivlev1974#@ivlev1974#703.536#703.788
702;что;что;SCONJ;_;_;_;_;_;Word#@ivlev1974#@ivlev1974#703.788#704.04
703;человек;человек;NOUN;_;Animacy=Anim|Case=Nom|Gender=Masc|Number=Sing;_;_;_;Word#@ivlev1974#@ivlev1974#704.04#704.292
704;не;не;PART;_;_;_;_;_;Word#@ivlev1974#@ivlev1974#704.292#704.544
705;поймёт;понимать;VERB;_;Aspect=Imp|Mood=Ind|Number=Sing|Person=3|Tense=Pres|VerbForm=Fin|Voice=Act;_;_;_;Word#@ivlev1974#@ivlev1974#704.544#704.796
706;/;/;PUNCT;_;_;_;_;_;Word#@ivlev1974#@ivlev1974#704.796#705.048
707;ааа;а;INTJ;_;_;_;_;_;Word#@ivlev1974#@ivlev1974#705.048#705.3
708;/;/;PUNCT;_;_;_;_;_;Word#@ivlev1974#@ivlev1974#705.3#705.552
709;высокая;высокий;ADJ;_;Case=Nom|Degree=Pos|Gender=Fem|Number=Sing;_;_;_;Word#@ivlev1974#@ivlev1974#705.552#705.804
710;материя;материя;NOUN;_;Animacy=Inan|Case=Nom|Gender=Fem|Number=Sing;_;_;_;Word#@ivlev1974#@ivlev1974#705.804#706.056
711;заключается;заключаться;VERB;_;Aspect=Imp|Mood=Ind|Number=Sing|Person=3|Tense=Pres|VerbForm=Fin|Voice=Mid;_;_;_;Word#@ivlev1974#@ivlev1974#706.056#706.308
712;в;в;ADP;_;_;_;_;_;Word#@ivlev1974#@ivlev1974#706.308#706.56
713;том;то;PRON;_;Animacy=Inan|Case=Loc|Gender=Neut|Number=Sing;_;_;_;Word#@ivlev1974#@ivlev1974#706.56#706.812
714;что;что;SCONJ;_;_;_;_;_;Word#@ivlev1974#@ivlev1974#706.812#707.064
715;тебе;ты;PRON;_;Case=Dat|Number=Sing|Person=2;_;_;_;Word#@ivlev1974#@ivlev1974#707.064#707.316
716;надо;надо;ADV;_;Degree=Pos;_;_;_;Word#@ivlev1974#@ivlev1974#707.316#707.568
717;этим;это;PRON;_;Animacy=Inan|Case=Ins|Gender=Neut|Number=Sing;_;_;_;Word#@ivlev1974#@ivlev1974#707.568#707.82
718;увлекаться;увлекаться;VERB;_;Aspect=Imp|VerbForm=Inf|Voice=Mid;_;_;_;Word#@ivlev1974#@ivlev1974#707.82#708.072
719;/;/;PUNCT;_;_;_;_;_;Word#@ivlev1974#@ivlev1974#708.072#708.324
720;потому;потому;SCONJ;_;_;_;_;_;Word#@ivlev1974#@ivlev1974#708.324#708.576
721;что;что;SCONJ;_;_;_;_;_;Word#@ivlev1974#@ivlev1974#708.576#708.828
722;если;если;SCONJ;_;_;_;_;_;Word#@ivlev1974#@ivlev1974#708.828#709.08
723;ты;ты;PRON;_;Case=Nom|Number=Sing|Person=2;_;_;_;Word#@ivlev1974#@ivlev1974#709.08#709.332
724;придёшь;придёть;VERB;_;Aspect=Perf|Mood=Ind|Number=Sing|Person=2|Tense=Fut|VerbForm=Fin|Voice=Act;_;_;_;Word#@ivlev1974#@ivlev1974#709.332#709.584
725;неподготовленный;неподготовленный;PART;_;Animacy=Inan|Case=Acc|Degree=Pos|Gender=Masc|Number=Sing;_;_;_;Word#@ivlev1974#@ivlev1974#709.584#709.836
726;/;/;PUNCT;_;_;_;_;_;Word#@ivlev1974#@ivlev1974#709.836#710.088
727;да;да;INTJ;_;_;_;_;_;Word#@ivlev1974#@ivlev1974#710.088#710.34
728;то;то;PRON;_;Animacy=Inan|Case=Nom|Gender=Neut|Number=Sing;_;_;_;Word#@ivlev1974#@ivlev1974#710.34#710.592
729;есть;быть;VERB;_;Aspect=Imp|Mood=Ind|Number=Sing|Person=3|Tense=Pres|VerbForm=Fin|Voice=Act;_;_;_;Word#@ivlev1974#@ivlev1974#710.592#710.844
730;всю;весь;DET;_;Case=Acc|Gender=Fem|Number=Sing;_;_;_;Word#@ivlev1974#@ivlev1974#710.844#711.096
731;жизнь;жизнь;NOUN;_;Animacy=Inan|Case=Acc|Gender=Fem|Number=Sing;_;_;_;Word#@ivlev1974#@ivlev1974#711.096#711.348
732;ел;есть;VERB;_;Aspect=Imp|Gender=Masc|Mood=Ind|Number=Sing|Tense=Past|VerbForm=Fin|Voice=Act;_;_;_;Word#@ivlev1974#@ivlev1974#711.348#711.6
733;сосиски;сосиска;NOUN;_;Animacy=Inan|Case=Acc|Gender=Fem|Number=Plur;_;_;_;Word#@ivlev1974#@ivlev1974#711.6#711.852
734;либо;либо;CCONJ;_;_;_;_;_;Word#@ivlev1974#@ivlev1974#711.852#712.104
735;доширак;доширак;NOUN;_;Animacy=Inan|Case=Acc|Gender=Masc|Number=Sing;_;_;_;Word#@ivlev1974#@ivlev1974#712.104#712.356
736;/;/;PUNCT;_;_;_;_;_;Word#@ivlev1974#@ivlev1974#712.356#712.608
737;пришёл;прийти;VERB;_;Aspect=Perf|Gender=Masc|Mood=Ind|Number=Sing|Tense=Past|VerbForm=Fin|Voice=Act;_;_;_;Word#@ivlev1974#@ivlev1974#712.608#712.86
738;в;в;ADP;_;_;_;_;_;Word#@ivlev1974#@ivlev1974#712.86#713.112
739;молекулярный;молекулярный;ADJ;_;Animacy=Inan|Case=Acc|Degree=Pos|Gender=Masc|Number=Sing;_;_;_;Word#@ivlev1974#@ivlev1974#713.112#713.364
740;ресторан;ресторан;NOUN;_;Animacy=Inan|Case=Acc|Gender=Masc|Number=Sing;_;_;_;Word#@ivlev1974#@ivlev1974#713.364#713.616
741;/;/;PUNCT;_;_;_;_;_;Word#@ivlev1974#@ivlev1974#713.616#713.868
742;конечно;конечно;ADV;_;Degree=Pos;_;_;_;Word#@ivlev1974#@ivlev1974#713.868#714.12
743;ты;ты;PRON;_;Case=Nom|Number=Sing|Person=2;_;_;_;Word#@ivlev1974#@ivlev1974#714.12#714.372
744;нихера;хер;NOUN;_;Animacy=Anim|Case=Acc|Gender=Masc|Number=Sing;_;_;_;Word#@ivlev1974#@ivlev1974#714.372#714.624
745;не;не;PART;_;_;_;_;_;Word#@ivlev1974#@ivlev1974#714.624#714.876
746;поймёшь;поймёть;VERB;_;Aspect=Perf|Mood=Ind|Number=Sing|Person=2|Tense=Fut|VerbForm=Fin|Voice=Act;_;_;_;Word#@ivlev1974#@ivlev1974#714.876#715.16
747;тебе;ты;PRON;_;Case=Dat|Number=Sing|Person=2;_;_;_;Word#@ivlev1974#@ivlev1974#715.4#715.647
748;принесли;принести;VERB;_;Aspect=Perf|Mood=Ind|Number=Plur|Tense=Past|VerbForm=Fin|Voice=Act;_;_;_;Word#@ivlev1974#@ivlev1974#715.647#715.894
749;пенку;пенка;NOUN;_;Animacy=Inan|Case=Acc|Gender=Fem|Number=Sing;_;_;_;Word#@ivlev1974#@ivlev1974#715.894#716.141
750;/;/;PUNCT;_;_;_;_;_;Word#@ivlev1974#@ivlev1974#716.141#716.388
751;а;а;CCONJ;_;_;_;_;_;Word#@ivlev1974#@ivlev1974#716.388#716.635
752;она;она;PRON;_;Case=Nom|Gender=Fem|Number=Sing|Person=3;_;_;_;Word#@ivlev1974#@ivlev1974#716.635#716.882
753;со;с;ADP;_;_;_;_;_;Word#@ivlev1974#@ivlev1974#716.882#717.129
754;вкусом;вкус;NOUN;_;Animacy=Inan|Case=Ins|Gender=Masc|Number=Sing;_;_;_;Word#@ivlev1974#@ivlev1974#717.129#717.376
755;селёдки;селёдка;NOUN;_;Animacy=Inan|Case=Gen|Gender=Fem|Number=Sing;_;_;_;Word#@ivlev1974#@ivlev1974#717.376#717.623
756;/;/;PUNCT;_;_;_;_;_;Word#@ivlev1974#@ivlev1974#717.623#717.87
757;и;и;CCONJ;_;_;_;_;_;Word#@ivlev1974#@ivlev1974#717.87#718.117
758;ты;ты;PRON;_;Case=Nom|Number=Sing|Person=2;_;_;_;Word#@ivlev1974#@ivlev1974#718.117#718.364
759;сидишь;сидеть;VERB;_;Aspect=Imp|Mood=Ind|Number=Sing|Person=2|Tense=Pres|VerbForm=Fin|Voice=Act;_;_;_;Word#@ivlev1974#@ivlev1974#718.364#718.611
760;и;и;CCONJ;_;_;_;_;_;Word#@ivlev1974#@ivlev1974#718.611#718.858
761;думаешь;думать;VERB;_;Aspect=Imp|Mood=Ind|Number=Sing|Person=2|Tense=Pres|VerbForm=Fin|Voice=Act;_;_;_;Word#@ivlev1974#@ivlev1974#718.858#719.11
762;/;/;PUNCT;_;_;_;_;_;Word#@ivlev1974#@ivlev1974#719.11#719.375
763;ну;ну;PART;_;_;_;_;_;Word#@ivlev1974#@ivlev1974#719.375#719.64
764;как;как;ADV;_;Degree=Pos;_;_;_;Word#@ivlev1974#@ivlev1974#719.64#719.905
765;так;так;ADV;_;Degree=Pos;_;_;_;Word#@ivlev1974#@ivlev1974#719.905#720.17
766;/;/;PUNCT;_;_;_;_;_;Word#@ivlev1974#@ivlev1974#720.17#720.435
767;суки;сука;NOUN;_;Animacy=Inan|Case=Acc|Gender=Fem|Number=Plur;_;_;_;Word#@ivlev1974#@ivlev1974#720.435#720.7
768;что;что;PRON;_;Case=Acc;_;_;_;Word#@ivlev1974#@ivlev1974#720.7#720.965
769;то;то;SCONJ;_;_;_;_;_;Word#@ivlev1974#@ivlev1974#720.965#721.23
770;здесь;здесь;ADV;_;Degree=Pos;_;_;_;Word#@ivlev1974#@ivlev1974#721.23#721.495
771;намудрили;намудрить;VERB;_;Aspect=Perf|Mood=Ind|Number=Plur|Tense=Past|VerbForm=Fin|Voice=Act;_;_;_;Word#@ivlev1974#@ivlev1974#721.495#721.76
772;/;/;PUNCT;_;_;_;_;_;Word#@ivlev1974#@ivlev1974#721.76#722.025
773;а;а;CCONJ;_;_;_;_;_;Word#@ivlev1974#@ivlev1974#722.025#722.29
774;на;на;ADP;_;_;_;_;_;Word#@ivlev1974#@ivlev1974#722.29#722.555
775;самом;самый;ADJ;_;Case=Loc|Degree=Pos|Gender=Neut|Number=Sing;_;_;_;Word#@ivlev1974#@ivlev1974#722.555#722.82
776;деле;дело;NOUN;_;Animacy=Inan|Case=Loc|Gender=Neut|Number=Sing;_;_;_;Word#@ivlev1974#@ivlev1974#722.82#723.085
777;ниче;ничего;PRON;_;_;_;_;_;Word#@ivlev1974#@ivlev1974#723.085#723.35
778;страшного;страшный;ADJ;_;Case=Gen|Degree=Pos|Gender=Masc|Number=Sing;_;_;_;Word#@ivlev1974#@ivlev1974#723.35#723.615
779;нет;нет;VERB;_;Aspect=Imp|Mood=Ind|Number=Sing|Person=3|Tense=Pres|VerbForm=Fin|Voice=Act;_;_;_;Word#@ivlev1974#@ivlev1974#723.615#723.88
780;/;/;PUNCT;_;_;_;_;_;Word#@ivlev1974#@ivlev1974#723.88#724.145
781;всё;все;PRON;_;Animacy=Inan|Case=Nom|Gender=Neut|Number=Sing;_;_;_;Word#@ivlev1974#@ivlev1974#724.145#724.41
782;нормально;нормальный;ADV;_;Degree=Pos;_;_;_;Word#@ivlev1974#@ivlev1974#724.41#724.675
783;/;/;PUNCT;_;_;_;_;_;Word#@ivlev1974#@ivlev1974#724.675#724.94
784;просто;просто;PART;_;_;_;_;_;Word#@ivlev1974#@ivlev1974#724.94#725.205
785;взяли;брать;VERB;_;Aspect=Perf|Mood=Ind|Number=Plur|Tense=Past|VerbForm=Fin|Voice=Act;_;_;_;Word#@ivlev1974#@ivlev1974#725.205#725.47
786;сделали;делать;VERB;_;Aspect=Perf|Mood=Ind|Number=Plur|Tense=Past|VerbForm=Fin|Voice=Act;_;_;_;Word#@ivlev1974#@ivlev1974#725.47#725.735
787;выжимку;выжимка;NOUN;_;Animacy=Inan|Case=Acc|Gender=Fem|Number=Sing;_;_;_;Word#@ivlev1974#@ivlev1974#725.735#726.0
788;/;/;PUNCT;_;_;_;_;_;Word#@ivlev1974#@ivlev1974#726.0#726.265
789;вот;вот;PART;_;_;_;_;_;Word#@ivlev1974#@ivlev1974#726.265#726.53
790;у;у;ADP;_;_;_;_;_;Word#@ivlev1974#@ivlev1974#726.53#726.795
791;нас;мы;PRON;_;Case=Gen|Number=Plur|Person=1;_;_;_;Word#@ivlev1974#@ivlev1974#726.795#727.06
792;есть;быть;VERB;_;Aspect=Imp|Mood=Ind|Number=Sing|Person=3|Tense=Pres|VerbForm=Fin|Voice=Act;_;_;_;Word#@ivlev1974#@ivlev1974#727.06#727.325
793;там;там;ADV;_;Degree=Pos;_;_;_;Word#@ivlev1974#@ivlev1974#727.325#727.59
794;Толя;Толя;PROPN;_;Animacy=Anim|Case=Nom|Gender=Masc|Number=Sing;_;_;_;Word#@ivlev1974#@ivlev1974#727.59#727.855
795;Ком;_;X;_;_;_;_;_;Word#@ivlev1974#@ivlev1974#727.855#728.12
796;/;/;PUNCT;_;_;_;_;_;Word#@ivlev1974#@ivlev1974#728.12#728.385
797;да;да;INTJ;_;_;_;_;_;Word#@ivlev1974#@ivlev1974#728.385#728.65
798;то;то;PRON;_;Animacy=Inan|Case=Nom|Gender=Neut|Number=Sing;_;_;_;Word#@ivlev1974#@ivlev1974#728.65#728.915
799;есть;быть;VERB;_;Aspect=Imp|Mood=Ind|Number=Sing|Person=3|Tense=Pres|VerbForm=Fin|Voice=Act;_;_;_;Word#@ivlev1974#@ivlev1974#728.915#729.18
800;один;один;NUM;_;Case=Nom|Gender=Masc;_;_;_;Word#@ivlev1974#@ivlev1974#729.18#729.445
801;из;из;ADP;_;_;_;_;_;Word#@ivlev1974#@ivlev1974#729.445#729.71
802;первых;первый;ADJ;_;Case=Gen|Degree=Pos|Number=Plur;_;_;_;Word#@ivlev1974#@ivlev1974#729.71#729.975
803;русских;русский;ADJ;_;Case=Gen|Degree=Pos|Number=Plur;_;_;_;Word#@ivlev1974#@ivlev1974#729.975#730.24
804;шефов;шеф;NOUN;_;Animacy=Inan|Case=Gen|Gender=Masc|Number=Plur;_;_;_;Word#@ivlev1974#@ivlev1974#730.24#730.505
805;/;/;PUNCT;_;_;_;_;_;Word#@ivlev1974#@ivlev1974#730.505#730.77
806;который;который;PRON;_;Case=Nom;_;_;_;Word#@ivlev1974#@ivlev1974#730.77#731.035
807;занялся;заняться;VERB;_;Aspect=Perf|Gender=Masc|Mood=Ind|Number=Sing|Tense=Past|VerbForm=Fin|Voice=Mid;_;_;_;Word#@ivlev1974#@ivlev1974#731.035#731.3
808;/;/;PUNCT;_;_;_;_;_;Word#@ivlev1974#@ivlev1974#731.3#731.565
809;высокой;высокий;ADJ;_;Case=Ins|Degree=Pos|Gender=Fem|Number=Sing;_;_;_;Word#@ivlev1974#@ivlev1974#731.565#731.83
810;русской;русский;ADJ;_;Case=Ins|Degree=Pos|Gender=Fem|Number=Sing;_;_;_;Word#@ivlev1974#@ivlev1974#731.83#732.095
811;молекулярной;молекулярный;ADJ;_;Case=Ins|Degree=Pos|Gender=Fem|Number=Sing;_;_;_;Word#@ivlev1974#@ivlev1974#732.095#732.36
812;кухней;кухня;NOUN;_;Animacy=Inan|Case=Ins|Gender=Fem|Number=Sing;_;_;_;Word#@ivlev1974#@ivlev1974#732.36#732.625
813;/;/;PUNCT;_;_;_;_;_;Word#@ivlev1974#@ivlev1974#732.625#732.89
814;он;он;PRON;_;Case=Nom|Gender=Masc|Number=Sing|Person=3;_;_;_;Word#@ivlev1974#@ivlev1974#732.89#733.155
815;запатентовал;патентовать;VERB;_;Aspect=Perf|Gender=Masc|Mood=Ind|Number=Sing|Tense=Past|VerbForm=Fin|Voice=Act;_;_;_;Word#@ivlev1974#@ivlev1974#733.155#733.42
816;мороженое;мороженое;NOUN;_;Animacy=Inan|Case=Acc|Gender=Neut|Number=Sing;_;_;_;Word#@ivlev1974#@ivlev1974#733.42#733.685
817;/;/;PUNCT;_;_;_;_;_;Word#@ivlev1974#@ivlev1974#733.685#733.95
818;мороженое;мороженое;NOUN;_;Animacy=Inan|Case=Acc|Gender=Neut|Number=Sing;_;_;_;Word#@ivlev1974#@ivlev1974#733.95#734.215
819;винегрет;винегрет;NOUN;_;Animacy=Inan|Case=Acc|Gender=Masc|Number=Sing;_;_;_;Word#@ivlev1974#@ivlev1974#734.215#734.48
820;/;/;PUNCT;_;_;_;_;_;Word#@ivlev1974#@ivlev1974#734.48#734.745
821;оливье;оливье;NOUN;_;Animacy=Inan|Case=Acc|Gender=Neut|Number=Sing;_;_;_;Word#@ivlev1974#@ivlev1974#734.745#735.01
822;/;/;PUNCT;_;_;_;_;_;Word#@ivlev1974#@ivlev1974#735.01#735.275
823;селёдка;селёдка;NOUN;_;Animacy=Inan|Case=Nom|Gender=Fem|Number=Sing;_;_;_;Word#@ivlev1974#@ivlev1974#735.275#735.54
824;/;/;PUNCT;_;_;_;_;_;Word#@ivlev1974#@ivlev1974#735.54#735.805
825;полная;полный;ADJ;_;Case=Nom|Degree=Pos|Gender=Fem|Number=Sing;_;_;_;Word#@ivlev1974#@ivlev1974#735.805#736.07
826;херня;херня;NOUN;_;Animacy=Inan|Case=Nom|Gender=Fem|Number=Sing;_;_;_;Word#@ivlev1974#@ivlev1974#736.07#736.335
827;/;/;PUNCT;_;_;_;_;_;Word#@ivlev1974#@ivlev1974#736.335#736.6
828;но;но;CCONJ;_;_;_;_;_;Word#@ivlev1974#@ivlev1974#736.6#736.865
829;зато;зато;PART;_;_;_;_;_;Word#@ivlev1974#@ivlev1974#736.865#737.13
830;он;он;PRON;_;Case=Nom|Gender=Masc|Number=Sing|Person=3;_;_;_;Word#@ivlev1974#@ivlev1974#737.13#737.395
831;себя;себя;PRON;_;Case=Acc;_;_;_;Word#@ivlev1974#@ivlev1974#737.395#737.66
832;считает;считать;VERB;_;Aspect=Imp|Mood=Ind|Number=Sing|Person=3|Tense=Pres|VerbForm=Fin|Voice=Act;_;_;_;Word#@ivlev1974#@ivlev1974#737.66#737.925
833;крутым;крутой;ADJ;_;Case=Ins|Degree=Pos|Gender=Masc|Number=Sing;_;_;_;Word#@ivlev1974#@ivlev1974#737.925#738.24
834;один;один;NUM;_;Animacy=Inan|Case=Acc|Gender=Masc;_;_;_;Word#@ivlev1974#@ivlev1974#744.42#744.672
835;в;в;ADP;_;_;_;_;_;Word#@ivlev1974#@ivlev1974#744.672#744.924
836;поле;поле;NOUN;_;Animacy=Inan|Case=Acc|Gender=Neut|Number=Sing;_;_;_;Word#@ivlev1974#@ivlev1974#744.924#745.176
837;не;не;PART;_;_;_;_;_;Word#@ivlev1974#@ivlev1974#745.176#745.428
838;воин;воин;NOUN;_;Animacy=Inan|Case=Acc|Gender=Masc|Number=Sing;_;_;_;Word#@ivlev1974#@ivlev1974#745.428#745.68
839;понимаешь;понимать;VERB;_;Aspect=Imp|Mood=Ind|Number=Sing|Person=2|Tense=Pres|VerbForm=Fin|Voice=Act;_;_;_;Word#@ivlev1974#@ivlev1974#746.56#746.87
840;/;/;PUNCT;_;_;_;_;_;Word#@ivlev1974#@ivlev1974#746.87#747.18
841;эээ;эээ;INTJ;_;_;_;_;_;Word#@ivlev1974#@ivlev1974#747.18#747.49
842;/;/;PUNCT;_;_;_;_;_;Word#@ivlev1974#@ivlev1974#747.49#747.8
843;не;не;PART;_;_;_;_;_;Word#@ivlev1974#@ivlev1974#747.8#748.11
844;Жуков;Жуков;NOUN;_;Animacy=Anim|Case=Nom|Gender=Masc|Number=Sing;_;_;_;Word#@ivlev1974#@ivlev1974#748.11#748.42
845;же;же;PART;_;_;_;_;_;Word#@ivlev1974#@ivlev1974#748.42#748.73
846;выиграл;выиграть;VERB;_;Aspect=Perf|Gender=Masc|Mood=Ind|Number=Sing|Tense=Past|VerbForm=Fin|Voice=Act;_;_;_;Word#@ivlev1974#@ivlev1974#748.73#749.04
847;войну;война;NOUN;_;Animacy=Inan|Case=Acc|Gender=Fem|Number=Sing;_;_;_;Word#@ivlev1974#@ivlev1974#749.04#749.35
848;/;/;PUNCT;_;_;_;_;_;Word#@ivlev1974#@ivlev1974#749.35#749.66
849;Велику;Велика;PROPN;_;Animacy=Inan|Case=Acc|Gender=Fem|Number=Sing;_;_;_;Word#@ivlev1974#@ivlev1974#749.66#749.97
850;Отечественную;отечественный;ADJ;_;Case=Acc|Degree=Pos|Gender=Fem|Number=Sing;_;_;_;Word#@ivlev1974#@ivlev1974#749.97#750.28
851;/;/;PUNCT;_;_;_;_;_;Word#@ivlev1974#@ivlev1974#750.28#750.59
852;и;и;CCONJ;_;_;_;_;_;Word#@ivlev1974#@ivlev1974#750.59#750.9
853;не;не;PART;_;_;_;_;_;Word#@ivlev1974#@ivlev1974#750.9#751.21
854;многие;много;ADJ;_;Case=Nom|Degree=Pos|Number=Plur;_;_;_;Word#@ivlev1974#@ivlev1974#751.21#751.52
855;другие;другой;ADJ;_;Case=Nom|Degree=Pos|Number=Plur;_;_;_;Word#@ivlev1974#@ivlev1974#751.52#751.83
856;генералы;генерал;NOUN;_;Animacy=Anim|Case=Nom|Gender=Masc|Number=Plur;_;_;_;Word#@ivlev1974#@ivlev1974#751.83#752.14
857;/;/;PUNCT;_;_;_;_;_;Word#@ivlev1974#@ivlev1974#752.14#752.45
858;поэтому;поэтому;SCONJ;_;_;_;_;_;Word#@ivlev1974#@ivlev1974#752.45#752.76
859;в;в;ADP;_;_;_;_;_;Word#@ivlev1974#@ivlev1974#752.76#753.07
860;этом;этот;DET;_;Case=Loc|Gender=Masc|Number=Sing;_;_;_;Word#@ivlev1974#@ivlev1974#753.07#753.38
861;плане;план;NOUN;_;Animacy=Inan|Case=Loc|Gender=Masc|Number=Sing;_;_;_;Word#@ivlev1974#@ivlev1974#753.38#753.69
862;/;/;PUNCT;_;_;_;_;_;Word#@ivlev1974#@ivlev1974#753.69#754.0
863;понимаешь;понимать;VERB;_;Aspect=Imp|Mood=Ind|Number=Sing|Person=2|Tense=Pres|VerbForm=Fin|Voice=Act;_;_;_;Word#@ivlev1974#@ivlev1974#754.0#754.31
864;/;/;PUNCT;_;_;_;_;_;Word#@ivlev1974#@ivlev1974#754.31#754.62
865;ты;ты;PRON;_;Case=Nom|Number=Sing|Person=2;_;_;_;Word#@ivlev1974#@ivlev1974#754.62#754.93
866;можешь;мочь;VERB;_;Aspect=Imp|Mood=Ind|Number=Sing|Person=2|Tense=Pres|VerbForm=Fin|Voice=Act;_;_;_;Word#@ivlev1974#@ivlev1974#754.93#755.24
867;быть;быть;AUX;_;Aspect=Imp|VerbForm=Inf|Voice=Act;_;_;_;Word#@ivlev1974#@ivlev1974#755.24#755.55
868;крутым;крутой;ADJ;_;Case=Ins|Degree=Pos|Gender=Masc|Number=Sing;_;_;_;Word#@ivlev1974#@ivlev1974#755.55#755.86
869;шефом;шефо;NOUN;_;Animacy=Anim|Case=Ins|Gender=Masc|Number=Sing;_;_;_;Word#@ivlev1974#@ivlev1974#755.86#756.18
870;ноо;но;CCONJ;_;_;_;_;_;Word#@ivlev1974#@ivlev1974#758.18#758.452
871;/;/;PUNCT;_;_;_;_;_;Word#@ivlev1974#@ivlev1974#758.452#758.724
872;ты;ты;PRON;_;Case=Nom|Number=Sing|Person=2;_;_;_;Word#@ivlev1974#@ivlev1974#758.724#758.996
873;один;один;NUM;_;Case=Nom|Gender=Masc;_;_;_;Word#@ivlev1974#@ivlev1974#758.996#759.268
874;не;не;PART;_;_;_;_;_;Word#@ivlev1974#@ivlev1974#759.268#759.54
875;сможешь;мочь;VERB;_;Aspect=Perf|Mood=Ind|Number=Sing|Person=2|Tense=Fut|VerbForm=Fin|Voice=Act;_;_;_;Word#@ivlev1974#@ivlev1974#759.54#759.812
876;обслужить;обслуживать;VERB;_;Aspect=Perf|VerbForm=Inf|Voice=Act;_;_;_;Word#@ivlev1974#@ivlev1974#759.812#760.084
877;большое;большой;ADJ;_;Case=Acc|Degree=Pos|Gender=Neut|Number=Sing;_;_;_;Word#@ivlev1974#@ivlev1974#760.084#760.356
878;количество;количество;NOUN;_;Animacy=Inan|Case=Acc|Gender=Neut|Number=Sing;_;_;_;Word#@ivlev1974#@ivlev1974#760.356#760.628
879;гостей;гость;NOUN;_;Animacy=Anim|Case=Gen|Gender=Masc|Number=Plur;_;_;_;Word#@ivlev1974#@ivlev1974#760.628#760.9
880;/;/;PUNCT;_;_;_;_;_;Word#@ivlev1974#@ivlev1974#760.9#761.172
881;ну;ну;PART;_;_;_;_;_;Word#@ivlev1974#@ivlev1974#761.172#761.444
882;это;это;PRON;_;Animacy=Inan|Case=Nom|Gender=Neut|Number=Sing;_;_;_;Word#@ivlev1974#@ivlev1974#761.444#761.716
883;ты;ты;PRON;_;Case=Nom|Number=Sing|Person=2;_;_;_;Word#@ivlev1974#@ivlev1974#761.716#761.988
884;с;с;ADP;_;_;_;_;_;Word#@ivlev1974#@ivlev1974#761.988#762.26
885;ума;ум;NOUN;_;Animacy=Inan|Case=Gen|Gender=Masc|Number=Sing;_;_;_;Word#@ivlev1974#@ivlev1974#762.26#762.532
886;просто;просто;PART;_;_;_;_;_;Word#@ivlev1974#@ivlev1974#762.532#762.804
887;сойдёшь;сойдёть;VERB;_;Aspect=Perf|Mood=Ind|Number=Sing|Person=2|Tense=Fut|VerbForm=Fin|Voice=Act;_;_;_;Word#@ivlev1974#@ivlev1974#762.804#763.093
888;/;/;PUNCT;_;_;_;_;_;Word#@ivlev1974#@ivlev1974#763.093#763.382
889;есть;быть;VERB;_;Aspect=Imp|Mood=Ind|Number=Plur|Person=3|Tense=Pres|VerbForm=Fin|Voice=Act;_;_;_;Word#@ivlev1974#@ivlev1974#763.382#763.671
890;маленькие;маленький;ADJ;_;Case=Nom|Degree=Pos|Number=Plur;_;_;_;Word#@ivlev1974#@ivlev1974#763.671#763.96
891;заведения;заведение;NOUN;_;Animacy=Inan|Case=Nom|Gender=Neut|Number=Plur;_;_;_;Word#@ivlev1974#@ivlev1974#763.96#764.249
892;/;/;PUNCT;_;_;_;_;_;Word#@ivlev1974#@ivlev1974#764.249#764.538
893;да;да;INTJ;_;_;_;_;_;Word#@ivlev1974#@ivlev1974#764.538#764.827
894;то;то;PRON;_;Animacy=Inan|Case=Nom|Gender=Neut|Number=Sing;_;_;_;Word#@ivlev1974#@ivlev1974#764.827#765.116
895;есть;быть;VERB;_;Aspect=Imp|Mood=Ind|Number=Sing|Person=3|Tense=Pres|VerbForm=Fin|Voice=Act;_;_;_;Word#@ivlev1974#@ivlev1974#765.116#765.405
896;буквально;буквально;ADV;_;Degree=Pos;_;_;_;Word#@ivlev1974#@ivlev1974#765.405#765.694
897;там;там;ADV;_;Degree=Pos;_;_;_;Word#@ivlev1974#@ivlev1974#765.694#765.983
898;на;на;ADP;_;_;_;_;_;Word#@ivlev1974#@ivlev1974#765.983#766.28
899;где;где;ADV;_;Degree=Pos;_;_;_;Word#@ivlev1974#@ivlev1974#767.22#767.443
900;готовит;готовить;VERB;_;Aspect=Imp|Mood=Ind|Number=Sing|Person=3|Tense=Pres|VerbForm=Fin|Voice=Act;_;_;_;Word#@ivlev1974#@ivlev1974#767.443#767.666
901;вот;вот;PART;_;_;_;_;_;Word#@ivlev1974#@ivlev1974#767.666#767.889
902;один;один;NUM;_;Animacy=Inan|Case=Acc|Gender=Masc;_;_;_;Word#@ivlev1974#@ivlev1974#767.889#768.112
903;шеф;шеф;NOUN;_;Animacy=Inan|Case=Acc|Gender=Masc|Number=Sing;_;_;_;Word#@ivlev1974#@ivlev1974#768.112#768.335
904;/;/;PUNCT;_;_;_;_;_;Word#@ivlev1974#@ivlev1974#768.335#768.558
905;да;да;INTJ;_;_;_;_;_;Word#@ivlev1974#@ivlev1974#768.558#768.781
906;то;то;PRON;_;Animacy=Inan|Case=Nom|Gender=Neut|Number=Sing;_;_;_;Word#@ivlev1974#@ivlev1974#768.781#769.004
907;есть;быть;VERB;_;Aspect=Imp|Mood=Ind|Number=Sing|Person=3|Tense=Pres|VerbForm=Fin|Voice=Act;_;_;_;Word#@ivlev1974#@ivlev1974#769.004#769.227
908;шеф;шеф;NOUN;_;Animacy=Anim|Case=Nom|Gender=Masc|Number=Sing;_;_;_;Word#@ivlev1974#@ivlev1974#769.227#769.45
909;тэйбл;тэйбть;NOUN;_;Aspect=Imp|Gender=Masc|Mood=Ind|Number=Sing;_;_;_;Word#@ivlev1974#@ivlev1974#769.45#769.68
910;там;там;ADV;_;Degree=Pos;_;_;_;Word#@ivlev1974#@ivlev1974#770.66#770.919
911;десять;десять;NUM;_;Case=Nom;_;_;_;Word#@ivlev1974#@ivlev1974#770.919#771.178
912;пятнадцать;пятнадцать;NUM;_;Case=Nom;_;_;_;Word#@ivlev1974#@ivlev1974#771.178#771.437
913;/;/;PUNCT;_;_;_;_;_;Word#@ivlev1974#@ivlev1974#771.437#771.696
914;зачем;зачем;ADV;_;Degree=Pos;_;_;_;Word#@ivlev1974#@ivlev1974#771.696#771.955
915;с;с;ADP;_;_;_;_;_;Word#@ivlev1974#@ivlev1974#771.955#772.214
916;ума;ум;NOUN;_;Animacy=Inan|Case=Gen|Gender=Masc|Number=Sing;_;_;_;Word#@ivlev1974#@ivlev1974#772.214#772.473
917;сходить;сойти;VERB;_;Aspect=Perf|VerbForm=Inf|Voice=Act;_;_;_;Word#@ivlev1974#@ivlev1974#772.473#772.739
918;?;?;PUNCT;_;_;_;_;_;Word#@ivlev1974#@ivlev1974#772.739#773.04
919;когда;когда;ADV;_;Degree=Pos;_;_;_;Word#@ivlev1974#@ivlev1974#773.32#773.57
920;можно;можно;ADV;_;Degree=Pos;_;_;_;Word#@ivlev1974#@ivlev1974#773.57#773.82
921;взять;брать;VERB;_;Aspect=Perf|VerbForm=Inf|Voice=Act;_;_;_;Word#@ivlev1974#@ivlev1974#773.82#774.07
922;/;/;PUNCT;_;_;_;_;_;Word#@ivlev1974#@ivlev1974#774.07#774.32
923;один;один;DET;_;Animacy=Inan|Case=Acc|Degree=Pos|Gender=Masc|Number=Sing;_;_;_;Word#@ivlev1974#@ivlev1974#774.32#774.57
924;те;тот;DET;_;Case=Acc|Number=Plur;_;_;_;Word#@ivlev1974#@ivlev1974#774.57#774.82
925;рыбку;рыбка;NOUN;_;Animacy=Inan|Case=Acc|Gender=Fem|Number=Sing;_;_;_;Word#@ivlev1974#@ivlev1974#774.82#775.07
926;почистит;чистить;VERB;_;Aspect=Perf|Mood=Ind|Number=Sing|Person=3|Tense=Fut|VerbForm=Fin|Voice=Act;_;_;_;Word#@ivlev1974#@ivlev1974#775.07#775.32
927;/;/;PUNCT;_;_;_;_;_;Word#@ivlev1974#@ivlev1974#775.32#775.57
928;другой;другой;ADJ;_;Case=Dat|Degree=Pos|Gender=Fem|Number=Sing;_;_;_;Word#@ivlev1974#@ivlev1974#775.57#775.82
929;те;тот;DET;_;Case=Acc|Number=Plur;_;_;_;Word#@ivlev1974#@ivlev1974#775.82#776.07
930;это;это;PRON;_;Animacy=Inan|Case=Acc|Gender=Neut|Number=Sing;_;_;_;Word#@ivlev1974#@ivlev1974#776.07#776.32
931;сделает;делать;VERB;_;Aspect=Perf|Mood=Ind|Number=Sing|Person=3|Tense=Fut|VerbForm=Fin|Voice=Act;_;_;_;Word#@ivlev1974#@ivlev1974#776.32#776.57
932;/;/;PUNCT;_;_;_;_;_;Word#@ivlev1974#@ivlev1974#776.57#776.82
933;третий;третий;ADJ;_;Animacy=Inan|Case=Acc|Degree=Pos|Gender=Masc|Number=Sing;_;_;_;Word#@ivlev1974#@ivlev1974#776.82#777.07
934;это;это;PRON;_;Animacy=Inan|Case=Nom|Gender=Neut|Number=Sing;_;_;_;Word#@ivlev1974#@ivlev1974#777.07#777.32
935;/;/;PUNCT;_;_;_;_;_;Word#@ivlev1974#@ivlev1974#777.32#777.57
936;да;да;INTJ;_;_;_;_;_;Word#@ivlev1974#@ivlev1974#777.57#777.82
937;нет;нет;INTJ;_;_;_;_;_;Word#@ivlev1974#@ivlev1974#777.82#778.07
938;/;/;PUNCT;_;_;_;_;_;Word#@ivlev1974#@ivlev1974#778.07#778.32
939;ну;ну;PART;_;_;_;_;_;Word#@ivlev1974#@ivlev1974#778.32#778.58
940;надо;надо;ADV;_;Degree=Pos;_;_;_;Word#@ivlev1974#@ivlev1974#778.96#779.221
941;надо;надо;ADV;_;Degree=Pos;_;_;_;Word#@ivlev1974#@ivlev1974#779.221#779.482
942;надо;надо;ADV;_;Degree=Pos;_;_;_;Word#@ivlev1974#@ivlev1974#779.482#779.743
943;надо;надо;ADV;_;Degree=Pos;_;_;_;Word#@ivlev1974#@ivlev1974#779.743#780.004
944;/;/;PUNCT;_;_;_;_;_;Word#@ivlev1974#@ivlev1974#780.004#780.265
945;надо;надо;ADV;_;Degree=Pos;_;_;_;Word#@ivlev1974#@ivlev1974#780.265#780.526
946;/;/;PUNCT;_;_;_;_;_;Word#@ivlev1974#@ivlev1974#780.526#780.787
947;одному;один;ADV;_;Degree=Pos;_;_;_;Word#@ivlev1974#@ivlev1974#780.787#781.048
948;очень;очень;ADV;_;Degree=Pos;_;_;_;Word#@ivlev1974#@ivlev1974#781.048#781.309
949;сложно;сложный;ADJ;_;Degree=Pos|Gender=Neut|Number=Sing|Variant=Short;_;_;_;Word#@ivlev1974#@ivlev1974#781.309#781.57
950;/;/;PUNCT;_;_;_;_;_;Word#@ivlev1974#@ivlev1974#781.57#781.831
951;да;да;INTJ;_;_;_;_;_;Word#@ivlev1974#@ivlev1974#781.831#782.092
952;и;и;PART;_;_;_;_;_;Word#@ivlev1974#@ivlev1974#782.092#782.353
953;не;не;PART;_;_;_;_;_;Word#@ivlev1974#@ivlev1974#782.353#782.614
954;нужно;нужный;ADJ;_;Degree=Pos|Gender=Neut|Number=Sing|Variant=Short;_;_;_;Word#@ivlev1974#@ivlev1974#782.614#782.875
955;/;/;PUNCT;_;_;_;_;_;Word#@ivlev1974#@ivlev1974#782.875#783.136
956;надо;надо;ADV;_;Degree=Pos;_;_;_;Word#@ivlev1974#@ivlev1974#783.136#783.397
957;учить;учить;VERB;_;Aspect=Imp|VerbForm=Inf|Voice=Act;_;_;_;Word#@ivlev1974#@ivlev1974#783.397#783.658
958;людей;человек;NOUN;_;Animacy=Anim|Case=Acc|Gender=Masc|Number=Plur;_;_;_;Word#@ivlev1974#@ivlev1974#783.658#783.919
959;/;/;PUNCT;_;_;_;_;_;Word#@ivlev1974#@ivlev1974#783.919#784.18
960;ты;ты;PRON;_;Case=Nom|Number=Sing|Person=2;_;_;_;Word#@ivlev1974#@ivlev1974#784.18#784.441
961;ж;же;PART;_;_;_;_;_;Word#@ivlev1974#@ivlev1974#784.441#784.702
962;передаёшь;передаёть;VERB;_;Aspect=Perf|Mood=Ind|Number=Sing|Person=2|Tense=Fut|VerbForm=Fin|Voice=Act;_;_;_;Word#@ivlev1974#@ivlev1974#784.702#784.963
963;знания;знание;NOUN;_;Animacy=Inan|Case=Acc|Gender=Neut|Number=Plur;_;_;_;Word#@ivlev1974#@ivlev1974#784.963#785.224
964;/;/;PUNCT;_;_;_;_;_;Word#@ivlev1974#@ivlev1974#785.224#785.485
965;понимаешь;понимать;VERB;_;Aspect=Imp|Mood=Ind|Number=Sing|Person=2|Tense=Pres|VerbForm=Fin|Voice=Act;_;_;_;Word#@ivlev1974#@ivlev1974#785.485#785.746
966;/;/;PUNCT;_;_;_;_;_;Word#@ivlev1974#@ivlev1974#785.746#786.007
967;чем;чем;SCONJ;_;_;_;_;_;Word#@ivlev1974#@ivlev1974#786.007#786.268
968;больше;больше;ADV;_;Degree=Cmp;_;_;_;Word#@ivlev1974#@ivlev1974#786.268#786.529
969;будет;быть;AUX;_;Aspect=Imp|Mood=Ind|Number=Sing|Person=3|Tense=Pres|VerbForm=Fin|Voice=Act;_;_;_;Word#@ivlev1974#@ivlev1974#786.529#786.79
970;нормальных;нормальный;ADJ;_;Case=Gen|Degree=Pos|Number=Plur;_;_;_;Word#@ivlev1974#@ivlev1974#786.79#787.051
971;людей;человек;NOUN;_;Animacy=Anim|Case=Gen|Gender=Masc|Number=Plur;_;_;_;Word#@ivlev1974#@ivlev1974#787.051#787.312
972;/;/;PUNCT;_;_;_;_;_;Word#@ivlev1974#@ivlev1974#787.312#787.573
973;тем;тот;DET;_;Case=Dat|Number=Plur;_;_;_;Word#@ivlev1974#@ivlev1974#787.573#787.834
974;будет;быть;AUX;_;Aspect=Imp|Mood=Ind|Number=Sing|Person=3|Tense=Pres|VerbForm=Fin|Voice=Act;_;_;_;Word#@ivlev1974#@ivlev1974#787.834#788.095
975;адекватнее;адекватный;ADJ;_;Degree=Cmp;_;_;_;Word#@ivlev1974#@ivlev1974#788.095#788.356
976;/;/;PUNCT;_;_;_;_;_;Word#@ivlev1974#@ivlev1974#788.356#788.617
977;что;что;SCONJ;_;_;_;_;_;Word#@ivlev1974#@ivlev1974#788.617#788.878
978;в;в;ADP;_;_;_;_;_;Word#@ivlev1974#@ivlev1974#788.878#789.139
979;телевидение;телевидение;NOUN;_;Animacy=Inan|Case=Acc|Gender=Neut|Number=Sing;_;_;_;Word#@ivlev1974#@ivlev1974#789.139#789.4
980;/;/;PUNCT;_;_;_;_;_;Word#@ivlev1974#@ivlev1974#789.4#789.661
981;да;да;INTJ;_;_;_;_;_;Word#@ivlev1974#@ivlev1974#789.661#789.922
982;то;то;PRON;_;Animacy=Inan|Case=Nom|Gender=Neut|Number=Sing;_;_;_;Word#@ivlev1974#@ivlev1974#789.922#790.183
983;есть;быть;VERB;_;Aspect=Imp|Mood=Ind|Number=Sing|Person=3|Tense=Pres|VerbForm=Fin|Voice=Act;_;_;_;Word#@ivlev1974#@ivlev1974#790.183#790.444
984;что;что;SCONJ;_;_;_;_;_;Word#@ivlev1974#@ivlev1974#790.444#790.705
985;в;в;ADP;_;_;_;_;_;Word#@ivlev1974#@ivlev1974#790.705#790.966
986;кухне;кухня;NOUN;_;Animacy=Inan|Case=Loc|Gender=Fem|Number=Sing;_;_;_;Word#@ivlev1974#@ivlev1974#790.966#791.227
987;/;/;PUNCT;_;_;_;_;_;Word#@ivlev1974#@ivlev1974#791.227#791.488
988;что;что;SCONJ;_;_;_;_;_;Word#@ivlev1974#@ivlev1974#791.488#791.749
989;во;в;ADP;_;_;_;_;_;Word#@ivlev1974#@ivlev1974#791.749#792.01
990;всём;весь;DET;_;Case=Loc|Gender=Neut|Number=Sing;_;_;_;Word#@ivlev1974#@ivlev1974#792.01#792.271
991;остальном;остальной;ADJ;_;Case=Loc|Degree=Pos|Gender=Neut|Number=Sing;_;_;_;Word#@ivlev1974#@ivlev1974#792.271#792.532
992;/;/;PUNCT;_;_;_;_;_;Word#@ivlev1974#@ivlev1974#792.532#792.793
993;поэтому;поэтому;ADV;_;Degree=Pos;_;_;_;Word#@ivlev1974#@ivlev1974#792.793#793.054
994;один;один;NUM;_;Case=Nom|Gender=Masc;_;_;_;Word#@ivlev1974#@ivlev1974#793.054#793.315
995;в;в;ADP;_;_;_;_;_;Word#@ivlev1974#@ivlev1974#793.315#793.576
996;поле;поле;NOUN;_;Animacy=Inan|Case=Loc|Gender=Neut|Number=Sing;_;_;_;Word#@ivlev1974#@ivlev1974#793.576#793.837
997;не;не;PART;_;_;_;_;_;Word#@ivlev1974#@ivlev1974#793.837#794.098
998;воин;воин;ADJ;_;Degree=Pos|Gender=Masc|Number=Sing|Variant=Short;_;_;_;Word#@ivlev1974#@ivlev1974#794.098#794.38
999;пудинг;пудинг;NOUN;_;Animacy=Inan|Case=Nom|Gender=Masc|Number=Sing;_;_;_;Word#@ivlev1974#@ivlev1974#798.699#799.379
1000;дааа;даа;INTJ;_;_;_;_;_;Word#@ivlev1974#@ivlev1974#799.859#800.719
1001;красавчик;красавчик;NOUN;_;Animacy=Anim|Case=Nom|Gender=Masc|Number=Sing;_;_;_;Word#@ivlev1974#@ivlev1974#801.759#802.249
1002;/;/;PUNCT;_;_;_;_;_;Word#@ivlev1974#@ivlev1974#802.249#802.739
1003;экране;экран;NOUN;_;Animacy=Inan|Case=Loc|Gender=Masc|Number=Sing;_;_;_;Word#на-text##на-text#573.959#574.441
1004;вопрос;вопрос;NOUN;_;Animacy=Inan|Case=Nom|Gender=Masc|Number=Sing;_;_;_;Word#на-text##на-text#574.441#574.923
1005;/;/;PUNCT;_;_;_;_;_;Word#на-text##на-text#574.923#575.405
1006;в;в;ADP;_;_;_;_;_;Word#на-text##на-text#575.405#575.887
1007;чём;что;PRON;_;Case=Loc;_;_;_;Word#на-text##на-text#575.887#576.369
1008;прикол;прикол;NOUN;_;Animacy=Inan|Case=Nom|Gender=Masc|Number=Sing;_;_;_;Word#на-text##на-text#576.369#576.851
1009;молекулярной;молекулярный;ADJ;_;Case=Gen|Degree=Pos|Gender=Fem|Number=Sing;_;_;_;Word#на-text##на-text#576.851#577.333
1010;кухни;кухня;NOUN;_;Animacy=Inan|Case=Gen|Gender=Fem|Number=Sing;_;_;_;Word#на-text##на-text#577.333#577.816
1011;?;?;PUNCT;_;_;_;_;_;Word#на-text##на-text#577.816#578.919
1012;экране;экран;NOUN;_;Animacy=Inan|Case=Loc|Gender=Masc|Number=Sing;_;_;_;Word#на-text##на-text#738.379#738.804
1013;вопрос;вопрос;NOUN;_;Animacy=Inan|Case=Nom|Gender=Masc|Number=Sing;_;_;_;Word#на-text##на-text#738.804#739.229
1014;/;/;PUNCT;_;_;_;_;_;Word#на-text##на-text#739.229#739.654
1015;если;если;SCONJ;_;_;_;_;_;Word#на-text##на-text#739.654#740.079
1016;шеф-повар;шеф-повар;NOUN;_;Animacy=Anim|Case=Nom|Gender=Masc|Number=Sing;_;_;_;Word#на-text##на-text#740.079#740.504
1017;готовит;готовить;VERB;_;Aspect=Imp|Mood=Ind|Number=Sing|Person=3|Tense=Pres|VerbForm=Fin|Voice=Act;_;_;_;Word#на-text##на-text#740.504#740.929
1018;лучше;хорошо;ADV;_;Degree=Cmp;_;_;_;Word#на-text##на-text#740.929#741.354
1019;всех;все;PRON;_;Animacy=Anim|Case=Acc|Number=Plur;_;_;_;Word#на-text##на-text#741.354#741.779
1020;/;/;PUNCT;_;_;_;_;_;Word#на-text##на-text#741.779#742.204
1021;зачем;зачем;ADV;_;Degree=Pos;_;_;_;Word#на-text##на-text#742.204#742.629
1022;остальные;остальной;ADJ;_;Case=Nom|Degree=Pos|Number=Plur;_;_;_;Word#на-text##на-text#742.629#743.054
1023;на;на;ADP;_;_;_;_;_;Word#на-text##на-text#743.054#743.479
1024;кухне;кухня;NOUN;_;Animacy=Inan|Case=Loc|Gender=Fem|Number=Sing;_;_;_;Word#на-text##на-text#743.479#743.904
1025;?;?;PUNCT;_;_;_;_;_;Word#на-text##на-text#743.904#744.339
1026;экране;экран;NOUN;_;Animacy=Inan|Case=Loc|Gender=Masc|Number=Sing;_;_;_;Word#на-text##на-text#794.619#795.282
1027;вопрос;вопрос;NOUN;_;Animacy=Inan|Case=Nom|Gender=Masc|Number=Sing;_;_;_;Word#на-text##на-text#795.282#795.945
1028;/;/;PUNCT;_;_;_;_;_;Word#на-text##на-text#795.945#796.608
1029;пудинг;пудинг;NOUN;_;Animacy=Inan|Case=Nom|Gender=Masc|Number=Sing;_;_;_;Word#на-text##на-text#796.608#797.271
1030;красавчик;красавчик;NOUN;_;Animacy=Inan|Case=Gen|Gender=Fem|Number=Plur;_;_;_;Word#на-text##на-text#797.271#797.934
1031;?;?;PUNCT;_;_;_;_;_;Word#на-text##на-text#797.934#798.599
