1;Äâóõìåòðîâàÿ;Äâóõìåòðîâûé;ADJ;_;Case=Nom|Degree=Pos|Gender=Fem|Number=Sing;_;_;_;@dap1994m-words#@dap1994m#2569.01#2569.46
2;áåëàÿ;áåëûé;ADJ;_;Case=Nom|Degree=Pos|Gender=Fem|Number=Sing;_;_;_;@dap1994m-words#@dap1994m#2569.46#2569.91
3;áàáà;áàáà;NOUN;_;Animacy=Anim|Case=Nom|Gender=Fem|Number=Sing;_;_;_;@dap1994m-words#@dap1994m#2569.91#2570.36
4;ó;ó;INTJ;_;_;_;_;_;@dap1994m-words#@dap1994m#2570.36#2570.81
5;òåáÿ;òû;PRON;_;Case=Gen|Number=Sing|Person=2;_;_;_;@dap1994m-words#@dap1994m#2570.81#2571.26
6;æå;æå;PART;_;_;_;_;_;@dap1994m-words#@dap1994m#2571.26#2571.71
7;åùå;åùå;ADV;_;Degree=Pos;_;_;_;@dap1994m-words#@dap1994m#2571.71#2572.16
8;íåäàâíî;íåäàâíî;ADV;_;Degree=Pos;_;_;_;@dap1994m-words#@dap1994m#2572.16#2572.61
9;áûë;áûòü;VERB;_;Aspect=Imp|Gender=Masc|Mood=Ind|Number=Sing|Tense=Past|VerbForm=Fin|Voice=Act;_;_;_;@dap1994m-words#@dap1994m#2572.61#2573.06
10;íîâûé;íîâûé;ADJ;_;Case=Nom|Degree=Pos|Gender=Masc|Number=Sing;_;_;_;@dap1994m-words#@dap1994m#2573.06#2573.51
11;õýøòåã;õýøòåã;NOUN;_;Animacy=Inan|Case=Nom|Gender=Masc|Number=Sing;_;_;_;@dap1994m-words#@dap1994m#2573.51#2573.96
12;ß;ÿ;PRON;_;Case=Nom|Number=Sing|Person=1;_;_;_;@dap1994m-words#@dap1994m#2573.96#2574.41
13;æåíùèíà;æåíùèíà;NOUN;_;Animacy=Anim|Case=Nom|Gender=Fem|Number=Sing;_;_;_;@dap1994m-words#@dap1994m#2574.41#2574.86
14;ÿ;ÿ;PRON;_;Case=Nom|Number=Sing|Person=1;_;_;_;@dap1994m-words#@dap1994m#2574.86#2575.31
15;ìîãó;ìî÷ü;VERB;_;Aspect=Imp|Mood=Ind|Number=Sing|Person=1|Tense=Pres|VerbForm=Fin|Voice=Act;_;_;_;@dap1994m-words#@dap1994m#2575.31#2575.77
16;Ýòî;ýòî;PRON;_;Animacy=Inan|Case=Nom|Gender=Neut|Number=Sing;_;_;_;@dap1994m-words#@dap1994m#2577.13#2577.458
17;òâîÿ;òâîé;PRON;_;Case=Acc|Gender=Fem|Number=Sing;_;_;_;@dap1994m-words#@dap1994m#2577.458#2577.786
18;äâèæóõà;äâèæóõà;NOUN;_;Animacy=Inan|Case=Gen|Gender=Masc|Number=Sing;_;_;_;@dap1994m-words#@dap1994m#2577.786#2578.114
19;èëè;èëè;CCONJ;_;_;_;_;_;@dap1994m-words#@dap1994m#2578.114#2578.442
20;òû;òû;PRON;_;Case=Nom|Number=Sing|Person=2;_;_;_;@dap1994m-words#@dap1994m#2578.442#2578.77
21;âïèñàëàñü;âïèñàòüñÿ;VERB;_;Aspect=Imp|Gender=Fem|Mood=Ind|Number=Sing|Tense=Past|VerbForm=Fin|Voice=Mid;_;_;_;@dap1994m-words#@dap1994m#2578.77#2579.1
22;Â;â;ADP;_;_;_;_;_;@dap1994m-words#@dap1994m#2579.82#2580.027
23;Âîãîâñêîå;Âîãîâñêèé;PROPN;_;_;_;_;_;@dap1994m-words#@dap1994m#2580.648#2580.855
24;èëè;èëè;CCONJ;_;_;_;_;_;@dap1994m-words#@dap1994m#2580.855#2581.062
25;÷òî;÷òî;SCONJ;_;_;_;_;_;@dap1994m-words#@dap1994m#2581.062#2581.269
26;ýòî;ýòî;PRON;_;Animacy=Inan|Case=Nom|Gender=Neut|Number=Sing;_;_;_;@dap1994m-words#@dap1994m#2581.269#2581.48
27;Àãà;àãà;INTJ;_;_;_;_;_;@dap1994m-words#@dap1994m#2593.32#2593.88
28;Àãà;àãà;INTJ;_;_;_;_;_;@dap1994m-words#@dap1994m#2597.6#2598.0
29;Òàê;Òàê;ADV;_;Degree=Pos;_;_;_;@dap1994m-words#@dap1994m#2612.647#2612.851
30;à;à;CCONJ;_;_;_;_;_;@dap1994m-words#@dap1994m#2612.851#2613.055
31;÷å;÷òî;PRON;_;Case=Nom;_;_;_;@dap1994m-words#@dap1994m#2613.055#2613.26
32;Íåïëîõî;íåïëîõî;ADJ;_;Degree=Pos|Gender=Neut|Number=Sing|Variant=Short;_;_;_;@dap1994m-words#@dap1994m#2613.342#2613.632
33;æå;æå;PART;_;_;_;_;_;@dap1994m-words#@dap1994m#2613.632#2613.922
34;Òû;òû;PRON;_;Case=Nom|Number=Sing|Person=2;_;_;_;@dap1994m-words#@dap1994m#2613.987#2614.149
35;òàê;òàê;ADV;_;Degree=Pos;_;_;_;@dap1994m-words#@dap1994m#2614.149#2614.311
36;ãðèøü;ãðåòü;VERB;_;Aspect=Imp|Mood=Ind|Number=Sing|Person=2|Tense=Pres|VerbForm=Fin|Voice=Act;_;_;_;@dap1994m-words#@dap1994m#2614.311#2614.473
37;êàê;êàê;ADV;_;Degree=Pos;_;_;_;@dap1994m-words#@dap1994m#2614.473#2614.635
38;áóäòî;áóäòî;PART;_;_;_;_;_;@dap1994m-words#@dap1994m#2614.635#2614.797
39;áû;áû;PART;_;_;_;_;_;@dap1994m-words#@dap1994m#2614.797#2614.959
40;òàì;òàì;ADV;_;Degree=Pos;_;_;_;@dap1994m-words#@dap1994m#2614.959#2615.121
41;÷òî-òî;÷òî-òî;PRON;_;Case=Nom;_;_;_;@dap1994m-words#@dap1994m#2615.121#2615.283
42;áû;áû;PART;_;_;_;_;_;@dap1994m-words#@dap1994m#2615.283#2615.445
43;î;î;ADP;_;_;_;_;_;@dap1994m-words#@dap1994m#2615.445#2615.607
44;íå;íå;PART;_;_;_;_;_;@dap1994m-words#@dap1994m#2615.607#2615.769
45;òàê;òàê;ADV;_;Degree=Pos;_;_;_;@dap1994m-words#@dap1994m#2615.769#2615.94
46;Äà;äà;INTJ;_;_;_;_;_;@dap1994m-words#@dap1994m#2649.833#2650.141
47;Âñå;âñå;DET;_;_;_;_;_;@dap1994m-words#@dap1994m#2654.751#2655.106
48;âåðíî;âåðíûé;ADV;_;Degree=Pos;_;_;_;@dap1994m-words#@dap1994m#2655.106#2655.461
49;Î÷åíü;î÷åíü;ADV;_;Degree=Pos;_;_;_;@dap1994m-words#@dap1994m#2658.245#2658.57
50;ïðîñòî;ïðîñòî;PART;_;_;_;_;_;@dap1994m-words#@dap1994m#2658.57#2658.895
51;àï;àï;INTJ;_;_;_;_;_;@dap1994m-words#@dap1994m#2658.895#2659.22
52;à;à;CCONJ;_;_;_;_;_;@dap1994m-words#@dap1994m#2659.267#2659.407
53;ß;ÿ;PRON;_;Case=Nom|Number=Sing|Person=1;_;_;_;@dap1994m-words#@dap1994m#2660.28#2660.665
54;ñ;ñ;ADP;_;_;_;_;_;@dap1994m-words#@dap1994m#2660.665#2661.05
55;ôåìèíèçìîì;ôåìèíèçì;NOUN;_;Animacy=Inan|Case=Ins|Gender=Masc|Number=Sing;_;_;_;@dap1994m-words#@dap1994m#2661.05#2661.435
56;ñòàëêèâàþñü;ñòàëêèâàòüñÿ;VERB;_;Aspect=Imp|Mood=Ind|Number=Sing|Person=1|Tense=Pres|VerbForm=Fin|Voice=Mid;_;_;_;@dap1994m-words#@dap1994m#2661.435#2661.82
57;êàæäûé;êàæäûé;DET;_;Case=Acc|Gender=Masc|Number=Sing;_;_;_;@dap1994m-words#@dap1994m#2661.82#2662.205
58;äåíü;äåíü;NOUN;_;Animacy=Inan|Case=Acc|Gender=Masc|Number=Sing;_;_;_;@dap1994m-words#@dap1994m#2662.205#2662.59
59;ïîòîìó;ïîòîìó;CCONJ;_;_;_;_;_;@dap1994m-words#@dap1994m#2662.682#2662.918
60;÷òî;÷òî;SCONJ;_;_;_;_;_;@dap1994m-words#@dap1994m#2662.918#2663.154
61;ÿ;ÿ;PRON;_;Case=Nom|Number=Sing|Person=1;_;_;_;@dap1994m-words#@dap1994m#2663.154#2663.39
62;çàõîæó;çàõîäèòü;VERB;_;Aspect=Imp|Mood=Ind|Number=Sing|Person=1|Tense=Pres|VerbForm=Fin|Voice=Act;_;_;_;@dap1994m-words#@dap1994m#2663.39#2663.626
63;â;â;ADP;_;_;_;_;_;@dap1994m-words#@dap1994m#2663.626#2663.862
64;Òâèòòåð;Òâèòòåð;NOUN;_;Animacy=Inan|Case=Acc|Gender=Masc|Number=Sing;_;_;_;@dap1994m-words#@dap1994m#2663.862#2664.1
65;#ñìååòñÿ#;#ñìååòñÿ#;X;_;_;_;_;_;@dap1994m-words#@dap1994m#2664.162#2665.07
66;È;è;CCONJ;_;_;_;_;_;@dap1994m-words#@dap1994m#2665.102#2665.432
67;ìíîãî;ìíîãî;ADV;_;Degree=Pos;_;_;_;@dap1994m-words#@dap1994m#2665.432#2665.762
68;ãîâîðþ;ãîâîðèòü;VERB;_;Aspect=Imp|Mood=Ind|Number=Sing|Person=1|Tense=Pres|VerbForm=Fin|Voice=Act;_;_;_;@dap1994m-words#@dap1994m#2665.762#2666.092
69;Ýì;ýì;INTJ;_;_;_;_;_;@dap1994m-words#@dap1994m#2666.152#2666.47
70;Ìíå;ÿ;PRON;_;Case=Dat|Number=Sing|Person=1;_;_;_;@dap1994m-words#@dap1994m#2666.517#2666.938
71;êàæåòñÿ;êàçàòüñÿ;VERB;_;Aspect=Imp|Mood=Ind|Number=Sing|Person=3|Tense=Pres|VerbForm=Fin|Voice=Mid;_;_;_;@dap1994m-words#@dap1994m#2666.938#2667.36
72;ãëàâíàÿ;ãëàâíûé;ADJ;_;Case=Nom|Degree=Pos|Gender=Fem|Number=Sing;_;_;_;@dap1994m-words#@dap1994m#2667.427#2667.737
73;ïðîáëåìà;ïðîáëåìà;NOUN;_;Animacy=Inan|Case=Nom|Gender=Fem|Number=Sing;_;_;_;@dap1994m-words#@dap1994m#2667.737#2668.047
74;ôåìèíèçìà;ôåìèíèçì;NOUN;_;Animacy=Inan|Case=Gen|Gender=Masc|Number=Sing;_;_;_;@dap1994m-words#@dap1994m#2668.047#2668.357
75;â;â;ADP;_;_;_;_;_;@dap1994m-words#@dap1994m#2668.357#2668.667
76;Ðîññèè;Ðîññèÿ;PROPN;_;Animacy=Inan|Case=Loc|Gender=Fem|Number=Sing;_;_;_;@dap1994m-words#@dap1994m#2668.667#2668.977
77;â;â;ADP;_;_;_;_;_;@dap1994m-words#@dap1994m#2668.977#2669.287
78;òîì;òîò;PRON;_;Animacy=Inan|Case=Loc|Gender=Neut|Number=Sing;_;_;_;@dap1994m-words#@dap1994m#2669.287#2669.597
79;÷òî;÷òî;SCONJ;_;_;_;_;_;@dap1994m-words#@dap1994m#2669.597#2669.91
80;ôåìèíèçì;ôåìèíèçì;NOUN;_;Animacy=Inan|Case=Nom|Gender=Masc|Number=Sing;_;_;_;@dap1994m-words#@dap1994m#2670.65#2671.5
81;ýòî;ýòîò;DET;_;Case=Nom|Gender=Neut|Number=Sing;_;_;_;@dap1994m-words#@dap1994m#2671.772#2672.181
82;îãðîìíîå;îãðîìíûé;ADJ;_;Case=Nom|Degree=Pos|Gender=Neut|Number=Sing;_;_;_;@dap1994m-words#@dap1994m#2672.181#2672.59
83;äâèæåíèå;äâèæåíèå;NOUN;_;Animacy=Inan|Case=Nom|Gender=Neut|Number=Sing;_;_;_;@dap1994m-words#@dap1994m#2672.59#2672.999
84;êîòîðîìó;êîòîðûé;DET;_;Case=Dat;_;_;_;@dap1994m-words#@dap1994m#2672.999#2673.408
85;ïî;ïî;ADP;_;_;_;_;_;@dap1994m-words#@dap1994m#2673.408#2673.817
86;ôàêòó;ôàêò;NOUN;_;Animacy=Inan|Case=Dat|Gender=Masc|Number=Sing;_;_;_;@dap1994m-words#@dap1994m#2673.817#2674.226
87;îòíîñÿòñÿ;îòíîñèòüñÿ;VERB;_;Aspect=Imp|Mood=Ind|Number=Plur|Person=3|Tense=Pres|VerbForm=Fin|Voice=Mid;_;_;_;@dap1994m-words#@dap1994m#2674.226#2674.635
88;âñå;âåñü;DET;_;Case=Nom|Number=Plur;_;_;_;@dap1994m-words#@dap1994m#2674.635#2675.044
89;æåíùèíû;æåíùèíà;NOUN;_;Animacy=Anim|Case=Nom|Gender=Fem|Number=Plur;_;_;_;@dap1994m-words#@dap1994m#2675.044#2675.46
90;È;è;CCONJ;_;_;_;_;_;@dap1994m-words#@dap1994m#2676.271#2676.667
91;ýòî;ýòî;PRON;_;Animacy=Inan|Case=Nom|Gender=Neut|Number=Sing;_;_;_;@dap1994m-words#@dap1994m#2676.667#2677.063
92;òàêîé;òàêîé;DET;_;Case=Nom|Gender=Masc|Number=Sing;_;_;_;@dap1994m-words#@dap1994m#2677.063#2677.459
93;îãðîìíûé;îãðîìíûé;ADJ;_;Case=Nom|Degree=Pos|Gender=Masc|Number=Sing;_;_;_;@dap1994m-words#@dap1994m#2677.459#2677.855
94;ïëàñò;ïëàñò;NOUN;_;Animacy=Inan|Case=Acc|Gender=Masc|Number=Sing;_;_;_;@dap1994m-words#@dap1994m#2677.855#2678.251
95;ëþäåé;÷åëîâåê;NOUN;_;Animacy=Anim|Case=Gen|Gender=Masc|Number=Plur;_;_;_;@dap1994m-words#@dap1994m#2678.251#2678.65
96;÷òî;÷òî;SCONJ;_;_;_;_;_;@dap1994m-words#@dap1994m#2679.335#2679.755
97;ãèãàíòñêîå;ãèãàíòñêèé;ADJ;_;Case=Nom|Degree=Pos|Gender=Neut|Number=Sing;_;_;_;@dap1994m-words#@dap1994m#2679.755#2680.175
98;êîëè÷åñòâî;êîëè÷åñòâî;NOUN;_;Animacy=Inan|Case=Nom|Gender=Neut|Number=Sing;_;_;_;@dap1994m-words#@dap1994m#2680.175#2680.595
99;ôåìèíèñòîê;ôåìèíèñòêà;NOUN;_;Animacy=Anim|Case=Gen|Gender=Fem|Number=Plur;_;_;_;@dap1994m-words#@dap1994m#2680.595#2681.015
100;äîëáàåáêè;äîëáàåáêà;NOUN;_;Animacy=Inan|Case=Gen|Gender=Fem|Number=Sing;_;_;_;@dap1994m-words#@dap1994m#2681.61#2682.29
101;òóïûå;òóïîé;ADJ;_;Case=Nom|Degree=Pos|Number=Plur;_;_;_;@dap1994m-words#@dap1994m#2683.355#2683.993
102;äóðû;äóðà;NOUN;_;Animacy=Anim|Case=Nom|Gender=Fem|Number=Plur;_;_;_;@dap1994m-words#@dap1994m#2683.993#2684.631
103;áëÿòü;áëÿòü;INTJ;_;_;_;_;_;@dap1994m-words#@dap1994m#2684.631#2685.27
104;ÿ;ÿ;PRON;_;Case=Nom|Number=Sing|Person=1;_;_;_;@dap1994m-words#@dap1994m#2685.525#2685.83
105;íå;íå;PART;_;_;_;_;_;@dap1994m-words#@dap1994m#2685.83#2686.135
106;ãîâîðþ;ãîâîðèòü;VERB;_;Aspect=Imp|Mood=Ind|Number=Sing|Person=1|Tense=Pres|VerbForm=Fin|Voice=Act;_;_;_;@dap1994m-words#@dap1994m#2686.135#2686.44
107;÷òî;÷òî;SCONJ;_;_;_;_;_;@dap1994m-words#@dap1994m#2686.44#2686.745
108;ý;ý;INTJ;_;_;_;_;_;@dap1994m-words#@dap1994m#2686.745#2687.05
109;Êàê;êàê;ADV;_;Degree=Pos;_;_;_;@dap1994m-words#@dap1994m#2687.385#2687.75
110;ñêàçàòü;ñêàçàòü;VERB;_;Aspect=Perf|VerbForm=Inf|Voice=Act;_;_;_;@dap1994m-words#@dap1994m#2687.75#2688.115
111;Ô;ô;_;_;_;_;_;_;@dap1994m-words#@dap1994m#2688.635#2689.073
112;âñåãäà;âñåãäà;ADV;_;Degree=Pos;_;_;_;@dap1994m-words#@dap1994m#2689.073#2689.511
113;åñòü;áûòü;VERB;_;Aspect=Imp|Mood=Ind|Number=Plur|Person=3|Tense=Pres|VerbForm=Fin|Voice=Act;_;_;_;@dap1994m-words#@dap1994m#2689.511#2689.949
114;äîëáàåáû;äîëáàåá;NOUN;_;Animacy=Anim|Case=Nom|Gender=Masc|Number=Plur;_;_;_;@dap1994m-words#@dap1994m#2689.949#2690.387
115;âåçäå;âåçäå;ADV;_;Degree=Pos;_;_;_;@dap1994m-words#@dap1994m#2690.387#2690.825
116;È;è;CCONJ;_;_;_;_;_;@dap1994m-words#@dap1994m#2692.285#2692.713
117;ê;ê;ADV;_;_;_;_;_;@dap1994m-words#@dap1994m#2692.713#2693.141
118;ñîæàëåíèþ;ñîæàëåíèå;ADV;_;Degree=Pos;_;_;_;@dap1994m-words#@dap1994m#2693.141#2693.569
119;ý;ý;INTJ;_;_;_;_;_;@dap1994m-words#@dap1994m#2693.569#2694.0
120;Ô;ô;;_;_;_;qi;ik;@dap1994m-words#@dap1994m#2694.985#2695.089
121;ô;ô;;_;_;_;_;_;@dap1994m-words#@dap1994m#2695.401#2695.505
122;åñòåñòâåííî;åñòåñòâåííûé;ADJ;_;Degree=Pos|Gender=Neut|Number=Sing|Variant=Short;_;_;_;@dap1994m-words#@dap1994m#2696.07#2696.453
123;â;â;ADP;_;_;_;_;_;@dap1994m-words#@dap1994m#2696.453#2696.836
124;ðÿäàõ;ðÿä;NOUN;_;Animacy=Inan|Case=Loc|Gender=Masc|Number=Plur;_;_;_;@dap1994m-words#@dap1994m#2696.836#2697.219
125;ëþäåé;÷åëîâåê;NOUN;_;Animacy=Anim|Case=Gen|Gender=Masc|Number=Plur;_;_;_;@dap1994m-words#@dap1994m#2697.219#2697.602
126;êîòîðûé;êîòîðûé;DET;_;Case=Nom;_;_;_;@dap1994m-words#@dap1994m#2697.602#2697.985
127;î÷åíü;î÷åíü;ADV;_;Degree=Pos;_;_;_;@dap1994m-words#@dap1994m#2697.985#2698.368
128;ãðîìêî;ãðîìêî;ADV;_;Degree=Pos;_;_;_;@dap1994m-words#@dap1994m#2698.368#2698.751
129;÷å-òî;÷òî-òî;PRON;_;Case=Acc;_;_;_;@dap1994m-words#@dap1994m#2698.751#2699.134
130;ïûòàþòñÿ;ïûòàòüñÿ;VERB;_;Aspect=Imp|Mood=Ind|Number=Plur|Person=3|Tense=Pres|VerbForm=Fin|Voice=Mid;_;_;_;@dap1994m-words#@dap1994m#2699.134#2699.517
131;äîêàçàòü;äîêàçàòü;VERB;_;Aspect=Perf|VerbForm=Inf|Voice=Act;_;_;_;@dap1994m-words#@dap1994m#2699.517#2699.9
132;è;è;CCONJ;_;_;_;_;_;@dap1994m-words#@dap1994m#2699.9#2700.283
133;íàâÿçàòü;íàâÿçàòü;VERB;_;Aspect=Perf|VerbForm=Inf|Voice=Act;_;_;_;@dap1994m-words#@dap1994m#2700.283#2700.67
134;òîæå;òîæå;PART;_;_;_;_;_;@dap1994m-words#@dap1994m#2701.085#2701.502
135;åñòü;áûòü;VERB;_;Aspect=Perf|VerbForm=Inf|Voice=Act;_;_;_;@dap1994m-words#@dap1994m#2701.502#2701.919
136;äîëáàåáû;äîëáàåáà;NOUN;_;Animacy=Anim|Case=Nom|Gender=Fem|Number=Plur;_;_;_;@dap1994m-words#@dap1994m#2701.919#2702.336
137;êîòîðûì;êîòîðûé;DET;_;Case=Dat;_;_;_;@dap1994m-words#@dap1994m#2702.336#2702.753
138;êàäà;êîãäà;CCONJ;_;_;_;_;_;@dap1994m-words#@dap1994m#2702.753#2703.17
139;ãðèøü;ãðåòü;PART;_;_;_;_;_;@dap1994m-words#@dap1994m#2703.17#2703.59
140;ïðîñòè;ïðîñòèòü;VERB;_;Aspect=Perf|Mood=Imp|Number=Sing|Person=2|VerbForm=Fin|Voice=Act;_;_;_;@dap1994m-words#@dap1994m#2703.655#2704.015
141;íî;íî;CCONJ;_;_;_;_;_;@dap1994m-words#@dap1994m#2704.015#2704.375
142;ýòî;ýòî;PRON;_;Animacy=Inan|Case=Nom|Gender=Neut|Number=Sing;_;_;_;@dap1994m-words#@dap1994m#2704.375#2704.735
143;ãëóïîñòü;ãëóïîñòü;NOUN;_;Animacy=Inan|Case=Nom|Gender=Fem|Number=Sing;_;_;_;@dap1994m-words#@dap1994m#2704.735#2705.095
144;â;â;ADP;_;_;_;_;_;@dap1994m-words#@dap1994m#2705.88#2706.228
145;îòâåò;îòâåò;NOUN;_;Animacy=Inan|Case=Acc|Gender=Masc|Number=Sing;_;_;_;@dap1994m-words#@dap1994m#2706.228#2706.576
146;òû;òû;PRON;_;Case=Nom|Number=Sing|Person=2;_;_;_;@dap1994m-words#@dap1994m#2706.576#2706.924
147;ñëûøèøü;ñëûøàòü;VERB;_;Aspect=Imp|Mood=Ind|Number=Sing|Person=2|Tense=Pres|VerbForm=Fin|Voice=Act;_;_;_;@dap1994m-words#@dap1994m#2706.924#2707.272
148;çàòêíèñü;çàòêíèñü;VERB;_;Aspect=Perf|VerbForm=Inf|Voice=Mid;_;_;_;@dap1994m-words#@dap1994m#2707.272#2707.62
149;áåëûé;áåëûé;ADJ;_;Animacy=Inan|Case=Acc|Degree=Pos|Gender=Masc|Number=Sing;_;_;_;@dap1994m-words#@dap1994m#2707.62#2707.968
150;áëÿòü;áëÿòü;INTJ;_;_;_;_;_;@dap1994m-words#@dap1994m#2707.968#2708.32
151;öèñãåíäåðíûé;öèñãåíäåðíûé;ADJ;_;Animacy=Inan|Case=Acc|Degree=Pos|Gender=Masc|Number=Sing;_;_;_;@dap1994m-words#@dap1994m#2708.405#2708.947
152;ý;ý;INTJ;_;_;_;_;_;@dap1994m-words#@dap1994m#2708.947#2709.49
153;õóåáàê;õóåáàê;NOUN;_;Animacy=Inan|Case=Acc|Gender=Masc|Number=Sing;_;_;_;@dap1994m-words#@dap1994m#2709.552#2710.32
154;ñïåðìîáàê;ñïåðìîáàêà;NOUN;_;Animacy=Inan|Case=Acc|Gender=Masc|Number=Sing;_;_;_;@dap1994m-words#@dap1994m#2710.832#2711.516
155;õóåìðàçü;õóåìðàçü;NOUN;_;Animacy=Inan|Case=Acc|Gender=Masc|Number=Sing;_;_;_;@dap1994m-words#@dap1994m#2711.516#2712.2
156;Òû;òû;PRON;_;Case=Nom|Number=Sing|Person=2;_;_;_;@dap1994m-words#@dap1994m#2712.942#2713.114
157;íå;íå;PART;_;_;_;_;_;@dap1994m-words#@dap1994m#2713.114#2713.286
158;ìîæåøü;ìî÷ü;VERB;_;Aspect=Imp|Mood=Ind|Number=Sing|Person=2|Tense=Pres|VerbForm=Fin|Voice=Act;_;_;_;@dap1994m-words#@dap1994m#2713.286#2713.458
159;ìíå;ÿ;PRON;_;Case=Dat|Number=Sing|Person=1;_;_;_;@dap1994m-words#@dap1994m#2713.458#2713.63
160;Òû;òû;PRON;_;Case=Nom|Number=Sing|Person=2;_;_;_;@dap1994m-words#@dap1994m#2713.702#2714.091
161;ìíå;ÿ;PRON;_;Case=Dat|Number=Sing|Person=1;_;_;_;@dap1994m-words#@dap1994m#2714.091#2714.48
162;áàáå;áàáà;NOUN;_;Animacy=Inan|Case=Dat|Gender=Fem|Number=Sing;_;_;_;@dap1994m-words#@dap1994m#2714.48#2714.869
163;íå;íå;PART;_;_;_;_;_;@dap1994m-words#@dap1994m#2714.869#2715.258
164;ìîæåøü;ìî÷ü;VERB;_;Aspect=Imp|Mood=Ind|Number=Sing|Person=2|Tense=Pres|VerbForm=Fin|Voice=Act;_;_;_;@dap1994m-words#@dap1994m#2715.258#2715.647
165;îáúÿñíÿòü;îáúÿñíÿòü;VERB;_;Aspect=Imp|VerbForm=Inf|Voice=Act;_;_;_;@dap1994m-words#@dap1994m#2715.647#2716.036
166;çà;çà;ADP;_;_;_;_;_;@dap1994m-words#@dap1994m#2716.036#2716.425
167;ôåìèíèçì;ôåìèíèçì;NOUN;_;Animacy=Inan|Case=Acc|Gender=Masc|Number=Sing;_;_;_;@dap1994m-words#@dap1994m#2716.425#2716.82
168;È;è;CCONJ;_;_;_;_;_;@dap1994m-words#@dap1994m#2717.537#2717.784
169;êàê;êàê;CCONJ;_;_;_;_;_;@dap1994m-words#@dap1994m#2717.784#2718.031
170;áû;áû;PART;_;_;_;_;_;@dap1994m-words#@dap1994m#2718.031#2718.28
171;ß;ÿ;PRON;_;Case=Nom|Number=Sing|Person=1;_;_;_;@dap1994m-words#@dap1994m#2719.427#2719.698
172;äó;äó;_;_;_;_;_;_;@dap1994m-words#@dap1994m#2719.698#2719.97
173;âîò;âîò;PART;_;_;_;_;_;@dap1994m-words#@dap1994m#2720.127#2720.35
174;Îíè;îíè;PRON;_;Case=Nom|Number=Plur|Person=3;_;_;_;@dap1994m-words#@dap1994m#2720.782#2721.179
175;åñòåñòâåííî;åñòåñòâåííûé;ADV;_;Degree=Pos;_;_;_;@dap1994m-words#@dap1994m#2721.179#2721.576
176;ñîçäàþò;ñîçäàâàòü;VERB;_;Aspect=Imp|Mood=Ind|Number=Plur|Person=3|Tense=Pres|VerbForm=Fin|Voice=Act;_;_;_;@dap1994m-words#@dap1994m#2721.576#2721.973
177;ý;ý;INTJ;_;_;_;_;_;@dap1994m-words#@dap1994m#2721.973#2722.37
178;õóåâûé;õóåâûé;ADJ;_;Animacy=Inan|Case=Acc|Degree=Pos|Gender=Masc|Number=Sing;_;_;_;@dap1994m-words#@dap1994m#2722.447#2722.903
179;îáðàç;îáðàç;NOUN;_;Animacy=Inan|Case=Acc|Gender=Masc|Number=Sing;_;_;_;@dap1994m-words#@dap1994m#2722.903#2723.359
180;ôåìèíèçìó;ôåìèíèçì;NOUN;_;Animacy=Inan|Case=Dat|Gender=Masc|Number=Sing;_;_;_;@dap1994m-words#@dap1994m#2723.359#2723.815
181;êàêèì-òî;êàêîé-òî;DET;_;Case=Dat|Number=Plur;_;_;_;@dap1994m-words#@dap1994m#2723.815#2724.271
182;íîðìàëüíûì;íîðìàëüíûé;ADJ;_;Case=Dat|Degree=Pos|Number=Plur;_;_;_;@dap1994m-words#@dap1994m#2724.271#2724.727
183;âåùàì;âåùü;NOUN;_;Animacy=Inan|Case=Dat|Gender=Fem|Number=Plur;_;_;_;@dap1994m-words#@dap1994m#2724.727#2725.183
184;òèïà;òèï;NOUN;_;Animacy=Inan|Case=Gen|Gender=Masc|Number=Sing;_;_;_;@dap1994m-words#@dap1994m#2725.183#2725.639
185;áëÿòü;áëÿòü;INTJ;_;_;_;_;_;@dap1994m-words#@dap1994m#2725.639#2726.1
186;âûåáîíîâ;âûåáîí;NOUN;_;Animacy=Anim|Case=Acc|Gender=Masc|Number=Plur;_;_;_;@dap1994m-words#@dap1994m#2726.152#2726.39
187;íà;íà;ADP;_;_;_;_;_;@dap1994m-words#@dap1994m#2726.39#2726.628
188;Ëàø;Ëàø;NOUN;_;Animacy=Inan|Case=Acc|Gender=Masc|Number=Sing;_;_;_;@dap1994m-words#@dap1994m#2726.628#2726.866
189;çà;çà;ADP;_;_;_;_;_;@dap1994m-words#@dap1994m#2726.866#2727.104
190;òî;òî;SCONJ;_;_;_;_;_;@dap1994m-words#@dap1994m#2727.104#2727.342
191;÷òî;÷òî;SCONJ;_;_;_;_;_;@dap1994m-words#@dap1994m#2727.342#2727.58
192;ÿ;ÿ;PRON;_;Case=Nom|Number=Sing|Person=1;_;_;_;@dap1994m-words#@dap1994m#2727.58#2727.818
193;åé;îíà;PRON;_;Case=Dat|Gender=Fem|Number=Sing|Person=3;_;_;_;@dap1994m-words#@dap1994m#2727.818#2728.056
194;âèäèòå;âèäåòü;VERB;_;Aspect=Imp|Mood=Ind|Number=Plur|Person=2|Tense=Pres|VerbForm=Fin|Voice=Act;_;_;_;@dap1994m-words#@dap1994m#2728.056#2728.294
195;ëè;ëè;PART;_;_;_;_;_;@dap1994m-words#@dap1994m#2728.294#2728.532
196;íå;íå;PART;_;_;_;_;_;@dap1994m-words#@dap1994m#2728.532#2728.77
197;#îäíîâðåìåííî#;#îäíîâðåìåííî#;X;_;_;_;_;_;@dap1994m-words#@dap1994m#2728.77#2729.01
198;Òàê;òàê;ADV;_;Degree=Pos;_;_;_;@dap1994m-words#@dap1994m#2729.841#2730.197
199;ãëóïî;ãëóïî;ADV;_;Degree=Pos;_;_;_;@dap1994m-words#@dap1994m#2730.197#2730.553
200;ïèçäåö;ïèçäåö;NOUN;_;Animacy=Anim|Case=Nom|Gender=Masc|Number=Sing;_;_;_;@dap1994m-words#@dap1994m#2730.553#2730.91
201;À-à;À;INTJ;_;_;_;_;_;@dap1994m-words#@dap1994m#2730.956#2731.537
202;Êàðî÷å;Êàðîòêî;ADV;_;Degree=Cmp;_;_;_;@dap1994m-words#@dap1994m#2731.537#2732.118
203;#ñìååòñÿ#;#ñìååòñÿ#;X;_;_;_;_;_;@dap1994m-words#@dap1994m#2732.118#2732.7
204;Êîðî÷å;êîðîòêî;ADV;_;Degree=Cmp;_;_;_;@dap1994m-words#@dap1994m#2736.501#2736.941
205;Ìíå;ÿ;PRON;_;Case=Dat|Number=Sing|Person=1;_;_;_;@dap1994m-words#@dap1994m#2738.435#2738.77
206;íå;íå;PART;_;_;_;_;_;@dap1994m-words#@dap1994m#2738.77#2739.105
207;íðàâèòñÿ;íðàâèòüñÿ;VERB;_;Aspect=Imp|Mood=Ind|Number=Sing|Person=3|Tense=Pres|VerbForm=Fin|Voice=Mid;_;_;_;@dap1994m-words#@dap1994m#2739.105#2739.44
208;äèñïðîïîðöèÿ;äèñïðîïîðöèÿ;NOUN;_;Animacy=Inan|Case=Nom|Gender=Fem|Number=Sing;_;_;_;@dap1994m-words#@dap1994m#2739.44#2739.775
209;â;â;ADP;_;_;_;_;_;@dap1994m-words#@dap1994m#2739.775#2740.11
210;îáùåñòâå;îáùåñòâî;NOUN;_;Animacy=Inan|Case=Loc|Gender=Neut|Number=Sing;_;_;_;@dap1994m-words#@dap1994m#2740.11#2740.445
211;êàñàòåëüíî;êàñàòåëüíî;ADV;_;Degree=Pos;_;_;_;@dap1994m-words#@dap1994m#2740.445#2740.78
212;òîãî;òî;PRON;_;Animacy=Inan|Case=Gen|Gender=Neut|Number=Sing;_;_;_;@dap1994m-words#@dap1994m#2740.78#2741.115
213;÷òî;÷òî;SCONJ;_;_;_;_;_;@dap1994m-words#@dap1994m#2741.115#2741.45
214;ô;ô;_;_;_;_;_;_;@dap1994m-words#@dap1994m#2741.45#2741.79
215;ÿ;ÿ;_;_;_;_;_;_;@dap1994m-words#@dap1994m#2741.827#2741.988
216;ñ÷;ñ÷;_;_;_;_;_;_;@dap1994m-words#@dap1994m#2741.988#2742.15
217;ÿ;ÿ;PRON;_;Case=Nom|Number=Sing|Person=1;_;_;_;@dap1994m-words#@dap1994m#2742.178#2742.469
218;çà;çà;ADP;_;_;_;_;_;@dap1994m-words#@dap1994m#2742.469#2742.76
219;ôåìèíèçì;ôåìèíèçì;NOUN;_;Animacy=Inan|Case=Acc|Gender=Masc|Number=Sing;_;_;_;@dap1994m-words#@dap1994m#2742.76#2743.051
220;ÿ;ÿ;PRON;_;Case=Nom|Number=Sing|Person=1;_;_;_;@dap1994m-words#@dap1994m#2743.051#2743.342
221;ïðîôåìèíèñò;ïðîôåìèíèñò;NOUN;_;Animacy=Anim|Case=Nom|Gender=Masc|Number=Sing;_;_;_;@dap1994m-words#@dap1994m#2743.342#2743.633
222;è;è;CCONJ;_;_;_;_;_;@dap1994m-words#@dap1994m#2743.633#2743.924
223;òàê;òàê;CCONJ;_;_;_;_;_;@dap1994m-words#@dap1994m#2743.924#2744.215
224;äàëåå;äàëåå;ADV;_;Degree=Pos;_;_;_;@dap1994m-words#@dap1994m#2744.215#2744.506
225;êîãäà;êîãäà;SCONJ;_;_;_;_;_;@dap1994m-words#@dap1994m#2744.506#2744.797
226;ýòî;ýòî;PRON;_;Animacy=Inan|Case=Nom|Gender=Neut|Number=Sing;_;_;_;@dap1994m-words#@dap1994m#2744.797#2745.088
227;ô;ô;_;_;_;_;_;_;@dap1994m-words#@dap1994m#2745.088#2745.38
228;â;â;_;_;_;_;_;_;@dap1994m-words#@dap1994m#2745.414#2745.644
229;ðàçóìíûõ;ðàçóìíûé;ADJ;_;Case=Loc|Degree=Pos|Number=Plur;_;_;_;@dap1994m-words#@dap1994m#2745.644#2745.874
230;ðàìêàõ;ðàìêà;NOUN;_;Animacy=Inan|Case=Loc|Gender=Fem|Number=Plur;_;_;_;@dap1994m-words#@dap1994m#2745.874#2746.104
231;íè;íè;PART;_;_;_;_;_;@dap1994m-words#@dap1994m#2746.104#2746.334
232;ô;ô;_;_;_;_;_;_;@dap1994m-words#@dap1994m#2746.334#2746.564
233;íó;íó;INTJ;_;_;_;_;_;@dap1994m-words#@dap1994m#2746.624#2746.794
234;â;â;ADP;_;_;_;_;_;@dap1994m-words#@dap1994m#2746.794#2746.964
235;âû;âû;PRON;_;Case=Nom|Number=Plur|Person=2;_;_;_;@dap1994m-words#@dap1994m#2747.059#2747.394
236;âñå;âñå;PRON;_;Case=Nom|Number=Plur|Person=3;_;_;_;@dap1994m-words#@dap1994m#2747.394#2747.729
237;åùå;åùå;ADV;_;Degree=Pos;_;_;_;@dap1994m-words#@dap1994m#2747.729#2748.064
238;ìîæåòå;ìî÷ü;VERB;_;Aspect=Imp|Mood=Ind|Number=Plur|Person=2|Tense=Pres|VerbForm=Fin|Voice=Act;_;_;_;@dap1994m-words#@dap1994m#2748.064#2748.399
239;ãîòîâèòü;ãîòîâèòü;VERB;_;Aspect=Imp|VerbForm=Inf|Voice=Act;_;_;_;@dap1994m-words#@dap1994m#2748.399#2748.734
240;ìíå;ÿ;PRON;_;Case=Dat|Number=Sing|Person=1;_;_;_;@dap1994m-words#@dap1994m#2748.734#2749.069
241;áîðù;áîðù;NOUN;_;Animacy=Anim|Case=Acc|Gender=Masc|Number=Plur;_;_;_;@dap1994m-words#@dap1994m#2749.069#2749.409
242;è;è;CCONJ;_;_;_;_;_;@dap1994m-words#@dap1994m#2749.449#2749.834
243;è;è;PART;_;_;_;_;_;@dap1994m-words#@dap1994m#2749.834#2750.219
244;ñòèðàòü;ñòèðàòü;VERB;_;Aspect=Imp|VerbForm=Inf|Voice=Act;_;_;_;@dap1994m-words#@dap1994m#2750.219#2750.604
245;ïîðòêè;ïîðòêà;NOUN;_;Animacy=Inan|Case=Acc|Gender=Fem|Number=Plur;_;_;_;@dap1994m-words#@dap1994m#2750.604#2750.99
246;Íåò;íåò;PART;_;_;_;_;_;@dap1994m-words#@dap1994m#2751.044#2751.293
247;ÿ;ÿ;PRON;_;Case=Nom|Number=Sing|Person=1;_;_;_;@dap1994m-words#@dap1994m#2751.293#2751.542
248;øó÷ó;øóòèòü;VERB;_;Aspect=Perf|Mood=Ind|Number=Sing|Person=1|Tense=Fut|VerbForm=Fin|Voice=Act;_;_;_;@dap1994m-words#@dap1994m#2751.542#2751.791
249;Ýòî;ýòî;PRON;_;Animacy=Inan|Case=Acc|Gender=Neut|Number=Sing;_;_;_;@dap1994m-words#@dap1994m#2751.791#2752.04
250;áëÿòü;áëÿòü;INTJ;_;_;_;_;_;@dap1994m-words#@dap1994m#2752.04#2752.289
251;îòâðàòèòåëüíî;îòâðàòèòåëüíî;ADV;_;Degree=Pos;_;_;_;@dap1994m-words#@dap1994m#2752.289#2752.538
252;àì;àì;_;_;_;_;_;_;@dap1994m-words#@dap1994m#2752.538#2752.79
253;Íåíàâèæó;íåíàâèäåòü;VERB;_;Aspect=Imp|VerbForm=Inf|Voice=Act;_;_;_;@dap1994m-words#@dap1994m#2752.984#2753.395
254;áëÿòü;áëÿòü;INTJ;_;_;_;_;_;@dap1994m-words#@dap1994m#2753.395#2753.806
255;ñòèðàíûå;ñòèðàíûé;ADJ;_;Animacy=Inan|Case=Acc|Degree=Pos|Number=Plur;_;_;_;@dap1994m-words#@dap1994m#2753.806#2754.217
256;âåùè;âåùü;NOUN;_;Animacy=Inan|Case=Acc|Gender=Fem|Number=Plur;_;_;_;@dap1994m-words#@dap1994m#2754.217#2754.628
257;õî÷ó;õîòåòü;VERB;_;Aspect=Imp|Mood=Ind|Number=Sing|Person=1|Tense=Pres|VerbForm=Fin|Voice=Act;_;_;_;@dap1994m-words#@dap1994m#2754.628#2755.039
258;â;â;ADP;_;_;_;_;_;@dap1994m-words#@dap1994m#2755.039#2755.45
259;ãîâíå;ãîâåíü;NOUN;_;Animacy=Inan|Case=Loc|Gender=Masc|Number=Sing;_;_;_;@dap1994m-words#@dap1994m#2755.45#2755.861
260;õîäèòü;õîäèòü;VERB;_;Aspect=Imp|VerbForm=Inf|Voice=Act;_;_;_;@dap1994m-words#@dap1994m#2755.861#2756.272
261;à-ý;à-ý;INTJ;_;_;_;_;_;@dap1994m-words#@dap1994m#2756.272#2756.69
262;áîðù;áîðù;NOUN;_;Animacy=Inan|Case=Acc|Gender=Masc|Number=Sing;_;_;_;@dap1994m-words#@dap1994m#2756.759#2757.179
263;ôó;ôó;_;_;_;_;_;_;@dap1994m-words#@dap1994m#2757.179#2757.599
264;ß;ÿ;PRON;_;Case=Nom|Number=Sing|Person=1;_;_;_;@dap1994m-words#@dap1994m#2758.334#2758.559
265;î;î;ADP;_;_;_;_;_;@dap1994m-words#@dap1994m#2758.559#2758.784
266;÷åì;÷òî;PRON;_;Case=Loc;_;_;_;@dap1994m-words#@dap1994m#2758.784#2759.01
267;êîãäà;êîãäà;SCONJ;_;_;_;_;_;@dap1994m-words#@dap1994m#2760.467#2760.713
268;ó;ó;ADP;_;_;_;_;_;@dap1994m-words#@dap1994m#2760.713#2760.959
269;íàñ;ìû;PRON;_;Case=Gen|Number=Plur|Person=1;_;_;_;@dap1994m-words#@dap1994m#2760.959#2761.205
270;â;â;ADP;_;_;_;_;_;@dap1994m-words#@dap1994m#2761.205#2761.451
271;ñòðàíå;ñòðàíà;NOUN;_;Animacy=Inan|Case=Loc|Gender=Fem|Number=Sing;_;_;_;@dap1994m-words#@dap1994m#2761.451#2761.7
272;ëü;ëü;_;_;_;_;_;_;@dap1994m-words#@dap1994m#2762.75#2762.91
273;äåêðèìü;äåêðèìü;_;_;_;_;_;_;@dap1994m-words#@dap1994m#2763.463#2763.98
274;áëÿòü;áëÿòü;INTJ;_;_;_;_;_;@dap1994m-words#@dap1994m#2764.068#2764.673
275;äåêðèìèíàëèçèðóþò;äåêðèìèíàëèçèðîâàòü;VERB;_;Aspect=Imp|Mood=Ind|Number=Plur|Person=3|Tense=Pres|VerbForm=Fin|Voice=Act;_;_;_;@dap1994m-words#@dap1994m#2764.673#2765.278
276;äîìàøíåå;äîìàøíèé;ADJ;_;Case=Acc|Degree=Pos|Gender=Neut|Number=Sing;_;_;_;@dap1994m-words#@dap1994m#2765.278#2765.883
277;íàñèëèå;íàñèëèå;NOUN;_;Animacy=Inan|Case=Acc|Gender=Neut|Number=Sing;_;_;_;@dap1994m-words#@dap1994m#2765.883#2766.49
278;À;À;CCONJ;_;_;_;_;_;@dap1994m-words#@dap1994m#2767.793#2767.906
279;â;â;ADP;_;_;_;_;_;@dap1994m-words#@dap1994m#2767.906#2768.02
280;ôåìèíèñòêè;ôåìèíèñòêà;NOUN;_;Animacy=Inan|Case=Acc|Gender=Masc|Number=Plur;_;_;_;@dap1994m-words#@dap1994m#2768.213#2768.698
281;îáúåäèíÿþòñÿ;îáúåäèíÿòüñÿ;VERB;_;Aspect=Imp|Mood=Ind|Number=Plur|Person=3|Tense=Pres|VerbForm=Fin|Voice=Mid;_;_;_;@dap1994m-words#@dap1994m#2768.698#2769.183
282;è;è;CCONJ;_;_;_;_;_;@dap1994m-words#@dap1994m#2769.183#2769.668
283;ãðÿò;ãîâîðèòü;VERB;_;Aspect=Imp|Mood=Ind|Number=Plur|Person=3|Tense=Pres|VerbForm=Fin|Voice=Act;_;_;_;@dap1994m-words#@dap1994m#2769.668#2770.153
284;äàâàéòå;äàâàòü;VERB;_;Aspect=Imp|Mood=Imp|Number=Plur|Person=2|VerbForm=Fin|Voice=Act;_;_;_;@dap1994m-words#@dap1994m#2770.153#2770.638
285;ãðèòü;ãîâîðèòü;VERB;_;Aspect=Imp|VerbForm=Inf|Voice=Act;_;_;_;@dap1994m-words#@dap1994m#2770.638#2771.123
286;áëîãåðêà;áëîãåð;NOUN;_;Animacy=Anim|Case=Nom|Gender=Fem|Number=Sing;_;_;_;@dap1994m-words#@dap1994m#2771.123#2771.608
287;áëÿòü;áëÿòü;INTJ;_;_;_;_;_;@dap1994m-words#@dap1994m#2771.608#2772.1
288;âåäü;âåäü;PART;_;_;_;_;_;@dap1994m-words#@dap1994m#2773.05#2773.473
289;ýòî;ýòî;PRON;_;Animacy=Inan|Case=Nom|Gender=Neut|Number=Sing;_;_;_;@dap1994m-words#@dap1994m#2773.473#2773.896
290;íàõóé;íàõîâàòü;VERB;_;Aspect=Imp|Mood=Imp|Number=Sing|Person=2|VerbForm=Fin|Voice=Act;_;_;_;@dap1994m-words#@dap1994m#2773.896#2774.32
291;Â;â;ADP;_;_;_;_;_;@dap1994m-words#@dap1994m#2775.575#2775.921
292;ýòî;ýòî;PRON;_;Animacy=Inan|Case=Acc|Gender=Neut|Number=Sing;_;_;_;@dap1994m-words#@dap1994m#2775.921#2776.267
293;è;è;CCONJ;_;_;_;_;_;@dap1994m-words#@dap1994m#2776.267#2776.613
294;ýòî;ýòî;PRON;_;Animacy=Inan|Case=Nom|Gender=Neut|Number=Sing;_;_;_;@dap1994m-words#@dap1994m#2776.613#2776.959
295;ïðèáëèçèò;ïðèáëèçèòü;VERB;_;Aspect=Perf|Mood=Ind|Number=Sing|Person=3|Tense=Fut|VerbForm=Fin|Voice=Act;_;_;_;@dap1994m-words#@dap1994m#2776.959#2777.305
296;íàñ;ìû;PRON;_;Case=Acc|Number=Plur|Person=1;_;_;_;@dap1994m-words#@dap1994m#2777.305#2777.651
297;ê;ê;ADP;_;_;_;_;_;@dap1994m-words#@dap1994m#2777.651#2777.997
298;òîìó;òî;PRON;_;Animacy=Inan|Case=Dat|Gender=Neut|Number=Sing;_;_;_;@dap1994m-words#@dap1994m#2777.997#2778.343
299;÷òîáû;÷òîáû;SCONJ;_;Mood=Cnd;_;_;_;@dap1994m-words#@dap1994m#2778.343#2778.689
300;íå;íå;PART;_;_;_;_;_;@dap1994m-words#@dap1994m#2778.689#2779.035
301;áûëî;áûòü;VERB;_;Aspect=Imp|Gender=Neut|Mood=Ind|Number=Sing|Tense=Past|VerbForm=Fin|Voice=Act;_;_;_;@dap1994m-words#@dap1994m#2779.035#2779.381
302;ñåêñèçìà;ñåêñèçì;NOUN;_;Animacy=Inan|Case=Gen|Gender=Masc|Number=Sing;_;_;_;@dap1994m-words#@dap1994m#2779.381#2779.727
303;òèïà;òèïà;CCONJ;_;_;_;_;_;@dap1994m-words#@dap1994m#2779.727#2780.08
304;ÿ;ÿ;PRON;_;Case=Nom|Number=Sing|Person=1;_;_;_;@dap1994m-words#@dap1994m#2780.56#2780.783
305;ì-ì;ì;INTJ;_;_;_;_;_;@dap1994m-words#@dap1994m#2780.783#2781.006
306;ô;ô;_;_;_;_;_;_;@dap1994m-words#@dap1994m#2781.94#2782.06
307;ò;ò;_;_;_;_;_;_;@dap1994m-words#@dap1994m#2782.06#2782.18
308;êàêîé-òî;êàêîé-òî;DET;_;Case=Acc|Gender=Masc|Number=Sing;_;_;_;@dap1994m-words#@dap1994m#2782.265#2782.792
309;ñòóïîð;ñòóïîð;NOUN;_;Animacy=Inan|Case=Acc|Gender=Masc|Number=Sing;_;_;_;@dap1994m-words#@dap1994m#2782.792#2783.319
310;áåñïîìîùíûé;áåñïîìîùíûé;ADJ;_;Animacy=Inan|Case=Acc|Degree=Pos|Gender=Masc|Number=Sing;_;_;_;@dap1994m-words#@dap1994m#2783.319#2783.846
311;âïàäàþ;âïàäàòü;VERB;_;Aspect=Imp|Mood=Ind|Number=Sing|Person=1|Tense=Pres|VerbForm=Fin|Voice=Act;_;_;_;@dap1994m-words#@dap1994m#2783.846#2784.375
312;åùå;åùå;ADV;_;Degree=Pos;_;_;_;@dap1994m-words#@dap1994m#2785.075#2785.374
313;è;è;PART;_;_;_;_;_;@dap1994m-words#@dap1994m#2785.374#2785.673
314;îò;îò;ADP;_;_;_;_;_;@dap1994m-words#@dap1994m#2785.673#2785.972
315;îùóùåíèÿ;îùóùåíèå;NOUN;_;Animacy=Inan|Case=Gen|Gender=Neut|Number=Sing;_;_;_;@dap1994m-words#@dap1994m#2785.972#2786.271
316;òîãî;òî;PRON;_;Animacy=Inan|Case=Gen|Gender=Neut|Number=Sing;_;_;_;@dap1994m-words#@dap1994m#2786.271#2786.57
317;÷òî;÷òî;SCONJ;_;_;_;_;_;@dap1994m-words#@dap1994m#2786.57#2786.87
318;ì;ì;CCONJ;_;_;_;_;_;@dap1994m-words#@dap1994m#2787.615#2787.77
319;ìîåìó;ìîé;PRON;_;Case=Dat|Gender=Neut|Number=Sing;_;_;_;@dap1994m-words#@dap1994m#2787.86#2788.244
320;ìíåíèþ;ìíåíèå;NOUN;_;Animacy=Inan|Case=Dat|Gender=Neut|Number=Sing;_;_;_;@dap1994m-words#@dap1994m#2788.244#2788.628
321;íå;íå;PART;_;_;_;_;_;@dap1994m-words#@dap1994m#2788.628#2789.012
322;ðàäû;ðàä;ADJ;_;Degree=Pos|Number=Plur|Variant=Short;_;_;_;@dap1994m-words#@dap1994m#2789.012#2789.396
323;â;â;ADP;_;_;_;_;_;@dap1994m-words#@dap1994m#2789.396#2789.78
324;òîì;òîò;PRON;_;Animacy=Inan|Case=Loc|Gender=Neut|Number=Sing;_;_;_;@dap1994m-words#@dap1994m#2789.78#2790.164
325;#ñìååòñÿ#;#ñìååòñÿ#;X;_;_;_;_;_;@dap1994m-words#@dap1994m#2790.164#2790.548
326;êîìüþíèòè;êîìüþíèòè;NOUN;_;Animacy=Inan|Case=Gen|Gender=Neut|Number=Sing;_;_;_;@dap1994m-words#@dap1994m#2790.548#2790.932
327;ïîíèìàåøü;ïîíèìàòü;VERB;_;Aspect=Imp|Mood=Ind|Number=Sing|Person=2|Tense=Pres|VerbForm=Fin|Voice=Act;_;_;_;@dap1994m-words#@dap1994m#2790.932#2791.32
328;Êîãäà;êîãäà;SCONJ;_;_;_;_;_;@dap1994m-words#@dap1994m#2792.205#2792.56
329;ÿ;ÿ;PRON;_;Case=Nom|Number=Sing|Person=1;_;_;_;@dap1994m-words#@dap1994m#2792.56#2792.915
330;ïûòàþñü;ïûòàòüñÿ;VERB;_;Aspect=Imp|Mood=Ind|Number=Sing|Person=1|Tense=Pres|VerbForm=Fin|Voice=Mid;_;_;_;@dap1994m-words#@dap1994m#2792.915#2793.27
331;ñêàçàòü;ñêàçàòü;VERB;_;Aspect=Perf|VerbForm=Inf|Voice=Act;_;_;_;@dap1994m-words#@dap1994m#2793.27#2793.625
332;ðåáÿòà;ðåáÿòà;NOUN;_;Animacy=Anim|Case=Nom|Gender=Neut|Number=Plur;_;_;_;@dap1994m-words#@dap1994m#2793.625#2793.98
333;åñòü;áûòü;AUX;_;Aspect=Imp|Mood=Ind|Number=Sing|Person=3|Tense=Pres|VerbForm=Fin|Voice=Act;_;_;_;@dap1994m-words#@dap1994m#2793.98#2794.335
334;àõóåòü;àõóåòü;VERB;_;Aspect=Imp|VerbForm=Inf|Voice=Act;_;_;_;@dap1994m-words#@dap1994m#2794.335#2794.69
335;êàêèå;êàêîé;DET;_;Case=Acc|Number=Plur;_;_;_;@dap1994m-words#@dap1994m#2794.69#2795.045
336;âàæíûé;âàæíûé;ADJ;_;Animacy=Inan|Case=Acc|Degree=Pos|Gender=Masc|Number=Sing;_;_;_;@dap1994m-words#@dap1994m#2795.045#2795.4
337;âàæíûå;âàæíûé;ADJ;_;Animacy=Inan|Case=Acc|Degree=Pos|Number=Plur;_;_;_;@dap1994m-words#@dap1994m#2795.4#2795.755
338;ïðîáëåìû;ïðîáëåìà;NOUN;_;Animacy=Inan|Case=Acc|Gender=Fem|Number=Plur;_;_;_;@dap1994m-words#@dap1994m#2795.755#2796.11
339;ó;ó;ADP;_;_;_;_;_;@dap1994m-words#@dap1994m#2796.11#2796.465
340;âàñ;âû;PRON;_;Case=Gen|Number=Plur|Person=2;_;_;_;@dap1994m-words#@dap1994m#2796.465#2796.82
341;ãîðèò;ãîðåòü;VERB;_;Aspect=Imp|Mood=Ind|Number=Sing|Person=3|Tense=Pres|VerbForm=Fin|Voice=Act;_;_;_;@dap1994m-words#@dap1994m#2796.82#2797.175
342;äîì;äîì;NOUN;_;Animacy=Inan|Case=Acc|Gender=Masc|Number=Sing;_;_;_;@dap1994m-words#@dap1994m#2797.175#2797.54
343;à;à;CCONJ;_;_;_;_;_;@dap1994m-words#@dap1994m#2797.585#2798.068
344;âû;âû;PRON;_;Case=Nom|Number=Plur|Person=2;_;_;_;@dap1994m-words#@dap1994m#2798.068#2798.551
345;áëÿòü;áëÿòü;INTJ;_;_;_;_;_;@dap1994m-words#@dap1994m#2798.551#2799.034
346;óáèðàåòå;óáèðàåò;VERB;_;Aspect=Imp|Mood=Ind|Number=Plur|Person=2|Tense=Pres|VerbForm=Fin|Voice=Act;_;_;_;@dap1994m-words#@dap1994m#2799.034#2799.517
347;à;à;CCONJ;_;_;_;_;_;@dap1994m-words#@dap1994m#2799.517#2800.0
348;ïðîæåê;ïîðîã;NOUN;_;Animacy=Inan|Case=Acc|Gender=Fem|Number=Sing;_;_;_;@dap1994m-words#@dap1994m#2800.14#2800.57
349;áëÿòü;áëÿòü;INTJ;_;_;_;_;_;@dap1994m-words#@dap1994m#2800.57#2801.0
350;ñîðèíêè;ñîðèíêà;NOUN;_;Animacy=Inan|Case=Acc|Gender=Masc|Number=Plur;_;_;_;@dap1994m-words#@dap1994m#2801.15#2801.527
351;íó;íó;INTJ;_;_;_;_;_;@dap1994m-words#@dap1994m#2801.527#2801.904
352;óñëîâíî;óñëîâíî;ADV;_;Degree=Pos;_;_;_;@dap1994m-words#@dap1994m#2801.904#2802.281
353;çíàåøü;çíàòü;VERB;_;Aspect=Imp|Mood=Ind|Number=Sing|Person=2|Tense=Pres|VerbForm=Fin|Voice=Act;_;_;_;@dap1994m-words#@dap1994m#2802.281#2802.66
354;è;è;CCONJ;_;_;_;_;_;@dap1994m-words#@dap1994m#2803.835#2804.055
355;âîò;âîò;PART;_;_;_;_;_;@dap1994m-words#@dap1994m#2804.055#2804.275
356;ýòî;ýòî;DET;_;Animacy=Inan|Case=Acc|Gender=Neut|Number=Sing;_;_;_;@dap1994m-words#@dap1994m#2804.275#2804.495
357;ìåíÿ;ÿ;PRON;_;Case=Acc|Number=Sing|Person=1;_;_;_;@dap1994m-words#@dap1994m#2804.495#2804.715
358;áëÿòü;áëÿòü;INTJ;_;_;_;_;_;@dap1994m-words#@dap1994m#2804.715#2804.935
359;ñâîäèò;ñâîäèòü;VERB;_;Aspect=Imp|Mood=Ind|Number=Sing|Person=3|Tense=Pres|VerbForm=Fin|Voice=Act;_;_;_;@dap1994m-words#@dap1994m#2804.935#2805.155
360;ñ;ñ;ADP;_;_;_;_;_;@dap1994m-words#@dap1994m#2805.155#2805.375
361;óìà;óì;NOUN;_;Animacy=Inan|Case=Gen|Gender=Masc|Number=Sing;_;_;_;@dap1994m-words#@dap1994m#2805.375#2805.6
362;Ôåìêàôå;Ôåìêàôå;NOUN;_;Animacy=Inan|Case=Àññ|Gender=Neut|Number=Sing;_;_;_;@dap1994m-words#@dap1994m#2815.29#2815.815
363;äà-äà-äà-äà;äà-äà-äà-äà;INTJ;_;_;_;_;_;@dap1994m-words#@dap1994m#2815.815#2816.34
364;Äà;äà;INTJ;_;_;_;_;_;@dap1994m-words#@dap1994m#2818.96#2819.23
365;Êîíå÷íî;Êîíå÷íî;CCONJ;_;_;_;_;_;@dap1994m-words#@dap1994m#2829.34#2829.86
366;Êàíåø;Êîíå÷íî;CCONJ;_;_;_;_;_;@dap1994m-words#@dap1994m#2831.325#2831.885
367;ïðîâîêàöèÿ;ïðîâîêàöèÿ;NOUN;_;Animacy=Inan|Case=Nom|Gender=Fem|Number=Sing;_;_;_;@dap1994m-words#@dap1994m#2831.885#2832.445
368;Íå;íå;PART;_;_;_;_;_;@dap1994m-words#@dap1994m#2836.752#2837.184
369;ýòî;ýòîò;PRON;_;Animacy=Inan|Case=Nom|Gender=Neut|Number=Sing;_;_;_;@dap1994m-words#@dap1994m#2837.184#2837.616
370;ïðîâîêàöèÿ;ïðîâîêàöèÿ;NOUN;_;Animacy=Inan|Case=Nom|Gender=Fem|Number=Sing;_;_;_;@dap1994m-words#@dap1994m#2837.616#2838.048
371;êîíå÷íî;êîíå÷íî;CCONJ;_;_;_;_;_;@dap1994m-words#@dap1994m#2838.048#2838.48
372;Ìíå;ÿ;PRON;_;Case=Dat|Number=Sing|Person=1;_;_;_;@dap1994m-words#@dap1994m#2843.978#2844.357
373;êàæåòñÿ;êàçàòüñÿ;VERB;_;Aspect=Imp|Mood=Ind|Number=Sing|Person=3|Tense=Pres|VerbForm=Fin|Voice=Mid;_;_;_;@dap1994m-words#@dap1994m#2844.357#2844.736
374;ýòî;ýòîò;PRON;_;Animacy=Inan|Case=Nom|Gender=Neut|Number=Sing;_;_;_;@dap1994m-words#@dap1994m#2844.736#2845.115
375;ñðåæèññèðîâàííàÿ;ñðåæèññèðîâàííûé;PARTCP;_;Aspect=Perf|Case=Nom|Gender=Fem|Number=Sing|Tense=Past|VerbForm=Part|Voice=Pass;_;_;_;@dap1994m-words#@dap1994m#2845.115#2845.494
376;èñòîðèÿ;èñòîðèÿ;NOUN;_;Animacy=Inan|Case=Nom|Gender=Fem|Number=Sing;_;_;_;@dap1994m-words#@dap1994m#2845.494#2845.873
377;÷åñòíî;÷åñòíî;ADV;_;Degree=Pos;_;_;_;@dap1994m-words#@dap1994m#2845.873#2846.252
378;ãîâîðÿ;ãîâîðèòü;VERB;_;Aspect=Imp|Tense=Pres|VerbForm=Conv|Voice=Act;_;_;_;@dap1994m-words#@dap1994m#2846.252#2846.631
379;ïîòîìó;ïîòîìó;CCONJ;_;_;_;_;_;@dap1994m-words#@dap1994m#2846.631#2847.01
380;÷òî;÷òî;CCONJ;_;_;_;_;_;@dap1994m-words#@dap1994m#2847.01#2847.389
381;èç;èç;ADP;_;_;_;_;_;@dap1994m-words#@dap1994m#2847.389#2847.768
382;îòâåò;îòâåò;NOUN;_;Animacy=Inan|Case=Acc|Gender=Masc|Number=Sing;_;_;_;@dap1994m-words#@dap1994m#2847.768#2848.147
383;îí;îí;PRON;_;Case=Nom|Gender=Masc|Number=Sing|Person=3;_;_;_;@dap1994m-words#@dap1994m#2848.147#2848.53
384;îí;îí;PRON;_;Case=Nom|Gender=Masc|Number=Sing|Person=3;_;_;_;@dap1994m-words#@dap1994m#2848.718#2849.032
385;ïðîèçîøåë;ïðîèçîéòè;VERB;_;Aspect=Perf|Gender=Masc|Mood=Ind|Number=Sing|Tense=Past|VerbForm=Fin|Voice=Act;_;_;_;@dap1994m-words#@dap1994m#2849.032#2849.346
386;áëÿòü;áëÿòü;INTJ;_;_;_;_;_;@dap1994m-words#@dap1994m#2849.346#2849.66
387;íà;íà;ADP;_;_;_;_;_;@dap1994m-words#@dap1994m#2849.66#2849.974
388;ñëåäóþùèé;ñëåäóþùèé;ADJ;_;Animacy=Inan|Case=Acc|Degree=Pos|Gender=Masc|Number=Sing;_;_;_;@dap1994m-words#@dap1994m#2849.974#2850.288
389;äåíü;äåíü;NOUN;_;Animacy=Inan|Case=Acc|Gender=Masc|Number=Sing;_;_;_;@dap1994m-words#@dap1994m#2850.288#2850.602
390;òàì;òàì;ADV;_;Degree=Pos;_;_;_;@dap1994m-words#@dap1994m#2850.602#2850.916
391;ý;ý;INTJ;_;_;_;_;_;@dap1994m-words#@dap1994m#2850.916#2851.23
392;êàêîé-òî;êàêîé-òî;DET;_;Case=Nom|Gender=Masc|Number=Sing;_;_;_;@dap1994m-words#@dap1994m#2851.728#2852.088
393;ìàíåêåí;ìàíåêåí;NOUN;_;Animacy=Inan|Case=Nom|Gender=Masc|Number=Sing;_;_;_;@dap1994m-words#@dap1994m#2852.088#2852.448
394;ñ;ñ;ADP;_;_;_;_;_;@dap1994m-words#@dap1994m#2852.448#2852.808
395;îòðåçàííûì;îòðåçàòü;VERB;_;Aspect=Perf|Case=Ins|Gender=Masc|Number=Sing|Tense=Past|VerbForm=Part|Voice=Pass;_;_;_;@dap1994m-words#@dap1994m#2852.808#2853.168
396;õóåì;õóé;NOUN;_;Animacy=Inan|Case=Ins|Gender=Masc|Number=Sing;_;_;_;@dap1994m-words#@dap1994m#2853.168#2853.528
397;ññ;ññ;_;_;_;_;_;_;@dap1994m-words#@dap1994m#2853.528#2853.888
398;âåíêàìè;âåíîê;NOUN;_;Animacy=Inan|Case=Ins|Gender=Fem|Number=Plur;_;_;_;@dap1994m-words#@dap1994m#2853.888#2854.248
399;îíè;îíè;PRON;_;Case=Nom|Number=Plur|Person=3;_;_;_;@dap1994m-words#@dap1994m#2854.248#2854.608
400;áëÿòü;áëÿòü;INTJ;_;_;_;_;_;@dap1994m-words#@dap1994m#2854.608#2854.968
401;âûëîæèëè;âûëîæèòü;VERB;_;Aspect=Perf|Mood=Ind|Number=Plur|Tense=Past|VerbForm=Fin|Voice=Act;_;_;_;@dap1994m-words#@dap1994m#2854.968#2855.328
402;Òèïà;òèï;NOUN;_;Animacy=Anim|Case=Acc|Gender=Masc|Number=Sing;_;_;_;@dap1994m-words#@dap1994m#2855.328#2855.688
403;íó;íó;INTJ;_;_;_;_;_;@dap1994m-words#@dap1994m#2855.688#2856.048
404;êîðî÷;êîðî÷;NOUN;_;Animacy=Anim|Case=Nom|Gender=Masc|Number=Sing;_;_;_;@dap1994m-words#@dap1994m#2856.048#2856.408
405;ýòî;ýòî;PRON;_;Animacy=Inan|Case=Nom|Gender=Neut|Number=Sing;_;_;_;@dap1994m-words#@dap1994m#2856.408#2856.768
406;âûãëÿäåëî;âûãëÿäåòü;VERB;_;Aspect=Imp|Gender=Neut|Mood=Ind|Number=Sing|Tense=Past|VerbForm=Fin|Voice=Act;_;_;_;@dap1994m-words#@dap1994m#2856.768#2857.128
407;êàê;êàê;SCONJ;_;_;_;_;_;@dap1994m-words#@dap1994m#2857.128#2857.488
408;î÷;î÷;NOUN;_;Animacy=Inan|Case=Nom|Gender=Masc|Number=Sing;_;_;_;@dap1994m-words#@dap1994m#2857.488#2857.848
409;ñðåæèññèðîâàííûé;ðåæèññèðîâàòü;VERB;_;Aspect=Perf|Case=Nom|Gender=Masc|Number=Sing|Tense=Past|VerbForm=Part|Voice=Pass;_;_;_;@dap1994m-words#@dap1994m#2857.848#2858.21
410;íó;íó;INTJ;_;_;_;_;_;@dap1994m-words#@dap1994m#2864.01#2864.2
411;äà;äà;INTJ;_;_;_;_;_;@dap1994m-words#@dap1994m#2864.2#2864.39
412;äà;äà;INTJ;_;_;_;_;_;@dap1994m-words#@dap1994m#2864.39#2864.58
413;Ïîòîìó;Ïîòîìó;CCONJ;_;_;_;_;_;@dap1994m-words#@dap1994m#2868.04#2868.317
414;÷òî;÷òî;SCONJ;_;_;_;_;_;@dap1994m-words#@dap1994m#2868.317#2868.594
415;ôåìèíèçì;ôåìèíèçì;NOUN;_;Animacy=Inan|Case=Nom|Gender=Masc|Number=Sing;_;_;_;@dap1994m-words#@dap1994m#2868.594#2868.871
416;ýòî;ýòî;PRON;_;Animacy=Inan|Case=Nom|Gender=Neut|Number=Sing;_;_;_;@dap1994m-words#@dap1994m#2869.148#2869.425
417;çà;çà;ADP;_;_;_;_;_;@dap1994m-words#@dap1994m#2869.425#2869.702
418;ïðàâà;ïðàâî;NOUN;_;Animacy=Inan|Case=Gen|Gender=Neut|Number=Sing;_;_;_;@dap1994m-words#@dap1994m#2869.702#2869.979
419;æåíùèí;æåíùèíà;NOUN;_;Animacy=Anim|Case=Gen|Gender=Fem|Number=Plur;_;_;_;@dap1994m-words#@dap1994m#2869.979#2870.256
420;è;è;CCONJ;_;_;_;_;_;@dap1994m-words#@dap1994m#2870.256#2870.533
421;â;â;ADP;_;_;_;_;_;@dap1994m-words#@dap1994m#2870.533#2870.81
422;ýòî;ýòîò;DET;_;Case=Acc|Gender=Neut|Number=Sing;_;_;_;@dap1994m-words#@dap1994m#2870.81#2871.087
423;òå÷åíèå;òå÷åíèå;NOUN;_;Animacy=Inan|Case=Acc|Gender=Neut|Number=Sing;_;_;_;@dap1994m-words#@dap1994m#2871.087#2871.364
424;âëèâàþòñÿ;âëèâàòü;VERB;_;Aspect=Imp|Mood=Ind|Number=Plur|Person=3|Tense=Pres|VerbForm=Fin|Voice=Pass;_;_;_;@dap1994m-words#@dap1994m#2871.364#2871.641
425;äåâ÷îêè;äåâî÷êè;NOUN;_;Animacy=Inan|Case=Nom|Gender=Masc|Number=Plur;_;_;_;@dap1994m-words#@dap1994m#2871.641#2871.918
426;êîòîðûå;êîòîðûé;DET;_;Case=Acc;_;_;_;@dap1994m-words#@dap1994m#2871.918#2872.195
427;âîò;âîò;PART;_;_;_;_;_;@dap1994m-words#@dap1994m#2872.195#2872.48
428;ðàäèêàëüíûå;ðàäèêàëüíûé;ADJ;_;Case=Nom|Degree=Pos|Number=Plur;_;_;_;@dap1994m-words#@dap1994m#2872.565#2872.895
429;ôåìèíèñòêè;ôåìèíèñòêà;NOUN;_;Animacy=Inan|Case=Nom|Gender=Fem|Number=Plur;_;_;_;@dap1994m-words#@dap1994m#2872.895#2873.225
430;êîòîðûõ;êîòîðûé;DET;_;Case=Gen;_;_;_;@dap1994m-words#@dap1994m#2873.225#2873.555
431;êîãäà-òî;êîãäà-òî;ADV;_;Degree=Pos;_;_;_;@dap1994m-words#@dap1994m#2873.555#2873.885
432;èçíàñèëîâàëè;èçíàñèëîâàòü;VERB;_;Aspect=Imp|Mood=Ind|Number=Plur|Tense=Past|VerbForm=Fin|Voice=Act;_;_;_;@dap1994m-words#@dap1994m#2873.885#2874.215
433;èëè;èëè;CCONJ;_;_;_;_;_;@dap1994m-words#@dap1994m#2874.215#2874.545
434;åùå;åùå;ADV;_;Degree=Pos;_;_;_;@dap1994m-words#@dap1994m#2874.545#2874.875
435;÷òî-òî;÷òî-òî;PRON;_;Case=Acc;_;_;_;@dap1994m-words#@dap1994m#2874.875#2875.205
436;è;è;CCONJ;_;_;_;_;_;@dap1994m-words#@dap1994m#2875.205#2875.535
437;îíè;îíè;PRON;_;Case=Nom|Number=Plur|Person=3;_;_;_;@dap1994m-words#@dap1994m#2875.535#2875.865
438;îáîçëåíû;îáîçèòü;VERB;_;Aspect=Perf|Number=Plur|Tense=Past|Variant=Short|VerbForm=Part|Voice=Pass;_;_;_;@dap1994m-words#@dap1994m#2875.865#2876.195
439;è;è;CCONJ;_;_;_;_;_;@dap1994m-words#@dap1994m#2876.195#2876.53
440;èíè;èíÿ;VERB;_;Aspect=Perf|Mood=Imp|Number=Sing|Person=2|VerbForm=Fin|Voice=Act;_;_;_;@dap1994m-words#@dap1994m#2876.595#2876.816
441;òêèå;òêîé;ADJ;_;Animacy=Inan|Case=Acc|Degree=Pos|Number=Plur;_;_;_;@dap1994m-words#@dap1994m#2876.816#2877.037
442;Äà;äà;INTJ;_;_;_;_;_;@dap1994m-words#@dap1994m#2877.037#2877.26
443;ÿ;ÿ;PRON;_;Case=Nom|Number=Sing|Person=1;_;_;_;@dap1994m-words#@dap1994m#2877.675#2877.907
444;õî÷ó;õîòåòü;VERB;_;Aspect=Imp|Mood=Ind|Number=Sing|Person=1|Tense=Pres|VerbForm=Fin|Voice=Act;_;_;_;@dap1994m-words#@dap1994m#2877.907#2878.139
445;ãîëîñîâàòü;ãîëîñîâàòü;VERB;_;Aspect=Imp|VerbForm=Inf|Voice=Act;_;_;_;@dap1994m-words#@dap1994m#2878.139#2878.371
446;à;à;CCONJ;_;_;_;_;_;@dap1994m-words#@dap1994m#2878.371#2878.603
447;åùå;åùå;ADV;_;Degree=Pos;_;_;_;@dap1994m-words#@dap1994m#2878.603#2878.835
448;ÿ;ÿ;PRON;_;Case=Nom|Number=Sing|Person=1;_;_;_;@dap1994m-words#@dap1994m#2878.835#2879.067
449;áëÿòü;áëÿòü;INTJ;_;_;_;_;_;@dap1994m-words#@dap1994m#2879.067#2879.3
450;íåíàâèæó;íåíàâèäåòü;NOUN;_;Animacy=Inan|Case=Acc|Gender=Fem|Number=Sing;_;_;_;@dap1994m-words#@dap1994m#2879.345#2879.743
451;ýòèõ;ýòîò;DET;_;Case=Gen|Number=Plur;_;_;_;@dap1994m-words#@dap1994m#2879.743#2880.141
452;óåáêîâ;óåáîê;NOUN;_;Animacy=Inan|Case=Gen|Gender=Masc|Number=Plur;_;_;_;@dap1994m-words#@dap1994m#2880.141#2880.54
453;ß;ÿ;PRON;_;Case=Nom|Number=Sing|Person=1;_;_;_;@mam1989f-words#@mam1989f#2576.01#2576.395
454;ìîãó;ìî÷ü;VERB;_;Aspect=Imp|Mood=Ind|Number=Sing|Person=1|Tense=Pres|VerbForm=Fin|Voice=Act;_;_;_;@mam1989f-words#@mam1989f#2576.395#2576.78
455;Íåò;íå;PART;_;_;_;_;_;@mam1989f-words#@mam1989f#2578.892#2579.147
456;íåò;íåò;VERB;_;Aspect=Imp|Mood=Ind|Number=Sing|Person=3|Tense=Pres|VerbForm=Fin|Voice=Act;_;_;_;@mam1989f-words#@mam1989f#2579.402#2579.657
457;ýòî;ýòî;PRON;_;Animacy=Inan|Case=Acc|Gender=Neut|Number=Sing;_;_;_;@mam1989f-words#@mam1989f#2579.657#2579.912
458;Ýòà-à;Ýòà-;PROPN;_;Animacy=Anim|Case=Acc|Gender=Masc|Number=Sing;_;_;_;@mam1989f-words#@mam1989f#2581.04#2581.531
459;Ýòî;ýòî;PRON;_;Animacy=Inan|Case=Nom|Gender=Neut|Number=Sing;_;_;_;@mam1989f-words#@mam1989f#2581.531#2582.022
460;íå;íå;PART;_;_;_;_;_;@mam1989f-words#@mam1989f#2582.022#2582.513
461;Âîãîâñêîå;Âîãîâñêèé;_;_;_;_;_;_;@mam1989f-words#@mam1989f#2582.513#2583.004
462;Ýòî;ýòî;PRON;_;Animacy=Inan|Case=Nom|Gender=Neut|Number=Sing;_;_;_;@mam1989f-words#@mam1989f#2583.004#2583.495
463;Àéçåëü;Àéçåëü;_;_;_;_;_;_;@mam1989f-words#@mam1989f#2583.495#2583.986
464;àéÀéñåëü;àéÀéñåëü;_;_;_;_;_;_;@mam1989f-words#@mam1989f#2583.986#2584.477
465;Òðóäýë;Òðóäýë;_;_;_;_;_;_;@mam1989f-words#@mam1989f#2584.477#2584.97
466;Ýòà-à;Ýòà-;PROPN;_;Animacy=Anim|Case=Acc|Gender=Masc|Number=Sing;_;_;_;@mam1989f-words#@mam1989f#2585.46#2585.808
467;ìåíÿ;ÿ;PRON;_;Case=Acc|Number=Sing|Person=1;_;_;_;@mam1989f-words#@mam1989f#2585.808#2586.156
468;ïðèãëàñèëè;ïðèãëàñèòü;VERB;_;Aspect=Perf|Mood=Ind|Number=Plur|Tense=Past|VerbForm=Fin|Voice=Act;_;_;_;@mam1989f-words#@mam1989f#2586.156#2586.504
469;ïîó÷àñòâîâàòü;ïîó÷àñòâîâàòü;VERB;_;Aspect=Perf|VerbForm=Inf|Voice=Act;_;_;_;@mam1989f-words#@mam1989f#2586.504#2586.852
470;ïðè÷åì;ïðè÷åì;ADV;_;Degree=Pos;_;_;_;@mam1989f-words#@mam1989f#2586.852#2587.2
471;ÿ;ÿ;PRON;_;Case=Nom|Number=Sing|Person=1;_;_;_;@mam1989f-words#@mam1989f#2587.2#2587.548
472;â;â;ADP;_;_;_;_;_;@mam1989f-words#@mam1989f#2587.548#2587.896
473;ïðèíöèïå;ïðèíöèï;NOUN;_;Animacy=Inan|Case=Loc|Gender=Masc|Number=Sing;_;_;_;@mam1989f-words#@mam1989f#2587.896#2588.244
474;íå;íå;PART;_;_;_;_;_;@mam1989f-words#@mam1989f#2588.244#2588.592
475;îñîáåííî;îñîáåííî;ADV;_;Degree=Pos;_;_;_;@mam1989f-words#@mam1989f#2588.592#2588.94
476;à;à;CCONJ;_;_;_;_;_;@mam1989f-words#@mam1989f#2588.94#2589.288
477;Êîãäà;êîãäà;SCONJ;_;_;_;_;_;@mam1989f-words#@mam1989f#2589.288#2589.636
478;ÿ;ÿ;PRON;_;Case=Nom|Number=Sing|Person=1;_;_;_;@mam1989f-words#@mam1989f#2589.636#2589.984
479;òóäà;òóäà;ADV;_;Degree=Pos;_;_;_;@mam1989f-words#@mam1989f#2589.984#2590.332
480;ïîøëà;ïîéòè;VERB;_;Aspect=Perf|Gender=Fem|Mood=Ind|Number=Sing|Tense=Past|VerbForm=Fin|Voice=Act;_;_;_;@mam1989f-words#@mam1989f#2590.332#2590.68
481;ÿ;ÿ;PRON;_;Case=Nom|Number=Sing|Person=1;_;_;_;@mam1989f-words#@mam1989f#2590.68#2591.028
482;íå;íå;PART;_;_;_;_;_;@mam1989f-words#@mam1989f#2591.028#2591.376
483;îñîáåííî;îñîáåííî;ADV;_;Degree=Pos;_;_;_;@mam1989f-words#@mam1989f#2591.376#2591.724
484;ïîíèìàëà;ïîíèìàòü;VERB;_;Aspect=Imp|Gender=Fem|Mood=Ind|Number=Sing|Tense=Past|VerbForm=Fin|Voice=Act;_;_;_;@mam1989f-words#@mam1989f#2591.724#2592.072
485;âîîáùå;âîîáùå;ADV;_;Degree=Pos;_;_;_;@mam1989f-words#@mam1989f#2592.072#2592.42
486;âñþ;âåñü;DET;_;Case=Acc|Gender=Fem|Number=Sing;_;_;_;@mam1989f-words#@mam1989f#2592.42#2592.768
487;êàíâó;êàíâà;NOUN;_;Animacy=Inan|Case=Acc|Gender=Fem|Number=Sing;_;_;_;@mam1989f-words#@mam1989f#2592.768#2593.12
488;âñåãî;âñå;PART;_;_;_;_;_;@mam1989f-words#@mam1989f#2593.64#2594.145
489;ïðîèñõîäÿùåãî;ïðîèñõîäèòü;INTJ;_;Aspect=Imperf|Number=Sing|Tense=Past|VerbForm=Fin|Voice=Act;_;_;_;@mam1989f-words#@mam1989f#2594.145#2594.65
490;Ìíå;ÿ;PRON;_;Case=Dat|Number=Sing|Person=1;_;_;_;@mam1989f-words#@mam1989f#2594.8#2595.061
491;ñêàçàëè;ñêàçàòü;VERB;_;Aspect=Perf|Mood=Ind|Number=Plur|Tense=Past|VerbForm=Fin|Voice=Act;_;_;_;@mam1989f-words#@mam1989f#2595.061#2595.322
492;òèïà;òèï;NOUN;_;Animacy=Inan|Case=Gen|Gender=Masc|Number=Sing;_;_;_;@mam1989f-words#@mam1989f#2595.322#2595.583
493;Ìàøà;ìàøà;PROPN;_;Animacy=Anim|Case=Nom|Gender=Fem|Number=Sing;_;_;_;@mam1989f-words#@mam1989f#2595.583#2595.844
494;ìîæåøü;ìî÷ü;VERB;_;Aspect=Imp|Mood=Ind|Number=Sing|Person=2|Tense=Pres|VerbForm=Fin|Voice=Act;_;_;_;@mam1989f-words#@mam1989f#2595.844#2596.105
495;òàì;òàì;ADV;_;Degree=Pos;_;_;_;@mam1989f-words#@mam1989f#2596.105#2596.366
496;ïîäåëèòüñÿ;äåëèòüñÿ;VERB;_;Aspect=Perf|VerbForm=Inf|Voice=Mid;_;_;_;@mam1989f-words#@mam1989f#2596.366#2596.627
497;âîò;âîò;PART;_;_;_;_;_;@mam1989f-words#@mam1989f#2596.627#2596.888
498;ñâîåé;ñâîé;PRON;_;_;_;_;_;@mam1989f-words#@mam1989f#2596.888#2597.149
499;èñòîðèåé;èñòîðèÿ;NOUN;_;Animacy=Inan|Case=Ins|Gender=Fem|Number=Sing;_;_;_;@mam1989f-words#@mam1989f#2597.149#2597.41
500;ïðî;ïðî;ADP;_;_;_;_;_;@mam1989f-words#@mam1989f#2597.675#2597.855
501;ÿ;ÿ;PRON;_;Case=Nom|Number=Sing|Person=1;_;_;_;@mam1989f-words#@mam1989f#2597.855#2598.035
502;âûøå;âûøå;ADP;_;_;_;_;_;@mam1989f-words#@mam1989f#2598.035#2598.215
503;ýòîãî;ýòî;PRON;_;Animacy=Inan|Case=Gen|Gender=Neut|Number=Sing;_;_;_;@mam1989f-words#@mam1989f#2598.215#2598.395
504;è;è;CCONJ;_;_;_;_;_;@mam1989f-words#@mam1989f#2598.49#2598.747
505;òàì;òàì;ADV;_;Degree=Pos;_;_;_;@mam1989f-words#@mam1989f#2598.747#2599.004
506;âîò;âîò;PART;_;_;_;_;_;@mam1989f-words#@mam1989f#2599.004#2599.261
507;íó;íó;INTJ;_;_;_;_;_;@mam1989f-words#@mam1989f#2599.261#2599.518
508;îòâåòèòü;îòâåòèòü;VERB;_;Aspect=Perf|VerbForm=Inf|Voice=Act;_;_;_;@mam1989f-words#@mam1989f#2599.518#2599.775
509;íà;íà;ADP;_;_;_;_;_;@mam1989f-words#@mam1989f#2599.775#2600.032
510;âîïðîñ;âîïðîñ;NOUN;_;Animacy=Inan|Case=Acc|Gender=Masc|Number=Sing;_;_;_;@mam1989f-words#@mam1989f#2600.032#2600.289
511;òèïà;òèï;NOUN;_;Animacy=Inan|Case=Gen|Gender=Masc|Number=Sing;_;_;_;@mam1989f-words#@mam1989f#2600.289#2600.546
512;÷òî;÷òî;PRON;_;Case=Nom;_;_;_;@mam1989f-words#@mam1989f#2600.546#2600.803
513;òàêîå;òàêîé;DET;_;Case=Nom|Gender=Neut|Number=Sing;_;_;_;@mam1989f-words#@mam1989f#2600.803#2601.06
514;ê;ê;ADP;_;_;_;_;_;@mam1989f-words#@mam1989f#2601.06#2601.32
515;ø;ø;NOUN;_;Animacy=Inan|Case=Acc|Gender=Masc|Number=Sing;_;_;_;@mam1989f-words#@mam1989f#2601.43#2601.54
516;÷òî;÷òî;SCONJ;_;_;_;_;_;@mam1989f-words#@mam1989f#2601.63#2602.012
517;êòî;êòî;PRON;_;Case=Nom;_;_;_;@mam1989f-words#@mam1989f#2602.012#2602.394
518;òàêàÿ;òàêîé;DET;_;Case=Nom|Gender=Fem|Number=Sing;_;_;_;@mam1989f-words#@mam1989f#2602.394#2602.776
519;æåíùèíà;æåíùèíà;NOUN;_;Animacy=Anim|Case=Nom|Gender=Fem|Number=Sing;_;_;_;@mam1989f-words#@mam1989f#2602.776#2603.16
520;âîò;âîò;PART;_;_;_;_;_;@mam1989f-words#@mam1989f#2603.425#2603.729
521;â;â;ADP;_;_;_;_;_;@mam1989f-words#@mam1989f#2603.729#2604.033
522;ñîâðåìåííîì;ñîâðåìåííûé;ADJ;_;Case=Loc|Degree=Pos|Gender=Masc|Number=Sing;_;_;_;@mam1989f-words#@mam1989f#2604.033#2604.337
523;ìèðå;ìèð;NOUN;_;Animacy=Inan|Case=Loc|Gender=Masc|Number=Sing;_;_;_;@mam1989f-words#@mam1989f#2604.337#2604.641
524;ß;ÿ;PRON;_;Case=Nom|Number=Sing|Person=1;_;_;_;@mam1989f-words#@mam1989f#2604.641#2604.945
525;òàêàÿ;òàêîé;DET;_;Case=Nom|Gender=Fem|Number=Sing;_;_;_;@mam1989f-words#@mam1989f#2604.945#2605.249
526;Íó;íó;INTJ;_;_;_;_;_;@mam1989f-words#@mam1989f#2605.249#2605.553
527;îê;îê;NOUN;_;Animacy=Inan|Case=Acc|Gender=Masc|Number=Sing;_;_;_;@mam1989f-words#@mam1989f#2605.553#2605.86
528;Ïîøëà;Ïîøë;VERB;_;Aspect=Perf|Gender=Fem|Mood=Ind|Number=Sing|Tense=Past|VerbForm=Fin|Voice=Act;_;_;_;@mam1989f-words#@mam1989f#2606.367#2606.757
529;ðàññêàçàëà;ðàññêàçàòü;VERB;_;Aspect=Perf|Gender=Fem|Mood=Ind|Number=Sing|Tense=Past|VerbForm=Fin|Voice=Act;_;_;_;@mam1989f-words#@mam1989f#2606.757#2607.147
530;âñå;âñå;PRON;_;Animacy=Inan|Case=Acc|Gender=Neut|Number=Sing;_;_;_;@mam1989f-words#@mam1989f#2607.147#2607.537
531;êàê;êàê;SCONJ;_;_;_;_;_;@mam1989f-words#@mam1989f#2607.537#2607.927
532;äóìàëà;äóìàòü;VERB;_;Aspect=Imp|Gender=Fem|Mood=Ind|Number=Sing|Tense=Past|VerbForm=Fin|Voice=Act;_;_;_;@mam1989f-words#@mam1989f#2607.927#2608.32
533;à;î;CCONJ;_;_;_;_;_;@mam1989f-words#@mam1989f#2608.412#2608.727
534;ïîòîì-ì;ïîòîì-;NOUN;_;Animacy=Inan|Case=Ins|Gender=Neut|Number=Sing;_;_;_;@mam1989f-words#@mam1989f#2608.727#2609.042
535;ïîñìîòðåëà;ñìîòðåòü;VERB;_;Aspect=Perf|Gender=Fem|Mood=Ind|Number=Sing|Tense=Past|VerbForm=Fin|Voice=Act;_;_;_;@mam1989f-words#@mam1989f#2609.408#2609.828
536;âñåâñå;âñåâñå;PRON;_;Animacy=Inan|Case=Acc|Gender=Neut|Number=Sing;_;_;_;@mam1989f-words#@mam1989f#2609.828#2610.248
537;è;è;CCONJ;_;_;_;_;_;@mam1989f-words#@mam1989f#2610.248#2610.668
538;âîò;âîò;PART;_;_;_;_;_;@mam1989f-words#@mam1989f#2610.668#2611.09
539;è;è;CCONJ;_;_;_;_;_;@mam1989f-words#@mam1989f#2611.214#2611.452
540;âîò;âîò;PART;_;_;_;_;_;@mam1989f-words#@mam1989f#2611.452#2611.69
541;äà-à;äà-à;INTJ;_;_;_;_;_;@mam1989f-words#@mam1989f#2611.69#2611.93
542;Òàêîå;òàêîé;DET;_;Case=Nom|Gender=Neut|Number=Sing;_;_;_;@mam1989f-words#@mam1989f#2612.087#2612.532
543;áûëî;áûòü;VERB;_;Aspect=Imp|Gender=Neut|Mood=Ind|Number=Sing|Tense=Past|VerbForm=Fin|Voice=Act;_;_;_;@mam1989f-words#@mam1989f#2612.532#2612.977
544;#ñìååòñÿ#;#ñìååòñÿ#;NOUN;_;Animacy=Inan|Case=Gen|Gender=Fem|Number=Sing;_;_;_;@mam1989f-words#@mam1989f#2613.047#2613.247
545;É-ÿ;É-ÿ;INTJ;_;_;_;_;_;@mam1989f-words#@mam1989f#2615.768#2616.041
546;íåìíîæå÷êî;íåìíîæêî;ADV;_;Degree=Pos;_;_;_;@mam1989f-words#@mam1989f#2616.041#2616.314
547;íå;íå;PART;_;_;_;_;_;@mam1989f-words#@mam1989f#2616.314#2616.587
548;ñàìà;ñàì;ADJ;_;Case=Nom|Degree=Pos|Gender=Fem|Number=Sing;_;_;_;@mam1989f-words#@mam1989f#2616.587#2616.86
549;íè;íè;INTJ;_;_;_;_;_;@mam1989f-words#@mam1989f#2617.343#2617.52
550;íåäîïîíÿëà;íåäîïîíÿòü;VERB;_;Aspect=Imp|Gender=Fem|Mood=Ind|Number=Sing|Tense=Past|VerbForm=Fin|Voice=Act;_;_;_;@mam1989f-words#@mam1989f#2617.633#2618.4
551;ýòî;ýòî;PRON;_;Animacy=Inan|Case=Nom|Gender=Neut|Number=Sing;_;_;_;@mam1989f-words#@mam1989f#2618.533#2618.912
552;áûëà;áûòü;VERB;_;Aspect=Imp|Gender=Fem|Mood=Ind|Number=Sing|Tense=Past|VerbForm=Fin|Voice=Act;_;_;_;@mam1989f-words#@mam1989f#2618.912#2619.291
553;êàêàÿ-òî;êàêîé-òî;DET;_;Case=Nom|Gender=Fem|Number=Sing;_;_;_;@mam1989f-words#@mam1989f#2619.291#2619.67
554;Íó;íó;INTJ;_;_;_;_;_;@mam1989f-words#@mam1989f#2619.85#2620.04
555;êàê;êàê;SCONJ;_;_;_;_;_;@mam1989f-words#@mam1989f#2620.123#2620.448
556;îíè;îíè;PRON;_;Case=Nom|Number=Plur|Person=3;_;_;_;@mam1989f-words#@mam1989f#2620.448#2620.773
557;ìåíÿ;ÿ;PRON;_;Case=Acc|Number=Sing|Person=1;_;_;_;@mam1989f-words#@mam1989f#2620.773#2621.098
558;óâåðÿëè;óâåðÿòü;VERB;_;Aspect=Imp|Mood=Ind|Number=Plur|Tense=Past|VerbForm=Fin|Voice=Act;_;_;_;@mam1989f-words#@mam1989f#2621.098#2621.423
559;÷òî;÷òî;SCONJ;_;_;_;_;_;@mam1989f-words#@mam1989f#2621.423#2621.748
560;ýòî;ýòî;PRON;_;Animacy=Inan|Case=Nom|Gender=Neut|Number=Sing;_;_;_;@mam1989f-words#@mam1989f#2621.748#2622.073
561;íè;íè;PART;_;_;_;_;_;@mam1989f-words#@mam1989f#2622.073#2622.4
562;Ïíèìàøü;Ïíèìàòü;VERB;_;Aspect=Perf|Mood=Ind|Number=Sing|Person=2|Tense=Fut|VerbForm=Fin|Voice=Act;_;_;_;@mam1989f-words#@mam1989f#2623.296#2623.581
563;ÿ;ÿ;PRON;_;Case=Nom|Number=Sing|Person=1;_;_;_;@mam1989f-words#@mam1989f#2623.581#2623.866
564;î÷åíü;î÷åíü;ADV;_;Degree=Pos;_;_;_;@mam1989f-words#@mam1989f#2623.866#2624.151
565;ñåé÷àñ;ñåé÷àñ;ADV;_;Degree=Pos;_;_;_;@mam1989f-words#@mam1989f#2624.151#2624.436
566;àêêóðàòíî;àêêóðàòíî;ADV;_;Degree=Pos;_;_;_;@mam1989f-words#@mam1989f#2624.436#2624.721
567;îòíîøóñü;îòíîñèòüñÿ;VERB;_;Aspect=Imp|Mood=Ind|Number=Sing|Person=1|Tense=Pres|VerbForm=Fin|Voice=Mid;_;_;_;@mam1989f-words#@mam1989f#2624.721#2625.006
568;ê;ê;ADP;_;_;_;_;_;@mam1989f-words#@mam1989f#2625.006#2625.291
569;òåìå;òåìà;NOUN;_;Animacy=Inan|Case=Dat|Gender=Fem|Number=Sing;_;_;_;@mam1989f-words#@mam1989f#2625.291#2625.576
570;ôåìèíèçìà;ôåìèíèçì;NOUN;_;Animacy=Inan|Case=Gen|Gender=Masc|Number=Sing;_;_;_;@mam1989f-words#@mam1989f#2625.576#2625.861
571;â;â;ADP;_;_;_;_;_;@mam1989f-words#@mam1989f#2625.861#2626.146
572;Ðîññèè;Ðîññèÿ;NOUN;_;Animacy=Inan|Case=Loc|Gender=Fem|Number=Sing;_;_;_;@mam1989f-words#@mam1989f#2626.146#2626.44
573;Ïîòîìó;Ïîòîìó;CCONJ;_;_;_;_;_;@mam1989f-words#@mam1989f#2626.951#2627.085
574;÷òî;÷òî;SCONJ;_;_;_;_;_;@mam1989f-words#@mam1989f#2627.085#2627.219
575;òåìà;òåìà;NOUN;_;Animacy=Inan|Case=Nom|Gender=Fem|Number=Sing;_;_;_;@mam1989f-words#@mam1989f#2627.219#2627.353
576;â;â;_;_;_;_;_;_;@mam1989f-words#@mam1989f#2627.353#2627.49
577;ôò;ôò;_;_;_;_;_;_;@mam1989f-words#@mam1989f#2627.49#2627.7
578;òåìà;òåìà;NOUN;_;Animacy=Inan|Case=Nom|Gender=Fem|Number=Sing;_;_;_;@mam1989f-words#@mam1989f#2627.731#2628.005
579;ôåìèíèçìà;ôåìèíèçì;NOUN;_;Animacy=Inan|Case=Gen|Gender=Masc|Number=Sing;_;_;_;@mam1989f-words#@mam1989f#2628.005#2628.279
580;â;â;ADP;_;_;_;_;_;@mam1989f-words#@mam1989f#2628.279#2628.553
581;Ðîññèè;Ðîññèÿ;PROPN;_;Animacy=Inan|Case=Loc|Gender=Fem|Number=Sing;_;_;_;@mam1989f-words#@mam1989f#2628.553#2628.83
582;ýòî;ýòîò;PRON;_;Animacy=Inan|Case=Nom|Gender=Neut|Number=Sing;_;_;_;@mam1989f-words#@mam1989f#2629.201#2629.561
583;àãà;àãà;INTJ;_;_;_;_;_;@mam1989f-words#@mam1989f#2629.561#2629.921
584;îãðîìíàÿ;îãðîìíûé;ADJ;_;Case=Nom|Degree=Pos|Gender=Fem|Number=Sing;_;_;_;@mam1989f-words#@mam1989f#2629.921#2630.281
585;áîëüøàÿ;áîëüøîé;ADJ;_;Case=Nom|Degree=Pos|Gender=Fem|Number=Sing;_;_;_;@mam1989f-words#@mam1989f#2630.281#2630.641
586;âîîáùå;âîîáùå;ADV;_;Degree=Pos;_;_;_;@mam1989f-words#@mam1989f#2630.826#2631.45
587;íåïðàâèëüíàÿ;íåïðàâèëüíûé;ADJ;_;Case=Nom|Degree=Pos|Gender=Fem|Number=Sing;_;_;_;@mam1989f-words#@mam1989f#2631.45#2632.074
588;èñòîðèÿ;èñòîðèÿ;NOUN;_;Animacy=Inan|Case=Nom|Gender=Fem|Number=Sing;_;_;_;@mam1989f-words#@mam1989f#2632.074#2632.7
589;Òî;Òî;CCONJ;_;_;_;_;_;@mam1989f-words#@mam1989f#2632.828#2633.2
590;åñòü;áûòü;CCONJ;_;_;_;_;_;@mam1989f-words#@mam1989f#2633.2#2633.572
591;ýòî;ýòî;PRON;_;Animacy=Inan|Case=Nom|Gender=Neut|Number=Sing;_;_;_;@mam1989f-words#@mam1989f#2633.572#2633.944
592;ïîëíîñòüþ;ïîëíîñòüþ;ADV;_;Degree=Pos;_;_;_;@mam1989f-words#@mam1989f#2633.944#2634.316
593;äèñêðåäèòèðîâàííàÿ;äèñêðåäèòèðîâàòü;VERB;_;Aspect=Perf|Case=Nom|Gender=Fem|Number=Sing|Tense=Past|VerbForm=Part|Voice=Pass;_;_;_;@mam1989f-words#@mam1989f#2634.316#2634.688
594;èñòîðèÿ;èñòîðèÿ;NOUN;_;Animacy=Inan|Case=Nom|Gender=Fem|Number=Sing;_;_;_;@mam1989f-words#@mam1989f#2634.688#2635.06
595;ïîòîìó;ïîòîìó;CCONJ;_;_;_;_;_;@mam1989f-words#@mam1989f#2635.06#2635.432
596;êàê;êàê;SCONJ;_;_;_;_;_;@mam1989f-words#@mam1989f#2635.432#2635.804
597;ý;ý;INTJ;_;_;_;_;_;@mam1989f-words#@mam1989f#2635.804#2636.18
598;Ñàìè;ñàì;ADJ;_;Case=Nom|Degree=Pos|Number=Plur;_;_;_;@mam1989f-words#@mam1989f#2636.968#2637.316
599;æå;æå;PART;_;_;_;_;_;@mam1989f-words#@mam1989f#2637.316#2637.664
600;æåíùèíû;æåíùèíà;NOUN;_;Animacy=Anim|Case=Nom|Gender=Fem|Number=Plur;_;_;_;@mam1989f-words#@mam1989f#2637.664#2638.012
601;ôåìèíèñòêè;ôåìèíèñòêà;NOUN;_;Animacy=Anim|Case=Nom|Gender=Fem|Number=Sing;_;_;_;@mam1989f-words#@mam1989f#2638.012#2638.36
602;êîòîðûå;êîòîðûé;DET;_;Case=Acc;_;_;_;@mam1989f-words#@mam1989f#2638.36#2638.708
603;õîòåëè;õîòåòü;VERB;_;Aspect=Imp|Mood=Ind|Number=Plur|Tense=Past|VerbForm=Fin|Voice=Act;_;_;_;@mam1989f-words#@mam1989f#2638.708#2639.056
604;äîáðà;äîáðî;NOUN;_;Animacy=Anim|Case=Acc|Gender=Masc|Number=Sing;_;_;_;@mam1989f-words#@mam1989f#2639.056#2639.408
605;íà÷óäèëè;íà÷óäèòü;VERB;_;Aspect=Perf|Mood=Ind|Number=Plur|Tense=Past|VerbForm=Fin|Voice=Act;_;_;_;@mam1989f-words#@mam1989f#2639.763#2640.273
606;íà÷óäèëè;íà÷óäèòü;VERB;_;Aspect=Perf|Mood=Ind|Number=Plur|Tense=Past|VerbForm=Fin|Voice=Act;_;_;_;@mam1989f-words#@mam1989f#2640.343#2640.733
607;È;è;CCONJ;_;_;_;_;_;@mam1989f-words#@mam1989f#2640.963#2641.28
608;ëþäè;÷åëîâåê;NOUN;_;Animacy=Anim|Case=Nom|Gender=Masc|Number=Plur;_;_;_;@mam1989f-words#@mam1989f#2641.28#2641.597
609;êîòîðûå;êîòîðûé;DET;_;Case=Nom;_;_;_;@mam1989f-words#@mam1989f#2641.597#2641.914
610;ïîñìîòðåëè;ñìîòðåòü;VERB;_;Aspect=Perf|Mood=Ind|Number=Plur|Tense=Past|VerbForm=Fin|Voice=Act;_;_;_;@mam1989f-words#@mam1989f#2641.914#2642.231
611;âîò;âîò;PART;_;_;_;_;_;@mam1989f-words#@mam1989f#2642.231#2642.548
612;íà;íà;ADP;_;_;_;_;_;@mam1989f-words#@mam1989f#2642.548#2642.865
613;ýòî;ýòî;DET;_;Animacy=Inan|Case=Acc|Gender=Neut|Number=Sing;_;_;_;@mam1989f-words#@mam1989f#2642.865#2643.182
614;âñå;âåñü;DET;_;Case=Nom|Number=Plur;_;_;_;@mam1989f-words#@mam1989f#2643.182#2643.503
615;îíè;îíè;PRON;_;Case=Nom|Number=Plur|Person=3;_;_;_;@mam1989f-words#@mam1989f#2643.568#2643.954
616;ñòàëè;ñòàòü;VERB;_;Aspect=Perf|Mood=Ind|Number=Plur|Tense=Past|VerbForm=Fin|Voice=Mid;_;_;_;@mam1989f-words#@mam1989f#2643.954#2644.34
617;î÷åíü;î÷åíü;ADV;_;Degree=Pos;_;_;_;@mam1989f-words#@mam1989f#2644.34#2644.726
618;ïëîõî;ïëîõî;ADV;_;Degree=Pos;_;_;_;@mam1989f-words#@mam1989f#2644.726#2645.112
619;îòíîñèòüñÿ;îòíîñèòüñÿ;VERB;_;Aspect=Imp|VerbForm=Inf|Voice=Mid;_;_;_;@mam1989f-words#@mam1989f#2645.112#2645.498
620;êî;ê;ADP;_;_;_;_;_;@mam1989f-words#@mam1989f#2645.498#2645.884
621;âñåì;âåñü;DET;_;Case=Dat|Number=Plur;_;_;_;@mam1989f-words#@mam1989f#2645.884#2646.27
622;ïðîèâðåìåíè;ïðîèâðåìåíÿ;X;_;_;_;_;_;@mam1989f-words#@mam1989f#2646.27#2646.66
623;ïðîÿâëåíèÿì;ïðîÿâëåíèå;NOUN;_;Animacy=Inan|Case=Dat|Gender=Neut|Number=Plur;_;_;_;@mam1989f-words#@mam1989f#2646.698#2647.283
624;ôåìèíèçìà;ôåìèíèçì;NOUN;_;Animacy=Inan|Case=Gen|Gender=Masc|Number=Sing;_;_;_;@mam1989f-words#@mam1989f#2647.283#2647.868
625;êîòîðûå;êîòîðûé;DET;_;Case=Acc;_;_;_;@mam1989f-words#@mam1989f#2647.868#2648.453
626;ïðàâèëüíûå;ïðàâèëüíûé;ADJ;_;Case=Nom|Degree=Pos|Number=Plur;_;_;_;@mam1989f-words#@mam1989f#2648.453#2649.04
627;êîòîðûå;êîòîðûé;DET;_;Case=Nom;_;_;_;@mam1989f-words#@mam1989f#2649.103#2649.405
628;äîëæíû;äîëæåí;ADJ;_;Degree=Pos|Number=Plur|Variant=Short;_;_;_;@mam1989f-words#@mam1989f#2649.405#2649.707
629;áûòü;áûòü;AUX;_;Aspect=Imp|VerbForm=Inf|Voice=Act;_;_;_;@mam1989f-words#@mam1989f#2649.707#2650.01
630;òî;òî;PRON;_;Animacy=Inan|Case=Nom|Gender=Neut|Number=Sing;_;_;_;@mam1989f-words#@mam1989f#2650.141#2650.495
631;åñòü;áûòü;VERB;_;Aspect=Imp|Mood=Ind|Number=Sing|Person=3|Tense=Pres|VerbForm=Fin|Voice=Act;_;_;_;@mam1989f-words#@mam1989f#2650.495#2650.849
632;ôåìèíèçì;ôåìèíèçì;NOUN;_;Animacy=Inan|Case=Nom|Gender=Masc|Number=Sing;_;_;_;@mam1989f-words#@mam1989f#2650.849#2651.203
633;ýòî;ýòî;PRON;_;Animacy=Inan|Case=Nom|Gender=Neut|Number=Sing;_;_;_;@mam1989f-words#@mam1989f#2651.203#2651.557
634;íîðìàëüíî;íîðìàëüíî;ADV;_;Degree=Pos;_;_;_;@mam1989f-words#@mam1989f#2651.557#2651.911
635;è;è;PART;_;_;_;_;_;@mam1989f-words#@mam1989f#2651.911#2652.265
636;ÿ;ÿ;PRON;_;Case=Nom|Number=Sing|Person=1;_;_;_;@mam1989f-words#@mam1989f#2652.265#2652.619
637;ñ÷èòàþ;ñ÷èòàòü;VERB;_;Aspect=Imp|Mood=Ind|Number=Sing|Person=1|Tense=Pres|VerbForm=Fin|Voice=Act;_;_;_;@mam1989f-words#@mam1989f#2652.619#2652.973
638;åäèíñòâåííî;åäèíñòâåííî;PART;_;_;_;_;_;@mam1989f-words#@mam1989f#2652.973#2653.327
639;ïðàâèëüíàÿ;ïðàâèëüíûé;ADJ;_;Case=Nom|Degree=Pos|Gender=Fem|Number=Sing;_;_;_;@mam1989f-words#@mam1989f#2653.327#2653.681
640;ñëåäóþùàÿ;ñëåäóþùèé;ADJ;_;Case=Nom|Degree=Pos|Gender=Fem|Number=Sing;_;_;_;@mam1989f-words#@mam1989f#2653.681#2654.035
641;ñòóïåíü;ñòóïåíü;NOUN;_;Animacy=Inan|Case=Nom|Gender=Fem|Number=Sing;_;_;_;@mam1989f-words#@mam1989f#2654.035#2654.389
642;íàøåãî;íàø;DET;_;Case=Gen|Gender=Neut|Number=Sing;_;_;_;@mam1989f-words#@mam1989f#2654.389#2654.743
643;îáùåñòâà;îáùåñòâî;NOUN;_;Animacy=Inan|Case=Gen|Gender=Neut|Number=Sing;_;_;_;@mam1989f-words#@mam1989f#2654.743#2655.11
644;Íî;íî;CCONJ;_;_;_;_;_;@mam1989f-words#@mam1989f#2656.06#2656.37
645;ñóêà;ñóêà;NOUN;_;Animacy=Anim|Case=Nom|Gender=Fem|Number=Sing;_;_;_;@mam1989f-words#@mam1989f#2656.37#2656.68
646;Ïî÷åìó;ïî÷åìó;ADV;_;Degree=Pos;_;_;_;@mam1989f-words#@mam1989f#2656.68#2656.99
647;âñå;âñå;PRON;_;Animacy=Inan|Case=Nom|Gender=Neut|Number=Sing;_;_;_;@mam1989f-words#@mam1989f#2656.99#2657.3
648;òàê-òî;òàê-òî;DET;_;_;_;_;_;@mam1989f-words#@mam1989f#2657.3#2657.61
649;êðèâî;êðèâî;ADJ;_;Degree=Pos|Gender=Neut|Number=Sing|Variant=Short;_;_;_;@mam1989f-words#@mam1989f#2657.61#2657.92
650;ó;ó;ADP;_;_;_;_;_;@mam1989f-words#@mam1989f#2657.92#2658.23
651;íàñ;ìû;PRON;_;Case=Gen|Number=Plur|Person=1;_;_;_;@mam1989f-words#@mam1989f#2658.23#2658.54
652;Óãó-ó;Óãó-;_;_;_;_;_;_;@mam1989f-words#@mam1989f#2663.862#2664.272
653;Äà;Äà;INTJ;_;_;_;_;_;@mam1989f-words#@mam1989f#2675.561#2675.851
654;Óãó;Óãà;_;_;_;_;_;_;@mam1989f-words#@mam1989f#2690.885#2691.2
655;Óãó-;Óãó-;_;_;_;_;_;_;@mam1989f-words#@mam1989f#2700.765#2701.01
656;óãó;óãà;_;_;_;_;_;_;@mam1989f-words#@mam1989f#2701.01#2701.255
657;#ñìååòñÿ#;#ñìååòñÿ#;X;_;_;_;_;_;@mam1989f-words#@mam1989f#2710.002#2710.592
658;#ñìååòñÿ#;#ñìååòñÿ#;X;_;_;_;_;_;@mam1989f-words#@mam1989f#2712.092#2712.642
659;Âîò;âîò;PART;_;_;_;_;_;@mam1989f-words#@mam1989f#2718.802#2719.102
660;ýòî;ýòî;PRON;_;Animacy=Inan|Case=Nom|Gender=Neut|Number=Sing;_;_;_;@mam1989f-words#@mam1989f#2719.102#2719.402
661;æåñòü;æåñòü;VERB;_;Aspect=Perf|VerbForm=Inf|Voice=Act;_;_;_;@mam1989f-words#@mam1989f#2719.402#2719.702
662;Ýòî;ýòî;PRON;_;Animacy=Inan|Case=Nom|Gender=Neut|Number=Sing;_;_;_;@mam1989f-words#@mam1989f#2728.696#2729.035
663;âîîáùå;âîîáùå;ADV;_;Degree=Pos;_;_;_;@mam1989f-words#@mam1989f#2729.035#2729.374
664;îòäåëüíàÿ;îòäåëüíûé;ADJ;_;Case=Nom|Degree=Pos|Gender=Fem|Number=Sing;_;_;_;@mam1989f-words#@mam1989f#2729.374#2729.713
665;òåìà;òåìà;NOUN;_;Animacy=Inan|Case=Nom|Gender=Fem|Number=Sing;_;_;_;@mam1989f-words#@mam1989f#2729.713#2730.052
666;Íå;íå;PART;_;_;_;_;_;@mam1989f-words#@mam1989f#2730.052#2730.391
667;ìîãó;ìî÷ü;VERB;_;Aspect=Imp|Mood=Ind|Number=Sing|Person=1|Tense=Pres|VerbForm=Fin|Voice=Act;_;_;_;@mam1989f-words#@mam1989f#2730.391#2730.73
668;Íî;íî;CCONJ;_;_;_;_;_;@mam1989f-words#@mam1989f#2732.543#2732.766
669;ìíå;ÿ;PRON;_;Case=Dat|Number=Sing|Person=1;_;_;_;@mam1989f-words#@mam1989f#2732.766#2732.989
670;îäèí;îäèí;NUM;_;Animacy=Inan|Case=Acc|Gender=Masc;_;_;_;@mam1989f-words#@mam1989f#2732.989#2733.212
671;÷óâàê;÷óâàê;NOUN;_;Animacy=Inan|Case=Acc|Gender=Masc|Number=Sing;_;_;_;@mam1989f-words#@mam1989f#2733.212#2733.435
672;çàÿâèë;çàÿâèòü;VERB;_;Aspect=Perf|Gender=Masc|Mood=Ind|Number=Sing|Tense=Past|VerbForm=Fin|Voice=Act;_;_;_;@mam1989f-words#@mam1989f#2733.435#2733.66
673;Íó;íó;INTJ;_;_;_;_;_;@mam1989f-words#@mam1989f#2733.686#2733.951
674;âû;âû;PRON;_;Case=Nom|Number=Plur|Person=2;_;_;_;@mam1989f-words#@mam1989f#2733.951#2734.216
675;æå;æå;PART;_;_;_;_;_;@mam1989f-words#@mam1989f#2734.216#2734.481
676;ìîæåòå;ìî÷ü;VERB;_;Aspect=Imp|Mood=Ind|Number=Plur|Person=2|Tense=Pres|VerbForm=Fin|Voice=Act;_;_;_;@mam1989f-words#@mam1989f#2734.481#2734.746
677;ãîëîñîâàòü;ãîëîñîâàòü;VERB;_;Aspect=Imp|VerbForm=Inf|Voice=Act;_;_;_;@mam1989f-words#@mam1989f#2734.746#2735.011
678;#ñìååòñÿ#;#ñìååòñÿ#;X;_;_;_;_;_;@mam1989f-words#@mam1989f#2735.011#2735.28
679;íà;íà;ADP;_;_;_;_;_;@mam1989f-words#@mam1989f#2735.94#2736.205
680;âîïðîñ;âîïðîñ;NOUN;_;Animacy=Inan|Case=Acc|Gender=Masc|Number=Sing;_;_;_;@mam1989f-words#@mam1989f#2736.205#2736.47
681;ïðî;ïðî;ADP;_;_;_;_;_;@mam1989f-words#@mam1989f#2736.47#2736.735
682;ôåìèíèçì;ôåìèíèçì;NOUN;_;Animacy=Inan|Case=Acc|Gender=Masc|Number=Sing;_;_;_;@mam1989f-words#@mam1989f#2736.735#2737.0
683;ß;ÿ;PRON;_;Case=Nom|Number=Sing|Person=1;_;_;_;@mam1989f-words#@mam1989f#2737.035#2737.241
684;äóìàþ;äóìàòü;VERB;_;Aspect=Imp|Mood=Ind|Number=Sing|Person=1|Tense=Pres|VerbForm=Fin|Voice=Act;_;_;_;@mam1989f-words#@mam1989f#2737.241#2737.447
685;ø;ø;_;_;_;_;_;_;@mam1989f-words#@mam1989f#2737.447#2737.653
686;÷òî-î;÷òî-î;SCONJ;_;_;_;_;_;@mam1989f-words#@mam1989f#2738.271#2738.477
687;#ñìååòñÿ#;#ñìååòñÿ#;X;_;_;_;_;_;@mam1989f-words#@mam1989f#2738.477#2738.685
688;Óãó;Óãà;INTJ;_;_;_;_;_;@mam1989f-words#@mam1989f#2746.359#2746.709
689;#ñìååòñÿ#;#ñìååòñÿ#;X;_;X;_;_;_;@mam1989f-words#@mam1989f#2748.859#2749.569
690;Ýòî;ýòî;PRON;_;Animacy=Inan|Case=Nom|Gender=Neut|Number=Sing;_;_;_;@mam1989f-words#@mam1989f#2766.383#2766.719
691;âîò;âîò;PART;_;_;_;_;_;@mam1989f-words#@mam1989f#2766.719#2767.055
692;âîîáùå;âîîáùå;ADV;_;Degree=Pos;_;_;_;@mam1989f-words#@mam1989f#2767.055#2767.393
693;Ðåæèññåðêà;Ðåæèññåð;NOUN;_;Animacy=Inan|Case=Nom|Gender=Fem|Number=Sing;_;_;_;@mam1989f-words#@mam1989f#2774.195#2774.91
694;Ýòî;ýòî;PRON;_;Animacy=Inan|Case=Nom|Gender=Neut|Number=Sing;_;_;_;@mam1989f-words#@mam1989f#2805.605#2805.874
695;î÷åíü;î÷åíü;ADV;_;Degree=Pos;_;_;_;@mam1989f-words#@mam1989f#2805.874#2806.143
696;ïðàâèëüíî;ïðàâèëüíî;ADV;_;Degree=Pos;_;_;_;@mam1989f-words#@mam1989f#2806.143#2806.412
697;òû;òû;PRON;_;Case=Nom|Number=Sing|Person=2;_;_;_;@mam1989f-words#@mam1989f#2806.412#2806.681
698;ý;ý;INTJ;_;_;_;_;_;@mam1989f-words#@mam1989f#2806.681#2806.95
699;ñðàâíèë;ñðàâíèòü;VERB;_;Aspect=Perf|Gender=Masc|Mood=Ind|Number=Sing|Tense=Past|VerbForm=Fin|Voice=Act;_;_;_;@mam1989f-words#@mam1989f#2807.025#2807.51
700;ïîõîæå;ïîõîæèé;ADV;_;Degree=Pos;_;_;_;@mam1989f-words#@mam1989f#2807.632#2808.059
701;íà;íà;ADP;_;_;_;_;_;@mam1989f-words#@mam1989f#2808.059#2808.486
702;ïðàâäó;ïðàâäà;NOUN;_;Animacy=Inan|Case=Acc|Gender=Fem|Number=Sing;_;_;_;@mam1989f-words#@mam1989f#2808.486#2808.913
703;íî;íî;CCONJ;_;_;_;_;_;@mam1989f-words#@mam1989f#2808.913#2809.34
704;ÿ;ÿ;PRON;_;Case=Nom|Number=Sing|Person=1;_;_;_;@mam1989f-words#@mam1989f#2809.34#2809.77
705;Ùàñ;Ñåé÷àñ;ADV;_;Degree = Pos;_;_;_;@mam1989f-words#@mam1989f#2810.51#2810.914
706;ÿ;ÿ;PRON;_;Case=Nom|Number=Sing|Person=1;_;_;_;@mam1989f-words#@mam1989f#2810.914#2811.318
707;âñïîìíèëà;âñïîìíèòü;VERB;_;Aspect=Perf|Gender=Fem|Mood=Ind|Number=Sing|Tense=Past|VerbForm=Fin|Voice=Act;_;_;_;@mam1989f-words#@mam1989f#2811.318#2811.722
708;ñëó÷àé;ñëó÷àé;NOUN;_;Animacy=Inan|Case=Acc|Gender=Masc|Number=Sing;_;_;_;@mam1989f-words#@mam1989f#2811.722#2812.126
709;êîãäà-à;êîãäà;SCONJ;_;Animacy=Anim|Case=Gen|Gender=Masc|Number=Sing;_;_;_;@mam1989f-words#@mam1989f#2812.126#2812.53
710;â;â;ADP;_;_;_;_;_;@mam1989f-words#@mam1989f#2812.53#2812.934
711;êàêîé-òî;êàêîé-òî;DET;_;Case=Loc|Gender=Fem|Number=Sing;_;_;_;@mam1989f-words#@mam1989f#2812.934#2813.338
712;ô-ôåìêàôå;ô-ôåìêàôå;NOUN;_;Animacy=Inan|Case=Loc|Gender=Fem|Number=Sing;_;_;_;@mam1989f-words#@mam1989f#2813.338#2813.742
713;èëè;èëè;CCONJ;_;_;_;_;_;@mam1989f-words#@mam1989f#2813.742#2814.146
714;êàêîé-òî;êàêîé-òî;DET;_;Case=Nom|Gender=Masc|Number=Sing;_;_;_;@mam1989f-words#@mam1989f#2814.146#2814.55
715;òàì;òàì;DET;_;_;_;_;_;@mam1989f-words#@mam1989f#2814.55#2814.954
716;êîâîðêèíã;êîâîðêèíã;NOUN;_;Animacy=Inan|Case=Nom|Gender=Masc|Number=Sing;_;_;_;@mam1989f-words#@mam1989f#2814.954#2815.36
717;äëÿ;äëÿ;ADP;_;_;_;_;_;@mam1989f-words#@mam1989f#2816.1#2816.48
718;æåíùèí;æåíùèíà;NOUN;_;Animacy=Anim|Case=Gen|Gender=Fem|Number=Plur;_;_;_;@mam1989f-words#@mam1989f#2816.48#2816.86
719;à-ì;à-ì;INTJ;_;_;_;_;_;@mam1989f-words#@mam1989f#2816.88#2817.166
720;ïðèøëè;ïðèéòè;VERB;_;Aspect=Perf|Mood=Ind|Number=Plur|Tense=Past|VerbForm=Fin|Voice=Act;_;_;_;@mam1989f-words#@mam1989f#2817.166#2817.452
721;÷óâàêè;÷óâàê;NOUN;_;Animacy=Inan|Case=Acc|Gender=Masc|Number=Plur;_;_;_;@mam1989f-words#@mam1989f#2817.452#2817.738
722;íà;íà;ADP;_;_;_;_;_;@mam1989f-words#@mam1989f#2817.738#2818.024
723;âîñüìîå;âîñüìîé;ADJ;_;Case=Acc|Degree=Pos|Gender=Neut|Number=Sing;_;_;_;@mam1989f-words#@mam1989f#2818.024#2818.31
724;ìàðòà;ìàðò;NOUN;_;Animacy=Inan|Case=Gen|Gender=Masc|Number=Sing;_;_;_;@mam1989f-words#@mam1989f#2818.31#2818.596
725;ñ;ñ;ADP;_;_;_;_;_;@mam1989f-words#@mam1989f#2818.596#2818.882
726;öâåòàìè;öâåòû;NOUN;_;Animacy=Inan|Case=Ins|Gender=Masc|Number=Plur;_;_;_;@mam1989f-words#@mam1989f#2818.882#2819.17
727;È;è;CCONJ;_;_;_;_;_;@mam1989f-words#@mam1989f#2820.33#2820.635
728;êàê;êàê;ADV;_;Degree=Pos;_;_;_;@mam1989f-words#@mam1989f#2820.635#2820.94
729;ïîñëå;ïîñëå;ADP;_;_;_;_;_;@mam1989f-words#@mam1989f#2820.94#2821.245
730;ýòîãî;ýòî;PRON;_;Animacy=Inan|Case=Gen|Gender=Neut|Number=Sing;_;_;_;@mam1989f-words#@mam1989f#2821.245#2821.55
731;ïîäíÿëè;ïîäíÿòü;VERB;_;Aspect=Perf|Mood=Ind|Number=Plur|Tense=Past|VerbForm=Fin|Voice=Act;_;_;_;@mam1989f-words#@mam1989f#2821.55#2821.855
732;áó÷ó;áó÷à;NOUN;_;Animacy=Inan|Case=Acc|Gender=Fem|Number=Sing;_;_;_;@mam1989f-words#@mam1989f#2821.855#2822.16
733;î;î;ADP;_;_;_;_;_;@mam1989f-words#@mam1989f#2822.16#2822.465
734;òîì;òî;DET;_;Case=Loc|Gender=Neut|Number=Sing;_;_;_;@mam1989f-words#@mam1989f#2822.465#2822.77
735;÷òî;÷òî;SCONJ;_;_;_;_;_;@mam1989f-words#@mam1989f#2822.77#2823.075
736;ýòè;ýòîò;DET;_;Case=Nom|Number=Plur;_;_;_;@mam1989f-words#@mam1989f#2823.075#2823.38
737;ôåìèíèñòêè;ôåìèíèñòêà;NOUN;_;Animacy=Inan|Case=Nom|Gender=Masc|Number=Plur;_;_;_;@mam1989f-words#@mam1989f#2823.38#2823.69
738;ïðîñòî;ïðîñòî;PART;_;_;_;_;_;@mam1989f-words#@mam1989f#2823.75#2824.36
739;ä-äî;ä-äî;INTJ;_;_;_;_;_;@mam1989f-words#@mam1989f#2824.36#2824.97
740;äîëáàíûå;äîëáàíûé;ADJ;_;Case=Nom|Degree=Pos|Number=Plur;_;_;_;@mam1989f-words#@mam1989f#2825.155#2825.444
741;â;â;ADP;_;_;_;_;_;@mam1989f-words#@mam1989f#2825.444#2825.733
742;ãîëîâó;ãîëîâà;NOUN;_;Animacy=Inan|Case=Acc|Gender=Fem|Number=Sing;_;_;_;@mam1989f-words#@mam1989f#2825.733#2826.022
743;êàê;êàê;SCONJ;_;_;_;_;_;@mam1989f-words#@mam1989f#2826.022#2826.311
744;îíè;îíè;PRON;_;Case=Nom|Number=Plur|Person=3;_;_;_;@mam1989f-words#@mam1989f#2826.311#2826.6
745;èõ;îíè;PRON;_;Case=Acc|Number=Plur|Person=3;_;_;_;@mam1989f-words#@mam1989f#2826.6#2826.889
746;âûãíèëè;âûãíàòü;VERB;_;Aspect=Perf|Mood=Ind|Number=Plur|Tense=Past|VerbForm=Fin|Voice=Act;_;_;_;@mam1989f-words#@mam1989f#2826.889#2827.178
747;ïåðöîâûì;ïåðöîâûé;ADJ;_;Case=Ins|Degree=Pos|Gender=Masc|Number=Sing;_;_;_;@mam1989f-words#@mam1989f#2827.178#2827.467
748;áàëëîíîì;áàëëîí;NOUN;_;Animacy=Inan|Case=Ins|Gender=Masc|Number=Sing;_;_;_;@mam1989f-words#@mam1989f#2827.467#2827.756
749;ïîëèâàëè;ïîëèâàòü;VERB;_;Aspect=Imp|Mood=Ind|Number=Plur|Tense=Past|VerbForm=Fin|Voice=Act;_;_;_;@mam1989f-words#@mam1989f#2827.756#2828.05
750;Íó;íó;INTJ;_;_;_;_;_;@mam1989f-words#@mam1989f#2828.085#2828.408
751;ýòî;ýòî;PRON;_;Animacy=Inan|Case=Acc|Gender=Neut|Number=Sing;_;_;_;@mam1989f-words#@mam1989f#2828.408#2828.731
752;æ;æå;PART;_;_;_;_;_;@mam1989f-words#@mam1989f#2828.731#2829.054
753;áûëà;áûòü;VERB;_;Aspect=Imp|Gender=Fem|Mood=Ind|Number=Sing|Tense=Past|VerbForm=Fin|Voice=Act;_;_;_;@mam1989f-words#@mam1989f#2829.054#2829.377
754;ïðîâîêàöèÿ;ïðîâîêàöèÿ;NOUN;_;Animacy=Inan|Case=Nom|Gender=Fem|Number=Sing;_;_;_;@mam1989f-words#@mam1989f#2829.377#2829.7
755;Ýòî;ýòî;PART;_;_;_;_;_;@mam1989f-words#@mam1989f#2829.755#2830.074
756;æå;æå;PART;_;_;_;_;_;@mam1989f-words#@mam1989f#2830.074#2830.393
757;áûëà;áûòü;VERB;_;Aspect=Imp|Gender=Fem|Mood=Ind|Number=Sing|Tense=Past|VerbForm=Fin|Voice=Act;_;_;_;@mam1989f-words#@mam1989f#2830.393#2830.712
758;òàêàÿ;òàêîé;DET;_;Case=Nom|Gender=Fem|Number=Sing;_;_;_;@mam1989f-words#@mam1989f#2830.712#2831.031
759;äåøåâàÿ;äåøåâûé;ADJ;_;Case=Nom|Degree=Pos|Gender=Fem|Number=Sing;_;_;_;@mam1989f-words#@mam1989f#2831.031#2831.35
760;ïðîâîêàöèÿ;ïðîâîêàöèÿ;NOUN;_;Animacy=Inan|Case=Nom|Gender=Fem|Number=Sing;_;_;_;@mam1989f-words#@mam1989f#2831.35#2831.67
761;íó;íó;INTJ;_;_;_;_;_;@mam1989f-words#@mam1989f#2832.06#2832.313
762;êàê;êàê;ADV;_;Degree=Pos;_;_;_;@mam1989f-words#@mam1989f#2832.313#2832.566
763;áû;áû;AUX;_;_;_;_;_;@mam1989f-words#@mam1989f#2832.566#2832.82
764;çà÷åì;çà÷åì;ADV;_;Degree=Pos;_;_;_;@mam1989f-words#@mam1989f#2833.715#2834.076
765;íó;íó;INTJ;_;_;_;_;_;@mam1989f-words#@mam1989f#2834.076#2834.437
766;âîò-âîò;âîò-âîò;ADV;_;Degree=Pos;_;_;_;@mam1989f-words#@mam1989f#2834.437#2834.8
767;Óæå;óæå;ADV;_;Degree=Pos;_;_;_;@mam1989f-words#@mam1989f#2834.945#2835.237
768;ïîíèìàåøü;ïîíèìàòü;VERB;_;Aspect=Imp|Mood=Ind|Number=Sing|Person=2|Tense=Pres|VerbForm=Fin|Voice=Act;_;_;_;@mam1989f-words#@mam1989f#2835.237#2835.529
769;èõ;îíè;PRON;_;Case=Acc|Number=Plur|Person=3;_;_;_;@mam1989f-words#@mam1989f#2835.529#2835.821
770;òþêàþò;òþêàòü;VERB;_;Aspect=Imp|Mood=Ind|Number=Plur|Person=3|Tense=Pres|VerbForm=Fin|Voice=Act;_;_;_;@mam1989f-words#@mam1989f#2835.821#2836.113
771;óæå;óæå;ADV;_;Degree=Pos;_;_;_;@mam1989f-words#@mam1989f#2836.113#2836.405
772;èõ;îíè;PRON;_;Case=Acc|Number=Plur|Person=3;_;_;_;@mam1989f-words#@mam1989f#2836.405#2836.697
773;òðîëëÿò;òðîëëèòü;VERB;_;Aspect=Imp|Mood=Ind|Number=Plur|Person=3|Tense=Pres|VerbForm=Fin|Voice=Act;_;_;_;@mam1989f-words#@mam1989f#2836.697#2836.99
774;óæå;óæå;ADV;_;Degree=Pos;_;_;_;@mam1989f-words#@mam1989f#2837.482#2837.821
775;èõ;îíè;PRON;_;Case=Acc|Number=Plur|Person=3;_;_;_;@mam1989f-words#@mam1989f#2837.821#2838.16
776;ñïåöèàëüíî;ñïåöèàëüíî;ADV;_;Degree=Pos;_;_;_;@mam1989f-words#@mam1989f#2838.16#2838.499
777;êàêîé-òî;êàêîé-òî;DET;_;Case=Ins|Gender=Fem|Number=Sing;_;_;_;@mam1989f-words#@mam1989f#2838.499#2838.838
778;ïàëêîé;ïàëêèé;NOUN;_;Animacy=Inan|Case=Ins|Gender=Fem|Number=Sing;_;_;_;@mam1989f-words#@mam1989f#2838.838#2839.18
779;áëèí;áëèí;NOUN;_;Animacy=Inan|Case=Gen|Gender=Fem|Number=Plur;_;_;_;@mam1989f-words#@mam1989f#2839.356#2839.653
780;ý;ý;INTJ;_;_;_;_;_;@mam1989f-words#@mam1989f#2839.653#2839.95
781;êñ;êñ;NOUN;_;Animacy=Inan|Case=Acc|Gender=Masc|Number=Sing;_;_;_;@mam1989f-words#@mam1989f#2840.028#2840.248
782;êàê;êàê;SCONJ;_;_;_;_;_;@mam1989f-words#@mam1989f#2840.523#2840.807
783;ñîáàêàì;ñîáàêà;NOUN;_;Animacy=Anim|Case=Dat|Gender=Masc|Number=Plur;_;_;_;@mam1989f-words#@mam1989f#2840.807#2841.091
784;êèäàþò;êèäàòü;VERB;_;Aspect=Imp|Mood=Ind|Number=Plur|Person=3|Tense=Pres|VerbForm=Fin|Voice=Act;_;_;_;@mam1989f-words#@mam1989f#2841.091#2841.375
785;÷òîáû;÷òîáû;SCONJ;_;Mood=Cnd;_;_;_;@mam1989f-words#@mam1989f#2841.375#2841.659
786;îíè;îíè;PRON;_;Case=Nom|Number=Plur|Person=3;_;_;_;@mam1989f-words#@mam1989f#2841.659#2841.943
787;âîò;âîò;PART;_;_;_;_;_;@mam1989f-words#@mam1989f#2841.943#2842.227
788;ðåàãèðîâàëè;ðåàãèðîâàòü;VERB;_;Aspect=Imp|Mood=Ind|Number=Plur|Tense=Past|VerbForm=Fin|Voice=Act;_;_;_;@mam1989f-words#@mam1989f#2842.227#2842.511
789;à;à;CCONJ;_;_;_;_;_;@mam1989f-words#@mam1989f#2842.511#2842.795
790;÷å;÷òî;PRON;_;Case=Nom;_;_;_;@mam1989f-words#@mam1989f#2842.795#2843.079
791;íå;íå;PART;_;_;_;_;_;@mam1989f-words#@mam1989f#2843.079#2843.363
792;áûòü;áûòü;AUX;_;Aspect=Imp|VerbForm=Inf|Voice=Act;_;_;_;@mam1989f-words#@mam1989f#2843.363#2843.647
793;óìíåå;óìíûé;ADJ;_;Degree=Cmp;_;_;_;@mam1989f-words#@mam1989f#2843.647#2843.931
794;òî;òîò;SCONJ;_;_;_;_;_;@mam1989f-words#@mam1989f#2843.931#2844.22
795;Óãó;Óãà;PROPN;_;Animacy=Anim|Case=Nom|Gender=Masc|Number=Sing;_;_;_;@mam1989f-words#@mam1989f#2850.848#2851.138
796;Çà÷åì;çà÷åì;ADV;_;Degree=Pos;_;_;_;@mam1989f-words#@mam1989f#2857.303#2857.89
797;Çà÷åì;çà÷åì;ADV;_;Degree=Pos;_;_;_;@mam1989f-words#@mam1989f#2858.49#2858.805
798;Ñï;Ñï;_;_;_;_;_;_;@mam1989f-words#@mam1989f#2858.805#2859.12
799;òû;òû;PRON;_;Case=Nom|Number=Sing|Person=2;_;_;_;@mam1989f-words#@mam1989f#2859.26#2859.61
800;ïàèàøü;ïîíèìàåøü;VERB;_;Aspect=Perf|Mood=Ind|Number=Sing|Person=2|Tense=Fut|VerbForm=Fin|Voice=Act;_;_;_;@mam1989f-words#@mam1989f#2859.61#2859.96
801;à;à;CCONJ;_;_;_;_;_;@mam1989f-words#@mam1989f#2860.118#2860.173
802;â;â;ADP;_;_;_;_;_;@mam1989f-words#@mam1989f#2860.173#2860.228
803;âîò;âîò;PART;_;_;_;_;_;@mam1989f-words#@mam1989f#2860.29#2860.405
804;ìî;ìî;_;_;_;_;_;_;@mam1989f-words#@mam1989f#2860.405#2860.52
805;ìåíÿ;ÿ;PRON;_;Case=Acc|Number=Sing|Person=3;_;_;_;@mam1989f-words#@mam1989f#2860.6#2860.926
806;ïóãàåò;ïóãàòü;VERB;_;Aspect=Imp|Mood=Ind|Number=Sing|Person=3|Tense=Pres|VerbForm=Fin|Voice=Act;_;_;_;@mam1989f-words#@mam1989f#2860.926#2861.252
807;÷òî;÷òî;PRON;_;_;_;_;_;@mam1989f-words#@mam1989f#2861.252#2861.58
808;×òî;÷òî;PRON;_;Case=_Acc;_;_;_;@mam1989f-words#@mam1989f#2861.703#2862.114
809;ôåìèíèçì;ôåìèíèçì;NOUN;_;Animacy=Inan|Case=Nom|Gender=Masc|Number=Sing;_;_;_;@mam1989f-words#@mam1989f#2862.114#2862.525
810;ýòî;ýòî;DET;_;Case=Nom|Gender=Neut|Number=Sing;_;_;_;@mam1989f-words#@mam1989f#2862.525#2862.936
811;íå;íå;PART;_;_;_;_;_;@mam1989f-words#@mam1989f#2862.936#2863.347
812;ìóæåíåíàâèñòíè÷åñòâî;ìóæåíåíàâèñòíè÷åñòâî;NOUN;_;Animacy=Inan|Case=Nom|Gender=Neut|Number=Sing;_;_;_;@mam1989f-words#@mam1989f#2863.347#2863.76
813;ïî÷åìó;ïî÷åìó;ADV;_;Degree=Pos;_;_;_;@mam1989f-words#@mam1989f#2864.43#2864.912
814;èäåò;èäòè;VERB;_;Aspect=Imp|Mood=Ind|Number=Sing|Person=3|Tense=Pres|VerbForm=Fin|Voice=Act;_;_;_;@mam1989f-words#@mam1989f#2864.912#2865.394
815;ïðîòèâîïîñòàâëåíèå;ïðîòèâîïîñòàâëåíèå;NOUN;_;Animacy=Inan|Case=Nom|Gender=Neut|Number=Sing;_;_;_;@mam1989f-words#@mam1989f#2865.394#2865.876
816;òèïà;òèï;INTJ;_;_;_;_;_;@mam1989f-words#@mam1989f#2865.876#2866.36
817;ëèáî;ëèáî;CCONJ;_;_;_;_;_;@mam1989f-words#@mam1989f#2866.4#2866.795
818;áàáû;áàáà;NOUN;_;Animacy=Anim|Case=Gen|Gender=Fem|Number=Sing;_;_;_;@mam1989f-words#@mam1989f#2866.795#2867.19
819;ëèáî;ëèáî;CCONJ;_;_;_;_;_;@mam1989f-words#@mam1989f#2867.32#2867.685
820;ìóæèêè;ìóæèê;NOUN;_;Animacy=Anim|Case=Nom|Gender=Masc|Number=Plur;_;_;_;@mam1989f-words#@mam1989f#2867.685#2868.05
821;íî;íî;CCONJ;_;_;_;_;_;@mam1989f-words#@mam1989f#2870.355#2870.67
