1;Двухметровая;Двухметровый;ADJ;_;Case=Nom|Degree=Pos|Gender=Fem|Number=Sing;_;_;_;@dap1994m-words#@dap1994m#2569.01#2569.46
2;белая;белый;ADJ;_;Case=Nom|Degree=Pos|Gender=Fem|Number=Sing;_;_;_;@dap1994m-words#@dap1994m#2569.46#2569.91
3;баба;баба;NOUN;_;Animacy=Anim|Case=Nom|Gender=Fem|Number=Sing;_;_;_;@dap1994m-words#@dap1994m#2569.91#2570.36
4;у;у;INTJ;_;_;_;_;_;@dap1994m-words#@dap1994m#2570.36#2570.81
5;тебя;ты;PRON;_;Case=Gen|Number=Sing|Person=2;_;_;_;@dap1994m-words#@dap1994m#2570.81#2571.26
6;же;же;PART;_;_;_;_;_;@dap1994m-words#@dap1994m#2571.26#2571.71
7;еще;еще;ADV;_;Degree=Pos;_;_;_;@dap1994m-words#@dap1994m#2571.71#2572.16
8;недавно;недавно;ADV;_;Degree=Pos;_;_;_;@dap1994m-words#@dap1994m#2572.16#2572.61
9;был;быть;VERB;_;Aspect=Imp|Gender=Masc|Mood=Ind|Number=Sing|Tense=Past|VerbForm=Fin|Voice=Act;_;_;_;@dap1994m-words#@dap1994m#2572.61#2573.06
10;новый;новый;ADJ;_;Case=Nom|Degree=Pos|Gender=Masc|Number=Sing;_;_;_;@dap1994m-words#@dap1994m#2573.06#2573.51
11;хэштег;хэштег;NOUN;_;Animacy=Inan|Case=Nom|Gender=Masc|Number=Sing;_;_;_;@dap1994m-words#@dap1994m#2573.51#2573.96
12;Я;я;PRON;_;Case=Nom|Number=Sing|Person=1;_;_;_;@dap1994m-words#@dap1994m#2573.96#2574.41
13;женщина;женщина;NOUN;_;Animacy=Anim|Case=Nom|Gender=Fem|Number=Sing;_;_;_;@dap1994m-words#@dap1994m#2574.41#2574.86
14;я;я;PRON;_;Case=Nom|Number=Sing|Person=1;_;_;_;@dap1994m-words#@dap1994m#2574.86#2575.31
15;могу;мочь;VERB;_;Aspect=Imp|Mood=Ind|Number=Sing|Person=1|Tense=Pres|VerbForm=Fin|Voice=Act;_;_;_;@dap1994m-words#@dap1994m#2575.31#2575.77
16;Это;это;PRON;_;Animacy=Inan|Case=Nom|Gender=Neut|Number=Sing;_;_;_;@dap1994m-words#@dap1994m#2577.13#2577.458
17;твоя;твой;PRON;_;Case=Acc|Gender=Fem|Number=Sing;_;_;_;@dap1994m-words#@dap1994m#2577.458#2577.786
18;движуха;движуха;NOUN;_;Animacy=Inan|Case=Gen|Gender=Masc|Number=Sing;_;_;_;@dap1994m-words#@dap1994m#2577.786#2578.114
19;или;или;CCONJ;_;_;_;_;_;@dap1994m-words#@dap1994m#2578.114#2578.442
20;ты;ты;PRON;_;Case=Nom|Number=Sing|Person=2;_;_;_;@dap1994m-words#@dap1994m#2578.442#2578.77
21;вписалась;вписаться;VERB;_;Aspect=Imp|Gender=Fem|Mood=Ind|Number=Sing|Tense=Past|VerbForm=Fin|Voice=Mid;_;_;_;@dap1994m-words#@dap1994m#2578.77#2579.1
22;В;в;ADP;_;_;_;_;_;@dap1994m-words#@dap1994m#2579.82#2580.027
23;Воговское;Воговский;PROPN;_;_;_;_;_;@dap1994m-words#@dap1994m#2580.648#2580.855
24;или;или;CCONJ;_;_;_;_;_;@dap1994m-words#@dap1994m#2580.855#2581.062
25;что;что;SCONJ;_;_;_;_;_;@dap1994m-words#@dap1994m#2581.062#2581.269
26;это;это;PRON;_;Animacy=Inan|Case=Nom|Gender=Neut|Number=Sing;_;_;_;@dap1994m-words#@dap1994m#2581.269#2581.48
27;Ага;ага;INTJ;_;_;_;_;_;@dap1994m-words#@dap1994m#2593.32#2593.88
28;Ага;ага;INTJ;_;_;_;_;_;@dap1994m-words#@dap1994m#2597.6#2598.0
29;Так;Так;ADV;_;Degree=Pos;_;_;_;@dap1994m-words#@dap1994m#2612.647#2612.851
30;а;а;CCONJ;_;_;_;_;_;@dap1994m-words#@dap1994m#2612.851#2613.055
31;че;что;PRON;_;Case=Nom;_;_;_;@dap1994m-words#@dap1994m#2613.055#2613.26
32;Неплохо;неплохо;ADJ;_;Degree=Pos|Gender=Neut|Number=Sing|Variant=Short;_;_;_;@dap1994m-words#@dap1994m#2613.342#2613.632
33;же;же;PART;_;_;_;_;_;@dap1994m-words#@dap1994m#2613.632#2613.922
34;Ты;ты;PRON;_;Case=Nom|Number=Sing|Person=2;_;_;_;@dap1994m-words#@dap1994m#2613.987#2614.149
35;так;так;ADV;_;Degree=Pos;_;_;_;@dap1994m-words#@dap1994m#2614.149#2614.311
36;гришь;греть;VERB;_;Aspect=Imp|Mood=Ind|Number=Sing|Person=2|Tense=Pres|VerbForm=Fin|Voice=Act;_;_;_;@dap1994m-words#@dap1994m#2614.311#2614.473
37;как;как;ADV;_;Degree=Pos;_;_;_;@dap1994m-words#@dap1994m#2614.473#2614.635
38;будто;будто;PART;_;_;_;_;_;@dap1994m-words#@dap1994m#2614.635#2614.797
39;бы;бы;PART;_;_;_;_;_;@dap1994m-words#@dap1994m#2614.797#2614.959
40;там;там;ADV;_;Degree=Pos;_;_;_;@dap1994m-words#@dap1994m#2614.959#2615.121
41;что-то;что-то;PRON;_;Case=Nom;_;_;_;@dap1994m-words#@dap1994m#2615.121#2615.283
42;бы;бы;PART;_;_;_;_;_;@dap1994m-words#@dap1994m#2615.283#2615.445
43;о;о;ADP;_;_;_;_;_;@dap1994m-words#@dap1994m#2615.445#2615.607
44;не;не;PART;_;_;_;_;_;@dap1994m-words#@dap1994m#2615.607#2615.769
45;так;так;ADV;_;Degree=Pos;_;_;_;@dap1994m-words#@dap1994m#2615.769#2615.94
46;Да;да;INTJ;_;_;_;_;_;@dap1994m-words#@dap1994m#2649.833#2650.141
47;Все;все;DET;_;_;_;_;_;@dap1994m-words#@dap1994m#2654.751#2655.106
48;верно;верный;ADV;_;Degree=Pos;_;_;_;@dap1994m-words#@dap1994m#2655.106#2655.461
49;Очень;очень;ADV;_;Degree=Pos;_;_;_;@dap1994m-words#@dap1994m#2658.245#2658.57
50;просто;просто;PART;_;_;_;_;_;@dap1994m-words#@dap1994m#2658.57#2658.895
51;ап;ап;INTJ;_;_;_;_;_;@dap1994m-words#@dap1994m#2658.895#2659.22
52;а;а;CCONJ;_;_;_;_;_;@dap1994m-words#@dap1994m#2659.267#2659.407
53;Я;я;PRON;_;Case=Nom|Number=Sing|Person=1;_;_;_;@dap1994m-words#@dap1994m#2660.28#2660.665
54;с;с;ADP;_;_;_;_;_;@dap1994m-words#@dap1994m#2660.665#2661.05
55;феминизмом;феминизм;NOUN;_;Animacy=Inan|Case=Ins|Gender=Masc|Number=Sing;_;_;_;@dap1994m-words#@dap1994m#2661.05#2661.435
56;сталкиваюсь;сталкиваться;VERB;_;Aspect=Imp|Mood=Ind|Number=Sing|Person=1|Tense=Pres|VerbForm=Fin|Voice=Mid;_;_;_;@dap1994m-words#@dap1994m#2661.435#2661.82
57;каждый;каждый;DET;_;Case=Acc|Gender=Masc|Number=Sing;_;_;_;@dap1994m-words#@dap1994m#2661.82#2662.205
58;день;день;NOUN;_;Animacy=Inan|Case=Acc|Gender=Masc|Number=Sing;_;_;_;@dap1994m-words#@dap1994m#2662.205#2662.59
59;потому;потому;CCONJ;_;_;_;_;_;@dap1994m-words#@dap1994m#2662.682#2662.918
60;что;что;SCONJ;_;_;_;_;_;@dap1994m-words#@dap1994m#2662.918#2663.154
61;я;я;PRON;_;Case=Nom|Number=Sing|Person=1;_;_;_;@dap1994m-words#@dap1994m#2663.154#2663.39
62;захожу;заходить;VERB;_;Aspect=Imp|Mood=Ind|Number=Sing|Person=1|Tense=Pres|VerbForm=Fin|Voice=Act;_;_;_;@dap1994m-words#@dap1994m#2663.39#2663.626
63;в;в;ADP;_;_;_;_;_;@dap1994m-words#@dap1994m#2663.626#2663.862
64;Твиттер;Твиттер;NOUN;_;Animacy=Inan|Case=Acc|Gender=Masc|Number=Sing;_;_;_;@dap1994m-words#@dap1994m#2663.862#2664.1
65;#смеется#;#смеется#;X;_;_;_;_;_;@dap1994m-words#@dap1994m#2664.162#2665.07
66;И;и;CCONJ;_;_;_;_;_;@dap1994m-words#@dap1994m#2665.102#2665.432
67;много;много;ADV;_;Degree=Pos;_;_;_;@dap1994m-words#@dap1994m#2665.432#2665.762
68;говорю;говорить;VERB;_;Aspect=Imp|Mood=Ind|Number=Sing|Person=1|Tense=Pres|VerbForm=Fin|Voice=Act;_;_;_;@dap1994m-words#@dap1994m#2665.762#2666.092
69;Эм;эм;INTJ;_;_;_;_;_;@dap1994m-words#@dap1994m#2666.152#2666.47
70;Мне;я;PRON;_;Case=Dat|Number=Sing|Person=1;_;_;_;@dap1994m-words#@dap1994m#2666.517#2666.938
71;кажется;казаться;VERB;_;Aspect=Imp|Mood=Ind|Number=Sing|Person=3|Tense=Pres|VerbForm=Fin|Voice=Mid;_;_;_;@dap1994m-words#@dap1994m#2666.938#2667.36
72;главная;главный;ADJ;_;Case=Nom|Degree=Pos|Gender=Fem|Number=Sing;_;_;_;@dap1994m-words#@dap1994m#2667.427#2667.737
73;проблема;проблема;NOUN;_;Animacy=Inan|Case=Nom|Gender=Fem|Number=Sing;_;_;_;@dap1994m-words#@dap1994m#2667.737#2668.047
74;феминизма;феминизм;NOUN;_;Animacy=Inan|Case=Gen|Gender=Masc|Number=Sing;_;_;_;@dap1994m-words#@dap1994m#2668.047#2668.357
75;в;в;ADP;_;_;_;_;_;@dap1994m-words#@dap1994m#2668.357#2668.667
76;России;Россия;PROPN;_;Animacy=Inan|Case=Loc|Gender=Fem|Number=Sing;_;_;_;@dap1994m-words#@dap1994m#2668.667#2668.977
77;в;в;ADP;_;_;_;_;_;@dap1994m-words#@dap1994m#2668.977#2669.287
78;том;тот;PRON;_;Animacy=Inan|Case=Loc|Gender=Neut|Number=Sing;_;_;_;@dap1994m-words#@dap1994m#2669.287#2669.597
79;что;что;SCONJ;_;_;_;_;_;@dap1994m-words#@dap1994m#2669.597#2669.91
80;феминизм;феминизм;NOUN;_;Animacy=Inan|Case=Nom|Gender=Masc|Number=Sing;_;_;_;@dap1994m-words#@dap1994m#2670.65#2671.5
81;это;этот;DET;_;Case=Nom|Gender=Neut|Number=Sing;_;_;_;@dap1994m-words#@dap1994m#2671.772#2672.181
82;огромное;огромный;ADJ;_;Case=Nom|Degree=Pos|Gender=Neut|Number=Sing;_;_;_;@dap1994m-words#@dap1994m#2672.181#2672.59
83;движение;движение;NOUN;_;Animacy=Inan|Case=Nom|Gender=Neut|Number=Sing;_;_;_;@dap1994m-words#@dap1994m#2672.59#2672.999
84;которому;который;DET;_;Case=Dat;_;_;_;@dap1994m-words#@dap1994m#2672.999#2673.408
85;по;по;ADP;_;_;_;_;_;@dap1994m-words#@dap1994m#2673.408#2673.817
86;факту;факт;NOUN;_;Animacy=Inan|Case=Dat|Gender=Masc|Number=Sing;_;_;_;@dap1994m-words#@dap1994m#2673.817#2674.226
87;относятся;относиться;VERB;_;Aspect=Imp|Mood=Ind|Number=Plur|Person=3|Tense=Pres|VerbForm=Fin|Voice=Mid;_;_;_;@dap1994m-words#@dap1994m#2674.226#2674.635
88;все;весь;DET;_;Case=Nom|Number=Plur;_;_;_;@dap1994m-words#@dap1994m#2674.635#2675.044
89;женщины;женщина;NOUN;_;Animacy=Anim|Case=Nom|Gender=Fem|Number=Plur;_;_;_;@dap1994m-words#@dap1994m#2675.044#2675.46
90;И;и;CCONJ;_;_;_;_;_;@dap1994m-words#@dap1994m#2676.271#2676.667
91;это;это;PRON;_;Animacy=Inan|Case=Nom|Gender=Neut|Number=Sing;_;_;_;@dap1994m-words#@dap1994m#2676.667#2677.063
92;такой;такой;DET;_;Case=Nom|Gender=Masc|Number=Sing;_;_;_;@dap1994m-words#@dap1994m#2677.063#2677.459
93;огромный;огромный;ADJ;_;Case=Nom|Degree=Pos|Gender=Masc|Number=Sing;_;_;_;@dap1994m-words#@dap1994m#2677.459#2677.855
94;пласт;пласт;NOUN;_;Animacy=Inan|Case=Acc|Gender=Masc|Number=Sing;_;_;_;@dap1994m-words#@dap1994m#2677.855#2678.251
95;людей;человек;NOUN;_;Animacy=Anim|Case=Gen|Gender=Masc|Number=Plur;_;_;_;@dap1994m-words#@dap1994m#2678.251#2678.65
96;что;что;SCONJ;_;_;_;_;_;@dap1994m-words#@dap1994m#2679.335#2679.755
97;гигантское;гигантский;ADJ;_;Case=Nom|Degree=Pos|Gender=Neut|Number=Sing;_;_;_;@dap1994m-words#@dap1994m#2679.755#2680.175
98;количество;количество;NOUN;_;Animacy=Inan|Case=Nom|Gender=Neut|Number=Sing;_;_;_;@dap1994m-words#@dap1994m#2680.175#2680.595
99;феминисток;феминистка;NOUN;_;Animacy=Anim|Case=Gen|Gender=Fem|Number=Plur;_;_;_;@dap1994m-words#@dap1994m#2680.595#2681.015
100;долбаебки;долбаебка;NOUN;_;Animacy=Inan|Case=Gen|Gender=Fem|Number=Sing;_;_;_;@dap1994m-words#@dap1994m#2681.61#2682.29
101;тупые;тупой;ADJ;_;Case=Nom|Degree=Pos|Number=Plur;_;_;_;@dap1994m-words#@dap1994m#2683.355#2683.993
102;дуры;дура;NOUN;_;Animacy=Anim|Case=Nom|Gender=Fem|Number=Plur;_;_;_;@dap1994m-words#@dap1994m#2683.993#2684.631
103;блять;блять;INTJ;_;_;_;_;_;@dap1994m-words#@dap1994m#2684.631#2685.27
104;я;я;PRON;_;Case=Nom|Number=Sing|Person=1;_;_;_;@dap1994m-words#@dap1994m#2685.525#2685.83
105;не;не;PART;_;_;_;_;_;@dap1994m-words#@dap1994m#2685.83#2686.135
106;говорю;говорить;VERB;_;Aspect=Imp|Mood=Ind|Number=Sing|Person=1|Tense=Pres|VerbForm=Fin|Voice=Act;_;_;_;@dap1994m-words#@dap1994m#2686.135#2686.44
107;что;что;SCONJ;_;_;_;_;_;@dap1994m-words#@dap1994m#2686.44#2686.745
108;э;э;INTJ;_;_;_;_;_;@dap1994m-words#@dap1994m#2686.745#2687.05
109;Как;как;ADV;_;Degree=Pos;_;_;_;@dap1994m-words#@dap1994m#2687.385#2687.75
110;сказать;сказать;VERB;_;Aspect=Perf|VerbForm=Inf|Voice=Act;_;_;_;@dap1994m-words#@dap1994m#2687.75#2688.115
111;Ф;ф;_;_;_;_;_;_;@dap1994m-words#@dap1994m#2688.635#2689.073
112;всегда;всегда;ADV;_;Degree=Pos;_;_;_;@dap1994m-words#@dap1994m#2689.073#2689.511
113;есть;быть;VERB;_;Aspect=Imp|Mood=Ind|Number=Plur|Person=3|Tense=Pres|VerbForm=Fin|Voice=Act;_;_;_;@dap1994m-words#@dap1994m#2689.511#2689.949
114;долбаебы;долбаеб;NOUN;_;Animacy=Anim|Case=Nom|Gender=Masc|Number=Plur;_;_;_;@dap1994m-words#@dap1994m#2689.949#2690.387
115;везде;везде;ADV;_;Degree=Pos;_;_;_;@dap1994m-words#@dap1994m#2690.387#2690.825
116;И;и;CCONJ;_;_;_;_;_;@dap1994m-words#@dap1994m#2692.285#2692.713
117;к;к;ADV;_;_;_;_;_;@dap1994m-words#@dap1994m#2692.713#2693.141
118;сожалению;сожаление;ADV;_;Degree=Pos;_;_;_;@dap1994m-words#@dap1994m#2693.141#2693.569
119;э;э;INTJ;_;_;_;_;_;@dap1994m-words#@dap1994m#2693.569#2694.0
120;Ф;ф;;_;_;_;qi;ik;@dap1994m-words#@dap1994m#2694.985#2695.089
121;ф;ф;;_;_;_;_;_;@dap1994m-words#@dap1994m#2695.401#2695.505
122;естественно;естественный;ADJ;_;Degree=Pos|Gender=Neut|Number=Sing|Variant=Short;_;_;_;@dap1994m-words#@dap1994m#2696.07#2696.453
123;в;в;ADP;_;_;_;_;_;@dap1994m-words#@dap1994m#2696.453#2696.836
124;рядах;ряд;NOUN;_;Animacy=Inan|Case=Loc|Gender=Masc|Number=Plur;_;_;_;@dap1994m-words#@dap1994m#2696.836#2697.219
125;людей;человек;NOUN;_;Animacy=Anim|Case=Gen|Gender=Masc|Number=Plur;_;_;_;@dap1994m-words#@dap1994m#2697.219#2697.602
126;который;который;DET;_;Case=Nom;_;_;_;@dap1994m-words#@dap1994m#2697.602#2697.985
127;очень;очень;ADV;_;Degree=Pos;_;_;_;@dap1994m-words#@dap1994m#2697.985#2698.368
128;громко;громко;ADV;_;Degree=Pos;_;_;_;@dap1994m-words#@dap1994m#2698.368#2698.751
129;че-то;что-то;PRON;_;Case=Acc;_;_;_;@dap1994m-words#@dap1994m#2698.751#2699.134
130;пытаются;пытаться;VERB;_;Aspect=Imp|Mood=Ind|Number=Plur|Person=3|Tense=Pres|VerbForm=Fin|Voice=Mid;_;_;_;@dap1994m-words#@dap1994m#2699.134#2699.517
131;доказать;доказать;VERB;_;Aspect=Perf|VerbForm=Inf|Voice=Act;_;_;_;@dap1994m-words#@dap1994m#2699.517#2699.9
132;и;и;CCONJ;_;_;_;_;_;@dap1994m-words#@dap1994m#2699.9#2700.283
133;навязать;навязать;VERB;_;Aspect=Perf|VerbForm=Inf|Voice=Act;_;_;_;@dap1994m-words#@dap1994m#2700.283#2700.67
134;тоже;тоже;PART;_;_;_;_;_;@dap1994m-words#@dap1994m#2701.085#2701.502
135;есть;быть;VERB;_;Aspect=Perf|VerbForm=Inf|Voice=Act;_;_;_;@dap1994m-words#@dap1994m#2701.502#2701.919
136;долбаебы;долбаеба;NOUN;_;Animacy=Anim|Case=Nom|Gender=Fem|Number=Plur;_;_;_;@dap1994m-words#@dap1994m#2701.919#2702.336
137;которым;который;DET;_;Case=Dat;_;_;_;@dap1994m-words#@dap1994m#2702.336#2702.753
138;када;когда;CCONJ;_;_;_;_;_;@dap1994m-words#@dap1994m#2702.753#2703.17
139;гришь;греть;PART;_;_;_;_;_;@dap1994m-words#@dap1994m#2703.17#2703.59
140;прости;простить;VERB;_;Aspect=Perf|Mood=Imp|Number=Sing|Person=2|VerbForm=Fin|Voice=Act;_;_;_;@dap1994m-words#@dap1994m#2703.655#2704.015
141;но;но;CCONJ;_;_;_;_;_;@dap1994m-words#@dap1994m#2704.015#2704.375
142;это;это;PRON;_;Animacy=Inan|Case=Nom|Gender=Neut|Number=Sing;_;_;_;@dap1994m-words#@dap1994m#2704.375#2704.735
143;глупость;глупость;NOUN;_;Animacy=Inan|Case=Nom|Gender=Fem|Number=Sing;_;_;_;@dap1994m-words#@dap1994m#2704.735#2705.095
144;в;в;ADP;_;_;_;_;_;@dap1994m-words#@dap1994m#2705.88#2706.228
145;ответ;ответ;NOUN;_;Animacy=Inan|Case=Acc|Gender=Masc|Number=Sing;_;_;_;@dap1994m-words#@dap1994m#2706.228#2706.576
146;ты;ты;PRON;_;Case=Nom|Number=Sing|Person=2;_;_;_;@dap1994m-words#@dap1994m#2706.576#2706.924
147;слышишь;слышать;VERB;_;Aspect=Imp|Mood=Ind|Number=Sing|Person=2|Tense=Pres|VerbForm=Fin|Voice=Act;_;_;_;@dap1994m-words#@dap1994m#2706.924#2707.272
148;заткнись;заткнись;VERB;_;Aspect=Perf|VerbForm=Inf|Voice=Mid;_;_;_;@dap1994m-words#@dap1994m#2707.272#2707.62
149;белый;белый;ADJ;_;Animacy=Inan|Case=Acc|Degree=Pos|Gender=Masc|Number=Sing;_;_;_;@dap1994m-words#@dap1994m#2707.62#2707.968
150;блять;блять;INTJ;_;_;_;_;_;@dap1994m-words#@dap1994m#2707.968#2708.32
151;цисгендерный;цисгендерный;ADJ;_;Animacy=Inan|Case=Acc|Degree=Pos|Gender=Masc|Number=Sing;_;_;_;@dap1994m-words#@dap1994m#2708.405#2708.947
152;э;э;INTJ;_;_;_;_;_;@dap1994m-words#@dap1994m#2708.947#2709.49
153;хуебак;хуебак;NOUN;_;Animacy=Inan|Case=Acc|Gender=Masc|Number=Sing;_;_;_;@dap1994m-words#@dap1994m#2709.552#2710.32
154;спермобак;спермобака;NOUN;_;Animacy=Inan|Case=Acc|Gender=Masc|Number=Sing;_;_;_;@dap1994m-words#@dap1994m#2710.832#2711.516
155;хуемразь;хуемразь;NOUN;_;Animacy=Inan|Case=Acc|Gender=Masc|Number=Sing;_;_;_;@dap1994m-words#@dap1994m#2711.516#2712.2
156;Ты;ты;PRON;_;Case=Nom|Number=Sing|Person=2;_;_;_;@dap1994m-words#@dap1994m#2712.942#2713.114
157;не;не;PART;_;_;_;_;_;@dap1994m-words#@dap1994m#2713.114#2713.286
158;можешь;мочь;VERB;_;Aspect=Imp|Mood=Ind|Number=Sing|Person=2|Tense=Pres|VerbForm=Fin|Voice=Act;_;_;_;@dap1994m-words#@dap1994m#2713.286#2713.458
159;мне;я;PRON;_;Case=Dat|Number=Sing|Person=1;_;_;_;@dap1994m-words#@dap1994m#2713.458#2713.63
160;Ты;ты;PRON;_;Case=Nom|Number=Sing|Person=2;_;_;_;@dap1994m-words#@dap1994m#2713.702#2714.091
161;мне;я;PRON;_;Case=Dat|Number=Sing|Person=1;_;_;_;@dap1994m-words#@dap1994m#2714.091#2714.48
162;бабе;баба;NOUN;_;Animacy=Inan|Case=Dat|Gender=Fem|Number=Sing;_;_;_;@dap1994m-words#@dap1994m#2714.48#2714.869
163;не;не;PART;_;_;_;_;_;@dap1994m-words#@dap1994m#2714.869#2715.258
164;можешь;мочь;VERB;_;Aspect=Imp|Mood=Ind|Number=Sing|Person=2|Tense=Pres|VerbForm=Fin|Voice=Act;_;_;_;@dap1994m-words#@dap1994m#2715.258#2715.647
165;объяснять;объяснять;VERB;_;Aspect=Imp|VerbForm=Inf|Voice=Act;_;_;_;@dap1994m-words#@dap1994m#2715.647#2716.036
166;за;за;ADP;_;_;_;_;_;@dap1994m-words#@dap1994m#2716.036#2716.425
167;феминизм;феминизм;NOUN;_;Animacy=Inan|Case=Acc|Gender=Masc|Number=Sing;_;_;_;@dap1994m-words#@dap1994m#2716.425#2716.82
168;И;и;CCONJ;_;_;_;_;_;@dap1994m-words#@dap1994m#2717.537#2717.784
169;как;как;CCONJ;_;_;_;_;_;@dap1994m-words#@dap1994m#2717.784#2718.031
170;бы;бы;PART;_;_;_;_;_;@dap1994m-words#@dap1994m#2718.031#2718.28
171;Я;я;PRON;_;Case=Nom|Number=Sing|Person=1;_;_;_;@dap1994m-words#@dap1994m#2719.427#2719.698
172;ду;ду;_;_;_;_;_;_;@dap1994m-words#@dap1994m#2719.698#2719.97
173;вот;вот;PART;_;_;_;_;_;@dap1994m-words#@dap1994m#2720.127#2720.35
174;Они;они;PRON;_;Case=Nom|Number=Plur|Person=3;_;_;_;@dap1994m-words#@dap1994m#2720.782#2721.179
175;естественно;естественный;ADV;_;Degree=Pos;_;_;_;@dap1994m-words#@dap1994m#2721.179#2721.576
176;создают;создавать;VERB;_;Aspect=Imp|Mood=Ind|Number=Plur|Person=3|Tense=Pres|VerbForm=Fin|Voice=Act;_;_;_;@dap1994m-words#@dap1994m#2721.576#2721.973
177;э;э;INTJ;_;_;_;_;_;@dap1994m-words#@dap1994m#2721.973#2722.37
178;хуевый;хуевый;ADJ;_;Animacy=Inan|Case=Acc|Degree=Pos|Gender=Masc|Number=Sing;_;_;_;@dap1994m-words#@dap1994m#2722.447#2722.903
179;образ;образ;NOUN;_;Animacy=Inan|Case=Acc|Gender=Masc|Number=Sing;_;_;_;@dap1994m-words#@dap1994m#2722.903#2723.359
180;феминизму;феминизм;NOUN;_;Animacy=Inan|Case=Dat|Gender=Masc|Number=Sing;_;_;_;@dap1994m-words#@dap1994m#2723.359#2723.815
181;каким-то;какой-то;DET;_;Case=Dat|Number=Plur;_;_;_;@dap1994m-words#@dap1994m#2723.815#2724.271
182;нормальным;нормальный;ADJ;_;Case=Dat|Degree=Pos|Number=Plur;_;_;_;@dap1994m-words#@dap1994m#2724.271#2724.727
183;вещам;вещь;NOUN;_;Animacy=Inan|Case=Dat|Gender=Fem|Number=Plur;_;_;_;@dap1994m-words#@dap1994m#2724.727#2725.183
184;типа;тип;NOUN;_;Animacy=Inan|Case=Gen|Gender=Masc|Number=Sing;_;_;_;@dap1994m-words#@dap1994m#2725.183#2725.639
185;блять;блять;INTJ;_;_;_;_;_;@dap1994m-words#@dap1994m#2725.639#2726.1
186;выебонов;выебон;NOUN;_;Animacy=Anim|Case=Acc|Gender=Masc|Number=Plur;_;_;_;@dap1994m-words#@dap1994m#2726.152#2726.39
187;на;на;ADP;_;_;_;_;_;@dap1994m-words#@dap1994m#2726.39#2726.628
188;Лаш;Лаш;NOUN;_;Animacy=Inan|Case=Acc|Gender=Masc|Number=Sing;_;_;_;@dap1994m-words#@dap1994m#2726.628#2726.866
189;за;за;ADP;_;_;_;_;_;@dap1994m-words#@dap1994m#2726.866#2727.104
190;то;то;SCONJ;_;_;_;_;_;@dap1994m-words#@dap1994m#2727.104#2727.342
191;что;что;SCONJ;_;_;_;_;_;@dap1994m-words#@dap1994m#2727.342#2727.58
192;я;я;PRON;_;Case=Nom|Number=Sing|Person=1;_;_;_;@dap1994m-words#@dap1994m#2727.58#2727.818
193;ей;она;PRON;_;Case=Dat|Gender=Fem|Number=Sing|Person=3;_;_;_;@dap1994m-words#@dap1994m#2727.818#2728.056
194;видите;видеть;VERB;_;Aspect=Imp|Mood=Ind|Number=Plur|Person=2|Tense=Pres|VerbForm=Fin|Voice=Act;_;_;_;@dap1994m-words#@dap1994m#2728.056#2728.294
195;ли;ли;PART;_;_;_;_;_;@dap1994m-words#@dap1994m#2728.294#2728.532
196;не;не;PART;_;_;_;_;_;@dap1994m-words#@dap1994m#2728.532#2728.77
197;#одновременно#;#одновременно#;X;_;_;_;_;_;@dap1994m-words#@dap1994m#2728.77#2729.01
198;Так;так;ADV;_;Degree=Pos;_;_;_;@dap1994m-words#@dap1994m#2729.841#2730.197
199;глупо;глупо;ADV;_;Degree=Pos;_;_;_;@dap1994m-words#@dap1994m#2730.197#2730.553
200;пиздец;пиздец;NOUN;_;Animacy=Anim|Case=Nom|Gender=Masc|Number=Sing;_;_;_;@dap1994m-words#@dap1994m#2730.553#2730.91
201;А-а;А;INTJ;_;_;_;_;_;@dap1994m-words#@dap1994m#2730.956#2731.537
202;Кароче;Каротко;ADV;_;Degree=Cmp;_;_;_;@dap1994m-words#@dap1994m#2731.537#2732.118
203;#смеется#;#смеется#;X;_;_;_;_;_;@dap1994m-words#@dap1994m#2732.118#2732.7
204;Короче;коротко;ADV;_;Degree=Cmp;_;_;_;@dap1994m-words#@dap1994m#2736.501#2736.941
205;Мне;я;PRON;_;Case=Dat|Number=Sing|Person=1;_;_;_;@dap1994m-words#@dap1994m#2738.435#2738.77
206;не;не;PART;_;_;_;_;_;@dap1994m-words#@dap1994m#2738.77#2739.105
207;нравится;нравиться;VERB;_;Aspect=Imp|Mood=Ind|Number=Sing|Person=3|Tense=Pres|VerbForm=Fin|Voice=Mid;_;_;_;@dap1994m-words#@dap1994m#2739.105#2739.44
208;диспропорция;диспропорция;NOUN;_;Animacy=Inan|Case=Nom|Gender=Fem|Number=Sing;_;_;_;@dap1994m-words#@dap1994m#2739.44#2739.775
209;в;в;ADP;_;_;_;_;_;@dap1994m-words#@dap1994m#2739.775#2740.11
210;обществе;общество;NOUN;_;Animacy=Inan|Case=Loc|Gender=Neut|Number=Sing;_;_;_;@dap1994m-words#@dap1994m#2740.11#2740.445
211;касательно;касательно;ADV;_;Degree=Pos;_;_;_;@dap1994m-words#@dap1994m#2740.445#2740.78
212;того;то;PRON;_;Animacy=Inan|Case=Gen|Gender=Neut|Number=Sing;_;_;_;@dap1994m-words#@dap1994m#2740.78#2741.115
213;что;что;SCONJ;_;_;_;_;_;@dap1994m-words#@dap1994m#2741.115#2741.45
214;ф;ф;_;_;_;_;_;_;@dap1994m-words#@dap1994m#2741.45#2741.79
215;я;я;_;_;_;_;_;_;@dap1994m-words#@dap1994m#2741.827#2741.988
216;сч;сч;_;_;_;_;_;_;@dap1994m-words#@dap1994m#2741.988#2742.15
217;я;я;PRON;_;Case=Nom|Number=Sing|Person=1;_;_;_;@dap1994m-words#@dap1994m#2742.178#2742.469
218;за;за;ADP;_;_;_;_;_;@dap1994m-words#@dap1994m#2742.469#2742.76
219;феминизм;феминизм;NOUN;_;Animacy=Inan|Case=Acc|Gender=Masc|Number=Sing;_;_;_;@dap1994m-words#@dap1994m#2742.76#2743.051
220;я;я;PRON;_;Case=Nom|Number=Sing|Person=1;_;_;_;@dap1994m-words#@dap1994m#2743.051#2743.342
221;профеминист;профеминист;NOUN;_;Animacy=Anim|Case=Nom|Gender=Masc|Number=Sing;_;_;_;@dap1994m-words#@dap1994m#2743.342#2743.633
222;и;и;CCONJ;_;_;_;_;_;@dap1994m-words#@dap1994m#2743.633#2743.924
223;так;так;CCONJ;_;_;_;_;_;@dap1994m-words#@dap1994m#2743.924#2744.215
224;далее;далее;ADV;_;Degree=Pos;_;_;_;@dap1994m-words#@dap1994m#2744.215#2744.506
225;когда;когда;SCONJ;_;_;_;_;_;@dap1994m-words#@dap1994m#2744.506#2744.797
226;это;это;PRON;_;Animacy=Inan|Case=Nom|Gender=Neut|Number=Sing;_;_;_;@dap1994m-words#@dap1994m#2744.797#2745.088
227;ф;ф;_;_;_;_;_;_;@dap1994m-words#@dap1994m#2745.088#2745.38
228;в;в;_;_;_;_;_;_;@dap1994m-words#@dap1994m#2745.414#2745.644
229;разумных;разумный;ADJ;_;Case=Loc|Degree=Pos|Number=Plur;_;_;_;@dap1994m-words#@dap1994m#2745.644#2745.874
230;рамках;рамка;NOUN;_;Animacy=Inan|Case=Loc|Gender=Fem|Number=Plur;_;_;_;@dap1994m-words#@dap1994m#2745.874#2746.104
231;ни;ни;PART;_;_;_;_;_;@dap1994m-words#@dap1994m#2746.104#2746.334
232;ф;ф;_;_;_;_;_;_;@dap1994m-words#@dap1994m#2746.334#2746.564
233;ну;ну;INTJ;_;_;_;_;_;@dap1994m-words#@dap1994m#2746.624#2746.794
234;в;в;ADP;_;_;_;_;_;@dap1994m-words#@dap1994m#2746.794#2746.964
235;вы;вы;PRON;_;Case=Nom|Number=Plur|Person=2;_;_;_;@dap1994m-words#@dap1994m#2747.059#2747.394
236;все;все;PRON;_;Case=Nom|Number=Plur|Person=3;_;_;_;@dap1994m-words#@dap1994m#2747.394#2747.729
237;еще;еще;ADV;_;Degree=Pos;_;_;_;@dap1994m-words#@dap1994m#2747.729#2748.064
238;можете;мочь;VERB;_;Aspect=Imp|Mood=Ind|Number=Plur|Person=2|Tense=Pres|VerbForm=Fin|Voice=Act;_;_;_;@dap1994m-words#@dap1994m#2748.064#2748.399
239;готовить;готовить;VERB;_;Aspect=Imp|VerbForm=Inf|Voice=Act;_;_;_;@dap1994m-words#@dap1994m#2748.399#2748.734
240;мне;я;PRON;_;Case=Dat|Number=Sing|Person=1;_;_;_;@dap1994m-words#@dap1994m#2748.734#2749.069
241;борщ;борщ;NOUN;_;Animacy=Anim|Case=Acc|Gender=Masc|Number=Plur;_;_;_;@dap1994m-words#@dap1994m#2749.069#2749.409
242;и;и;CCONJ;_;_;_;_;_;@dap1994m-words#@dap1994m#2749.449#2749.834
243;и;и;PART;_;_;_;_;_;@dap1994m-words#@dap1994m#2749.834#2750.219
244;стирать;стирать;VERB;_;Aspect=Imp|VerbForm=Inf|Voice=Act;_;_;_;@dap1994m-words#@dap1994m#2750.219#2750.604
245;портки;портка;NOUN;_;Animacy=Inan|Case=Acc|Gender=Fem|Number=Plur;_;_;_;@dap1994m-words#@dap1994m#2750.604#2750.99
246;Нет;нет;PART;_;_;_;_;_;@dap1994m-words#@dap1994m#2751.044#2751.293
247;я;я;PRON;_;Case=Nom|Number=Sing|Person=1;_;_;_;@dap1994m-words#@dap1994m#2751.293#2751.542
248;шучу;шутить;VERB;_;Aspect=Perf|Mood=Ind|Number=Sing|Person=1|Tense=Fut|VerbForm=Fin|Voice=Act;_;_;_;@dap1994m-words#@dap1994m#2751.542#2751.791
249;Это;это;PRON;_;Animacy=Inan|Case=Acc|Gender=Neut|Number=Sing;_;_;_;@dap1994m-words#@dap1994m#2751.791#2752.04
250;блять;блять;INTJ;_;_;_;_;_;@dap1994m-words#@dap1994m#2752.04#2752.289
251;отвратительно;отвратительно;ADV;_;Degree=Pos;_;_;_;@dap1994m-words#@dap1994m#2752.289#2752.538
252;ам;ам;_;_;_;_;_;_;@dap1994m-words#@dap1994m#2752.538#2752.79
253;Ненавижу;ненавидеть;VERB;_;Aspect=Imp|VerbForm=Inf|Voice=Act;_;_;_;@dap1994m-words#@dap1994m#2752.984#2753.395
254;блять;блять;INTJ;_;_;_;_;_;@dap1994m-words#@dap1994m#2753.395#2753.806
255;стираные;стираный;ADJ;_;Animacy=Inan|Case=Acc|Degree=Pos|Number=Plur;_;_;_;@dap1994m-words#@dap1994m#2753.806#2754.217
256;вещи;вещь;NOUN;_;Animacy=Inan|Case=Acc|Gender=Fem|Number=Plur;_;_;_;@dap1994m-words#@dap1994m#2754.217#2754.628
257;хочу;хотеть;VERB;_;Aspect=Imp|Mood=Ind|Number=Sing|Person=1|Tense=Pres|VerbForm=Fin|Voice=Act;_;_;_;@dap1994m-words#@dap1994m#2754.628#2755.039
258;в;в;ADP;_;_;_;_;_;@dap1994m-words#@dap1994m#2755.039#2755.45
259;говне;говень;NOUN;_;Animacy=Inan|Case=Loc|Gender=Masc|Number=Sing;_;_;_;@dap1994m-words#@dap1994m#2755.45#2755.861
260;ходить;ходить;VERB;_;Aspect=Imp|VerbForm=Inf|Voice=Act;_;_;_;@dap1994m-words#@dap1994m#2755.861#2756.272
261;а-э;а-э;INTJ;_;_;_;_;_;@dap1994m-words#@dap1994m#2756.272#2756.69
262;борщ;борщ;NOUN;_;Animacy=Inan|Case=Acc|Gender=Masc|Number=Sing;_;_;_;@dap1994m-words#@dap1994m#2756.759#2757.179
263;фу;фу;_;_;_;_;_;_;@dap1994m-words#@dap1994m#2757.179#2757.599
264;Я;я;PRON;_;Case=Nom|Number=Sing|Person=1;_;_;_;@dap1994m-words#@dap1994m#2758.334#2758.559
265;о;о;ADP;_;_;_;_;_;@dap1994m-words#@dap1994m#2758.559#2758.784
266;чем;что;PRON;_;Case=Loc;_;_;_;@dap1994m-words#@dap1994m#2758.784#2759.01
267;когда;когда;SCONJ;_;_;_;_;_;@dap1994m-words#@dap1994m#2760.467#2760.713
268;у;у;ADP;_;_;_;_;_;@dap1994m-words#@dap1994m#2760.713#2760.959
269;нас;мы;PRON;_;Case=Gen|Number=Plur|Person=1;_;_;_;@dap1994m-words#@dap1994m#2760.959#2761.205
270;в;в;ADP;_;_;_;_;_;@dap1994m-words#@dap1994m#2761.205#2761.451
271;стране;страна;NOUN;_;Animacy=Inan|Case=Loc|Gender=Fem|Number=Sing;_;_;_;@dap1994m-words#@dap1994m#2761.451#2761.7
272;ль;ль;_;_;_;_;_;_;@dap1994m-words#@dap1994m#2762.75#2762.91
273;декримь;декримь;_;_;_;_;_;_;@dap1994m-words#@dap1994m#2763.463#2763.98
274;блять;блять;INTJ;_;_;_;_;_;@dap1994m-words#@dap1994m#2764.068#2764.673
275;декриминализируют;декриминализировать;VERB;_;Aspect=Imp|Mood=Ind|Number=Plur|Person=3|Tense=Pres|VerbForm=Fin|Voice=Act;_;_;_;@dap1994m-words#@dap1994m#2764.673#2765.278
276;домашнее;домашний;ADJ;_;Case=Acc|Degree=Pos|Gender=Neut|Number=Sing;_;_;_;@dap1994m-words#@dap1994m#2765.278#2765.883
277;насилие;насилие;NOUN;_;Animacy=Inan|Case=Acc|Gender=Neut|Number=Sing;_;_;_;@dap1994m-words#@dap1994m#2765.883#2766.49
278;А;А;CCONJ;_;_;_;_;_;@dap1994m-words#@dap1994m#2767.793#2767.906
279;в;в;ADP;_;_;_;_;_;@dap1994m-words#@dap1994m#2767.906#2768.02
280;феминистки;феминистка;NOUN;_;Animacy=Inan|Case=Acc|Gender=Masc|Number=Plur;_;_;_;@dap1994m-words#@dap1994m#2768.213#2768.698
281;объединяются;объединяться;VERB;_;Aspect=Imp|Mood=Ind|Number=Plur|Person=3|Tense=Pres|VerbForm=Fin|Voice=Mid;_;_;_;@dap1994m-words#@dap1994m#2768.698#2769.183
282;и;и;CCONJ;_;_;_;_;_;@dap1994m-words#@dap1994m#2769.183#2769.668
283;грят;говорить;VERB;_;Aspect=Imp|Mood=Ind|Number=Plur|Person=3|Tense=Pres|VerbForm=Fin|Voice=Act;_;_;_;@dap1994m-words#@dap1994m#2769.668#2770.153
284;давайте;давать;VERB;_;Aspect=Imp|Mood=Imp|Number=Plur|Person=2|VerbForm=Fin|Voice=Act;_;_;_;@dap1994m-words#@dap1994m#2770.153#2770.638
285;грить;говорить;VERB;_;Aspect=Imp|VerbForm=Inf|Voice=Act;_;_;_;@dap1994m-words#@dap1994m#2770.638#2771.123
286;блогерка;блогер;NOUN;_;Animacy=Anim|Case=Nom|Gender=Fem|Number=Sing;_;_;_;@dap1994m-words#@dap1994m#2771.123#2771.608
287;блять;блять;INTJ;_;_;_;_;_;@dap1994m-words#@dap1994m#2771.608#2772.1
288;ведь;ведь;PART;_;_;_;_;_;@dap1994m-words#@dap1994m#2773.05#2773.473
289;это;это;PRON;_;Animacy=Inan|Case=Nom|Gender=Neut|Number=Sing;_;_;_;@dap1994m-words#@dap1994m#2773.473#2773.896
290;нахуй;наховать;VERB;_;Aspect=Imp|Mood=Imp|Number=Sing|Person=2|VerbForm=Fin|Voice=Act;_;_;_;@dap1994m-words#@dap1994m#2773.896#2774.32
291;В;в;ADP;_;_;_;_;_;@dap1994m-words#@dap1994m#2775.575#2775.921
292;это;это;PRON;_;Animacy=Inan|Case=Acc|Gender=Neut|Number=Sing;_;_;_;@dap1994m-words#@dap1994m#2775.921#2776.267
293;и;и;CCONJ;_;_;_;_;_;@dap1994m-words#@dap1994m#2776.267#2776.613
294;это;это;PRON;_;Animacy=Inan|Case=Nom|Gender=Neut|Number=Sing;_;_;_;@dap1994m-words#@dap1994m#2776.613#2776.959
295;приблизит;приблизить;VERB;_;Aspect=Perf|Mood=Ind|Number=Sing|Person=3|Tense=Fut|VerbForm=Fin|Voice=Act;_;_;_;@dap1994m-words#@dap1994m#2776.959#2777.305
296;нас;мы;PRON;_;Case=Acc|Number=Plur|Person=1;_;_;_;@dap1994m-words#@dap1994m#2777.305#2777.651
297;к;к;ADP;_;_;_;_;_;@dap1994m-words#@dap1994m#2777.651#2777.997
298;тому;то;PRON;_;Animacy=Inan|Case=Dat|Gender=Neut|Number=Sing;_;_;_;@dap1994m-words#@dap1994m#2777.997#2778.343
299;чтобы;чтобы;SCONJ;_;Mood=Cnd;_;_;_;@dap1994m-words#@dap1994m#2778.343#2778.689
300;не;не;PART;_;_;_;_;_;@dap1994m-words#@dap1994m#2778.689#2779.035
301;было;быть;VERB;_;Aspect=Imp|Gender=Neut|Mood=Ind|Number=Sing|Tense=Past|VerbForm=Fin|Voice=Act;_;_;_;@dap1994m-words#@dap1994m#2779.035#2779.381
302;сексизма;сексизм;NOUN;_;Animacy=Inan|Case=Gen|Gender=Masc|Number=Sing;_;_;_;@dap1994m-words#@dap1994m#2779.381#2779.727
303;типа;типа;CCONJ;_;_;_;_;_;@dap1994m-words#@dap1994m#2779.727#2780.08
304;я;я;PRON;_;Case=Nom|Number=Sing|Person=1;_;_;_;@dap1994m-words#@dap1994m#2780.56#2780.783
305;м-м;м;INTJ;_;_;_;_;_;@dap1994m-words#@dap1994m#2780.783#2781.006
306;ф;ф;_;_;_;_;_;_;@dap1994m-words#@dap1994m#2781.94#2782.06
307;т;т;_;_;_;_;_;_;@dap1994m-words#@dap1994m#2782.06#2782.18
308;какой-то;какой-то;DET;_;Case=Acc|Gender=Masc|Number=Sing;_;_;_;@dap1994m-words#@dap1994m#2782.265#2782.792
309;ступор;ступор;NOUN;_;Animacy=Inan|Case=Acc|Gender=Masc|Number=Sing;_;_;_;@dap1994m-words#@dap1994m#2782.792#2783.319
310;беспомощный;беспомощный;ADJ;_;Animacy=Inan|Case=Acc|Degree=Pos|Gender=Masc|Number=Sing;_;_;_;@dap1994m-words#@dap1994m#2783.319#2783.846
311;впадаю;впадать;VERB;_;Aspect=Imp|Mood=Ind|Number=Sing|Person=1|Tense=Pres|VerbForm=Fin|Voice=Act;_;_;_;@dap1994m-words#@dap1994m#2783.846#2784.375
312;еще;еще;ADV;_;Degree=Pos;_;_;_;@dap1994m-words#@dap1994m#2785.075#2785.374
313;и;и;PART;_;_;_;_;_;@dap1994m-words#@dap1994m#2785.374#2785.673
314;от;от;ADP;_;_;_;_;_;@dap1994m-words#@dap1994m#2785.673#2785.972
315;ощущения;ощущение;NOUN;_;Animacy=Inan|Case=Gen|Gender=Neut|Number=Sing;_;_;_;@dap1994m-words#@dap1994m#2785.972#2786.271
316;того;то;PRON;_;Animacy=Inan|Case=Gen|Gender=Neut|Number=Sing;_;_;_;@dap1994m-words#@dap1994m#2786.271#2786.57
317;что;что;SCONJ;_;_;_;_;_;@dap1994m-words#@dap1994m#2786.57#2786.87
318;м;м;CCONJ;_;_;_;_;_;@dap1994m-words#@dap1994m#2787.615#2787.77
319;моему;мой;PRON;_;Case=Dat|Gender=Neut|Number=Sing;_;_;_;@dap1994m-words#@dap1994m#2787.86#2788.244
320;мнению;мнение;NOUN;_;Animacy=Inan|Case=Dat|Gender=Neut|Number=Sing;_;_;_;@dap1994m-words#@dap1994m#2788.244#2788.628
321;не;не;PART;_;_;_;_;_;@dap1994m-words#@dap1994m#2788.628#2789.012
322;рады;рад;ADJ;_;Degree=Pos|Number=Plur|Variant=Short;_;_;_;@dap1994m-words#@dap1994m#2789.012#2789.396
323;в;в;ADP;_;_;_;_;_;@dap1994m-words#@dap1994m#2789.396#2789.78
324;том;тот;PRON;_;Animacy=Inan|Case=Loc|Gender=Neut|Number=Sing;_;_;_;@dap1994m-words#@dap1994m#2789.78#2790.164
325;#смеется#;#смеется#;X;_;_;_;_;_;@dap1994m-words#@dap1994m#2790.164#2790.548
326;комьюнити;комьюнити;NOUN;_;Animacy=Inan|Case=Gen|Gender=Neut|Number=Sing;_;_;_;@dap1994m-words#@dap1994m#2790.548#2790.932
327;понимаешь;понимать;VERB;_;Aspect=Imp|Mood=Ind|Number=Sing|Person=2|Tense=Pres|VerbForm=Fin|Voice=Act;_;_;_;@dap1994m-words#@dap1994m#2790.932#2791.32
328;Когда;когда;SCONJ;_;_;_;_;_;@dap1994m-words#@dap1994m#2792.205#2792.56
329;я;я;PRON;_;Case=Nom|Number=Sing|Person=1;_;_;_;@dap1994m-words#@dap1994m#2792.56#2792.915
330;пытаюсь;пытаться;VERB;_;Aspect=Imp|Mood=Ind|Number=Sing|Person=1|Tense=Pres|VerbForm=Fin|Voice=Mid;_;_;_;@dap1994m-words#@dap1994m#2792.915#2793.27
331;сказать;сказать;VERB;_;Aspect=Perf|VerbForm=Inf|Voice=Act;_;_;_;@dap1994m-words#@dap1994m#2793.27#2793.625
332;ребята;ребята;NOUN;_;Animacy=Anim|Case=Nom|Gender=Neut|Number=Plur;_;_;_;@dap1994m-words#@dap1994m#2793.625#2793.98
333;есть;быть;AUX;_;Aspect=Imp|Mood=Ind|Number=Sing|Person=3|Tense=Pres|VerbForm=Fin|Voice=Act;_;_;_;@dap1994m-words#@dap1994m#2793.98#2794.335
334;ахуеть;ахуеть;VERB;_;Aspect=Imp|VerbForm=Inf|Voice=Act;_;_;_;@dap1994m-words#@dap1994m#2794.335#2794.69
335;какие;какой;DET;_;Case=Acc|Number=Plur;_;_;_;@dap1994m-words#@dap1994m#2794.69#2795.045
336;важный;важный;ADJ;_;Animacy=Inan|Case=Acc|Degree=Pos|Gender=Masc|Number=Sing;_;_;_;@dap1994m-words#@dap1994m#2795.045#2795.4
337;важные;важный;ADJ;_;Animacy=Inan|Case=Acc|Degree=Pos|Number=Plur;_;_;_;@dap1994m-words#@dap1994m#2795.4#2795.755
338;проблемы;проблема;NOUN;_;Animacy=Inan|Case=Acc|Gender=Fem|Number=Plur;_;_;_;@dap1994m-words#@dap1994m#2795.755#2796.11
339;у;у;ADP;_;_;_;_;_;@dap1994m-words#@dap1994m#2796.11#2796.465
340;вас;вы;PRON;_;Case=Gen|Number=Plur|Person=2;_;_;_;@dap1994m-words#@dap1994m#2796.465#2796.82
341;горит;гореть;VERB;_;Aspect=Imp|Mood=Ind|Number=Sing|Person=3|Tense=Pres|VerbForm=Fin|Voice=Act;_;_;_;@dap1994m-words#@dap1994m#2796.82#2797.175
342;дом;дом;NOUN;_;Animacy=Inan|Case=Acc|Gender=Masc|Number=Sing;_;_;_;@dap1994m-words#@dap1994m#2797.175#2797.54
343;а;а;CCONJ;_;_;_;_;_;@dap1994m-words#@dap1994m#2797.585#2798.068
344;вы;вы;PRON;_;Case=Nom|Number=Plur|Person=2;_;_;_;@dap1994m-words#@dap1994m#2798.068#2798.551
345;блять;блять;INTJ;_;_;_;_;_;@dap1994m-words#@dap1994m#2798.551#2799.034
346;убираете;убирает;VERB;_;Aspect=Imp|Mood=Ind|Number=Plur|Person=2|Tense=Pres|VerbForm=Fin|Voice=Act;_;_;_;@dap1994m-words#@dap1994m#2799.034#2799.517
347;а;а;CCONJ;_;_;_;_;_;@dap1994m-words#@dap1994m#2799.517#2800.0
348;прожек;порог;NOUN;_;Animacy=Inan|Case=Acc|Gender=Fem|Number=Sing;_;_;_;@dap1994m-words#@dap1994m#2800.14#2800.57
349;блять;блять;INTJ;_;_;_;_;_;@dap1994m-words#@dap1994m#2800.57#2801.0
350;соринки;соринка;NOUN;_;Animacy=Inan|Case=Acc|Gender=Masc|Number=Plur;_;_;_;@dap1994m-words#@dap1994m#2801.15#2801.527
351;ну;ну;INTJ;_;_;_;_;_;@dap1994m-words#@dap1994m#2801.527#2801.904
352;условно;условно;ADV;_;Degree=Pos;_;_;_;@dap1994m-words#@dap1994m#2801.904#2802.281
353;знаешь;знать;VERB;_;Aspect=Imp|Mood=Ind|Number=Sing|Person=2|Tense=Pres|VerbForm=Fin|Voice=Act;_;_;_;@dap1994m-words#@dap1994m#2802.281#2802.66
354;и;и;CCONJ;_;_;_;_;_;@dap1994m-words#@dap1994m#2803.835#2804.055
355;вот;вот;PART;_;_;_;_;_;@dap1994m-words#@dap1994m#2804.055#2804.275
356;это;это;DET;_;Animacy=Inan|Case=Acc|Gender=Neut|Number=Sing;_;_;_;@dap1994m-words#@dap1994m#2804.275#2804.495
357;меня;я;PRON;_;Case=Acc|Number=Sing|Person=1;_;_;_;@dap1994m-words#@dap1994m#2804.495#2804.715
358;блять;блять;INTJ;_;_;_;_;_;@dap1994m-words#@dap1994m#2804.715#2804.935
359;сводит;сводить;VERB;_;Aspect=Imp|Mood=Ind|Number=Sing|Person=3|Tense=Pres|VerbForm=Fin|Voice=Act;_;_;_;@dap1994m-words#@dap1994m#2804.935#2805.155
360;с;с;ADP;_;_;_;_;_;@dap1994m-words#@dap1994m#2805.155#2805.375
361;ума;ум;NOUN;_;Animacy=Inan|Case=Gen|Gender=Masc|Number=Sing;_;_;_;@dap1994m-words#@dap1994m#2805.375#2805.6
362;Фемкафе;Фемкафе;NOUN;_;Animacy=Inan|Case=Асс|Gender=Neut|Number=Sing;_;_;_;@dap1994m-words#@dap1994m#2815.29#2815.815
363;да-да-да-да;да-да-да-да;INTJ;_;_;_;_;_;@dap1994m-words#@dap1994m#2815.815#2816.34
364;Да;да;INTJ;_;_;_;_;_;@dap1994m-words#@dap1994m#2818.96#2819.23
365;Конечно;Конечно;CCONJ;_;_;_;_;_;@dap1994m-words#@dap1994m#2829.34#2829.86
366;Канеш;Конечно;CCONJ;_;_;_;_;_;@dap1994m-words#@dap1994m#2831.325#2831.885
367;провокация;провокация;NOUN;_;Animacy=Inan|Case=Nom|Gender=Fem|Number=Sing;_;_;_;@dap1994m-words#@dap1994m#2831.885#2832.445
368;Не;не;PART;_;_;_;_;_;@dap1994m-words#@dap1994m#2836.752#2837.184
369;это;этот;PRON;_;Animacy=Inan|Case=Nom|Gender=Neut|Number=Sing;_;_;_;@dap1994m-words#@dap1994m#2837.184#2837.616
370;провокация;провокация;NOUN;_;Animacy=Inan|Case=Nom|Gender=Fem|Number=Sing;_;_;_;@dap1994m-words#@dap1994m#2837.616#2838.048
371;конечно;конечно;CCONJ;_;_;_;_;_;@dap1994m-words#@dap1994m#2838.048#2838.48
372;Мне;я;PRON;_;Case=Dat|Number=Sing|Person=1;_;_;_;@dap1994m-words#@dap1994m#2843.978#2844.357
373;кажется;казаться;VERB;_;Aspect=Imp|Mood=Ind|Number=Sing|Person=3|Tense=Pres|VerbForm=Fin|Voice=Mid;_;_;_;@dap1994m-words#@dap1994m#2844.357#2844.736
374;это;этот;PRON;_;Animacy=Inan|Case=Nom|Gender=Neut|Number=Sing;_;_;_;@dap1994m-words#@dap1994m#2844.736#2845.115
375;срежиссированная;срежиссированный;PARTCP;_;Aspect=Perf|Case=Nom|Gender=Fem|Number=Sing|Tense=Past|VerbForm=Part|Voice=Pass;_;_;_;@dap1994m-words#@dap1994m#2845.115#2845.494
376;история;история;NOUN;_;Animacy=Inan|Case=Nom|Gender=Fem|Number=Sing;_;_;_;@dap1994m-words#@dap1994m#2845.494#2845.873
377;честно;честно;ADV;_;Degree=Pos;_;_;_;@dap1994m-words#@dap1994m#2845.873#2846.252
378;говоря;говорить;VERB;_;Aspect=Imp|Tense=Pres|VerbForm=Conv|Voice=Act;_;_;_;@dap1994m-words#@dap1994m#2846.252#2846.631
379;потому;потому;CCONJ;_;_;_;_;_;@dap1994m-words#@dap1994m#2846.631#2847.01
380;что;что;CCONJ;_;_;_;_;_;@dap1994m-words#@dap1994m#2847.01#2847.389
381;из;из;ADP;_;_;_;_;_;@dap1994m-words#@dap1994m#2847.389#2847.768
382;ответ;ответ;NOUN;_;Animacy=Inan|Case=Acc|Gender=Masc|Number=Sing;_;_;_;@dap1994m-words#@dap1994m#2847.768#2848.147
383;он;он;PRON;_;Case=Nom|Gender=Masc|Number=Sing|Person=3;_;_;_;@dap1994m-words#@dap1994m#2848.147#2848.53
384;он;он;PRON;_;Case=Nom|Gender=Masc|Number=Sing|Person=3;_;_;_;@dap1994m-words#@dap1994m#2848.718#2849.032
385;произошел;произойти;VERB;_;Aspect=Perf|Gender=Masc|Mood=Ind|Number=Sing|Tense=Past|VerbForm=Fin|Voice=Act;_;_;_;@dap1994m-words#@dap1994m#2849.032#2849.346
386;блять;блять;INTJ;_;_;_;_;_;@dap1994m-words#@dap1994m#2849.346#2849.66
387;на;на;ADP;_;_;_;_;_;@dap1994m-words#@dap1994m#2849.66#2849.974
388;следующий;следующий;ADJ;_;Animacy=Inan|Case=Acc|Degree=Pos|Gender=Masc|Number=Sing;_;_;_;@dap1994m-words#@dap1994m#2849.974#2850.288
389;день;день;NOUN;_;Animacy=Inan|Case=Acc|Gender=Masc|Number=Sing;_;_;_;@dap1994m-words#@dap1994m#2850.288#2850.602
390;там;там;ADV;_;Degree=Pos;_;_;_;@dap1994m-words#@dap1994m#2850.602#2850.916
391;э;э;INTJ;_;_;_;_;_;@dap1994m-words#@dap1994m#2850.916#2851.23
392;какой-то;какой-то;DET;_;Case=Nom|Gender=Masc|Number=Sing;_;_;_;@dap1994m-words#@dap1994m#2851.728#2852.088
393;манекен;манекен;NOUN;_;Animacy=Inan|Case=Nom|Gender=Masc|Number=Sing;_;_;_;@dap1994m-words#@dap1994m#2852.088#2852.448
394;с;с;ADP;_;_;_;_;_;@dap1994m-words#@dap1994m#2852.448#2852.808
395;отрезанным;отрезать;VERB;_;Aspect=Perf|Case=Ins|Gender=Masc|Number=Sing|Tense=Past|VerbForm=Part|Voice=Pass;_;_;_;@dap1994m-words#@dap1994m#2852.808#2853.168
396;хуем;хуй;NOUN;_;Animacy=Inan|Case=Ins|Gender=Masc|Number=Sing;_;_;_;@dap1994m-words#@dap1994m#2853.168#2853.528
397;сс;сс;_;_;_;_;_;_;@dap1994m-words#@dap1994m#2853.528#2853.888
398;венками;венок;NOUN;_;Animacy=Inan|Case=Ins|Gender=Fem|Number=Plur;_;_;_;@dap1994m-words#@dap1994m#2853.888#2854.248
399;они;они;PRON;_;Case=Nom|Number=Plur|Person=3;_;_;_;@dap1994m-words#@dap1994m#2854.248#2854.608
400;блять;блять;INTJ;_;_;_;_;_;@dap1994m-words#@dap1994m#2854.608#2854.968
401;выложили;выложить;VERB;_;Aspect=Perf|Mood=Ind|Number=Plur|Tense=Past|VerbForm=Fin|Voice=Act;_;_;_;@dap1994m-words#@dap1994m#2854.968#2855.328
402;Типа;тип;NOUN;_;Animacy=Anim|Case=Acc|Gender=Masc|Number=Sing;_;_;_;@dap1994m-words#@dap1994m#2855.328#2855.688
403;ну;ну;INTJ;_;_;_;_;_;@dap1994m-words#@dap1994m#2855.688#2856.048
404;короч;короч;NOUN;_;Animacy=Anim|Case=Nom|Gender=Masc|Number=Sing;_;_;_;@dap1994m-words#@dap1994m#2856.048#2856.408
405;это;это;PRON;_;Animacy=Inan|Case=Nom|Gender=Neut|Number=Sing;_;_;_;@dap1994m-words#@dap1994m#2856.408#2856.768
406;выглядело;выглядеть;VERB;_;Aspect=Imp|Gender=Neut|Mood=Ind|Number=Sing|Tense=Past|VerbForm=Fin|Voice=Act;_;_;_;@dap1994m-words#@dap1994m#2856.768#2857.128
407;как;как;SCONJ;_;_;_;_;_;@dap1994m-words#@dap1994m#2857.128#2857.488
408;оч;оч;NOUN;_;Animacy=Inan|Case=Nom|Gender=Masc|Number=Sing;_;_;_;@dap1994m-words#@dap1994m#2857.488#2857.848
409;срежиссированный;режиссировать;VERB;_;Aspect=Perf|Case=Nom|Gender=Masc|Number=Sing|Tense=Past|VerbForm=Part|Voice=Pass;_;_;_;@dap1994m-words#@dap1994m#2857.848#2858.21
410;ну;ну;INTJ;_;_;_;_;_;@dap1994m-words#@dap1994m#2864.01#2864.2
411;да;да;INTJ;_;_;_;_;_;@dap1994m-words#@dap1994m#2864.2#2864.39
412;да;да;INTJ;_;_;_;_;_;@dap1994m-words#@dap1994m#2864.39#2864.58
413;Потому;Потому;CCONJ;_;_;_;_;_;@dap1994m-words#@dap1994m#2868.04#2868.317
414;что;что;SCONJ;_;_;_;_;_;@dap1994m-words#@dap1994m#2868.317#2868.594
415;феминизм;феминизм;NOUN;_;Animacy=Inan|Case=Nom|Gender=Masc|Number=Sing;_;_;_;@dap1994m-words#@dap1994m#2868.594#2868.871
416;это;это;PRON;_;Animacy=Inan|Case=Nom|Gender=Neut|Number=Sing;_;_;_;@dap1994m-words#@dap1994m#2869.148#2869.425
417;за;за;ADP;_;_;_;_;_;@dap1994m-words#@dap1994m#2869.425#2869.702
418;права;право;NOUN;_;Animacy=Inan|Case=Gen|Gender=Neut|Number=Sing;_;_;_;@dap1994m-words#@dap1994m#2869.702#2869.979
419;женщин;женщина;NOUN;_;Animacy=Anim|Case=Gen|Gender=Fem|Number=Plur;_;_;_;@dap1994m-words#@dap1994m#2869.979#2870.256
420;и;и;CCONJ;_;_;_;_;_;@dap1994m-words#@dap1994m#2870.256#2870.533
421;в;в;ADP;_;_;_;_;_;@dap1994m-words#@dap1994m#2870.533#2870.81
422;это;этот;DET;_;Case=Acc|Gender=Neut|Number=Sing;_;_;_;@dap1994m-words#@dap1994m#2870.81#2871.087
423;течение;течение;NOUN;_;Animacy=Inan|Case=Acc|Gender=Neut|Number=Sing;_;_;_;@dap1994m-words#@dap1994m#2871.087#2871.364
424;вливаются;вливать;VERB;_;Aspect=Imp|Mood=Ind|Number=Plur|Person=3|Tense=Pres|VerbForm=Fin|Voice=Pass;_;_;_;@dap1994m-words#@dap1994m#2871.364#2871.641
425;девчоки;девочки;NOUN;_;Animacy=Inan|Case=Nom|Gender=Masc|Number=Plur;_;_;_;@dap1994m-words#@dap1994m#2871.641#2871.918
426;которые;который;DET;_;Case=Acc;_;_;_;@dap1994m-words#@dap1994m#2871.918#2872.195
427;вот;вот;PART;_;_;_;_;_;@dap1994m-words#@dap1994m#2872.195#2872.48
428;радикальные;радикальный;ADJ;_;Case=Nom|Degree=Pos|Number=Plur;_;_;_;@dap1994m-words#@dap1994m#2872.565#2872.895
429;феминистки;феминистка;NOUN;_;Animacy=Inan|Case=Nom|Gender=Fem|Number=Plur;_;_;_;@dap1994m-words#@dap1994m#2872.895#2873.225
430;которых;который;DET;_;Case=Gen;_;_;_;@dap1994m-words#@dap1994m#2873.225#2873.555
431;когда-то;когда-то;ADV;_;Degree=Pos;_;_;_;@dap1994m-words#@dap1994m#2873.555#2873.885
432;изнасиловали;изнасиловать;VERB;_;Aspect=Imp|Mood=Ind|Number=Plur|Tense=Past|VerbForm=Fin|Voice=Act;_;_;_;@dap1994m-words#@dap1994m#2873.885#2874.215
433;или;или;CCONJ;_;_;_;_;_;@dap1994m-words#@dap1994m#2874.215#2874.545
434;еще;еще;ADV;_;Degree=Pos;_;_;_;@dap1994m-words#@dap1994m#2874.545#2874.875
435;что-то;что-то;PRON;_;Case=Acc;_;_;_;@dap1994m-words#@dap1994m#2874.875#2875.205
436;и;и;CCONJ;_;_;_;_;_;@dap1994m-words#@dap1994m#2875.205#2875.535
437;они;они;PRON;_;Case=Nom|Number=Plur|Person=3;_;_;_;@dap1994m-words#@dap1994m#2875.535#2875.865
438;обозлены;обозить;VERB;_;Aspect=Perf|Number=Plur|Tense=Past|Variant=Short|VerbForm=Part|Voice=Pass;_;_;_;@dap1994m-words#@dap1994m#2875.865#2876.195
439;и;и;CCONJ;_;_;_;_;_;@dap1994m-words#@dap1994m#2876.195#2876.53
440;ини;иня;VERB;_;Aspect=Perf|Mood=Imp|Number=Sing|Person=2|VerbForm=Fin|Voice=Act;_;_;_;@dap1994m-words#@dap1994m#2876.595#2876.816
441;ткие;ткой;ADJ;_;Animacy=Inan|Case=Acc|Degree=Pos|Number=Plur;_;_;_;@dap1994m-words#@dap1994m#2876.816#2877.037
442;Да;да;INTJ;_;_;_;_;_;@dap1994m-words#@dap1994m#2877.037#2877.26
443;я;я;PRON;_;Case=Nom|Number=Sing|Person=1;_;_;_;@dap1994m-words#@dap1994m#2877.675#2877.907
444;хочу;хотеть;VERB;_;Aspect=Imp|Mood=Ind|Number=Sing|Person=1|Tense=Pres|VerbForm=Fin|Voice=Act;_;_;_;@dap1994m-words#@dap1994m#2877.907#2878.139
445;голосовать;голосовать;VERB;_;Aspect=Imp|VerbForm=Inf|Voice=Act;_;_;_;@dap1994m-words#@dap1994m#2878.139#2878.371
446;а;а;CCONJ;_;_;_;_;_;@dap1994m-words#@dap1994m#2878.371#2878.603
447;еще;еще;ADV;_;Degree=Pos;_;_;_;@dap1994m-words#@dap1994m#2878.603#2878.835
448;я;я;PRON;_;Case=Nom|Number=Sing|Person=1;_;_;_;@dap1994m-words#@dap1994m#2878.835#2879.067
449;блять;блять;INTJ;_;_;_;_;_;@dap1994m-words#@dap1994m#2879.067#2879.3
450;ненавижу;ненавидеть;NOUN;_;Animacy=Inan|Case=Acc|Gender=Fem|Number=Sing;_;_;_;@dap1994m-words#@dap1994m#2879.345#2879.743
451;этих;этот;DET;_;Case=Gen|Number=Plur;_;_;_;@dap1994m-words#@dap1994m#2879.743#2880.141
452;уебков;уебок;NOUN;_;Animacy=Inan|Case=Gen|Gender=Masc|Number=Plur;_;_;_;@dap1994m-words#@dap1994m#2880.141#2880.54
453;Я;я;PRON;_;Case=Nom|Number=Sing|Person=1;_;_;_;@mam1989f-words#@mam1989f#2576.01#2576.395
454;могу;мочь;VERB;_;Aspect=Imp|Mood=Ind|Number=Sing|Person=1|Tense=Pres|VerbForm=Fin|Voice=Act;_;_;_;@mam1989f-words#@mam1989f#2576.395#2576.78
455;Нет;не;PART;_;_;_;_;_;@mam1989f-words#@mam1989f#2578.892#2579.147
456;нет;нет;VERB;_;Aspect=Imp|Mood=Ind|Number=Sing|Person=3|Tense=Pres|VerbForm=Fin|Voice=Act;_;_;_;@mam1989f-words#@mam1989f#2579.402#2579.657
457;это;это;PRON;_;Animacy=Inan|Case=Acc|Gender=Neut|Number=Sing;_;_;_;@mam1989f-words#@mam1989f#2579.657#2579.912
458;Эта-а;Эта-;PROPN;_;Animacy=Anim|Case=Acc|Gender=Masc|Number=Sing;_;_;_;@mam1989f-words#@mam1989f#2581.04#2581.531
459;Это;это;PRON;_;Animacy=Inan|Case=Nom|Gender=Neut|Number=Sing;_;_;_;@mam1989f-words#@mam1989f#2581.531#2582.022
460;не;не;PART;_;_;_;_;_;@mam1989f-words#@mam1989f#2582.022#2582.513
461;Воговское;Воговский;_;_;_;_;_;_;@mam1989f-words#@mam1989f#2582.513#2583.004
462;Это;это;PRON;_;Animacy=Inan|Case=Nom|Gender=Neut|Number=Sing;_;_;_;@mam1989f-words#@mam1989f#2583.004#2583.495
463;Айзель;Айзель;_;_;_;_;_;_;@mam1989f-words#@mam1989f#2583.495#2583.986
464;ай—Айсель;ай—Айсель;_;_;_;_;_;_;@mam1989f-words#@mam1989f#2583.986#2584.477
465;Трудэл;Трудэл;_;_;_;_;_;_;@mam1989f-words#@mam1989f#2584.477#2584.97
466;Эта-а;Эта-;PROPN;_;Animacy=Anim|Case=Acc|Gender=Masc|Number=Sing;_;_;_;@mam1989f-words#@mam1989f#2585.46#2585.808
467;меня;я;PRON;_;Case=Acc|Number=Sing|Person=1;_;_;_;@mam1989f-words#@mam1989f#2585.808#2586.156
468;пригласили;пригласить;VERB;_;Aspect=Perf|Mood=Ind|Number=Plur|Tense=Past|VerbForm=Fin|Voice=Act;_;_;_;@mam1989f-words#@mam1989f#2586.156#2586.504
469;поучаствовать;поучаствовать;VERB;_;Aspect=Perf|VerbForm=Inf|Voice=Act;_;_;_;@mam1989f-words#@mam1989f#2586.504#2586.852
470;причем;причем;ADV;_;Degree=Pos;_;_;_;@mam1989f-words#@mam1989f#2586.852#2587.2
471;я;я;PRON;_;Case=Nom|Number=Sing|Person=1;_;_;_;@mam1989f-words#@mam1989f#2587.2#2587.548
472;в;в;ADP;_;_;_;_;_;@mam1989f-words#@mam1989f#2587.548#2587.896
473;принципе;принцип;NOUN;_;Animacy=Inan|Case=Loc|Gender=Masc|Number=Sing;_;_;_;@mam1989f-words#@mam1989f#2587.896#2588.244
474;не;не;PART;_;_;_;_;_;@mam1989f-words#@mam1989f#2588.244#2588.592
475;особенно;особенно;ADV;_;Degree=Pos;_;_;_;@mam1989f-words#@mam1989f#2588.592#2588.94
476;а;а;CCONJ;_;_;_;_;_;@mam1989f-words#@mam1989f#2588.94#2589.288
477;Когда;когда;SCONJ;_;_;_;_;_;@mam1989f-words#@mam1989f#2589.288#2589.636
478;я;я;PRON;_;Case=Nom|Number=Sing|Person=1;_;_;_;@mam1989f-words#@mam1989f#2589.636#2589.984
479;туда;туда;ADV;_;Degree=Pos;_;_;_;@mam1989f-words#@mam1989f#2589.984#2590.332
480;пошла;пойти;VERB;_;Aspect=Perf|Gender=Fem|Mood=Ind|Number=Sing|Tense=Past|VerbForm=Fin|Voice=Act;_;_;_;@mam1989f-words#@mam1989f#2590.332#2590.68
481;я;я;PRON;_;Case=Nom|Number=Sing|Person=1;_;_;_;@mam1989f-words#@mam1989f#2590.68#2591.028
482;не;не;PART;_;_;_;_;_;@mam1989f-words#@mam1989f#2591.028#2591.376
483;особенно;особенно;ADV;_;Degree=Pos;_;_;_;@mam1989f-words#@mam1989f#2591.376#2591.724
484;понимала;понимать;VERB;_;Aspect=Imp|Gender=Fem|Mood=Ind|Number=Sing|Tense=Past|VerbForm=Fin|Voice=Act;_;_;_;@mam1989f-words#@mam1989f#2591.724#2592.072
485;вообще;вообще;ADV;_;Degree=Pos;_;_;_;@mam1989f-words#@mam1989f#2592.072#2592.42
486;всю;весь;DET;_;Case=Acc|Gender=Fem|Number=Sing;_;_;_;@mam1989f-words#@mam1989f#2592.42#2592.768
487;канву;канва;NOUN;_;Animacy=Inan|Case=Acc|Gender=Fem|Number=Sing;_;_;_;@mam1989f-words#@mam1989f#2592.768#2593.12
488;всего;все;PART;_;_;_;_;_;@mam1989f-words#@mam1989f#2593.64#2594.145
489;происходящего;происходить;INTJ;_;Aspect=Imperf|Number=Sing|Tense=Past|VerbForm=Fin|Voice=Act;_;_;_;@mam1989f-words#@mam1989f#2594.145#2594.65
490;Мне;я;PRON;_;Case=Dat|Number=Sing|Person=1;_;_;_;@mam1989f-words#@mam1989f#2594.8#2595.061
491;сказали;сказать;VERB;_;Aspect=Perf|Mood=Ind|Number=Plur|Tense=Past|VerbForm=Fin|Voice=Act;_;_;_;@mam1989f-words#@mam1989f#2595.061#2595.322
492;типа;тип;NOUN;_;Animacy=Inan|Case=Gen|Gender=Masc|Number=Sing;_;_;_;@mam1989f-words#@mam1989f#2595.322#2595.583
493;Маша;маша;PROPN;_;Animacy=Anim|Case=Nom|Gender=Fem|Number=Sing;_;_;_;@mam1989f-words#@mam1989f#2595.583#2595.844
494;можешь;мочь;VERB;_;Aspect=Imp|Mood=Ind|Number=Sing|Person=2|Tense=Pres|VerbForm=Fin|Voice=Act;_;_;_;@mam1989f-words#@mam1989f#2595.844#2596.105
495;там;там;ADV;_;Degree=Pos;_;_;_;@mam1989f-words#@mam1989f#2596.105#2596.366
496;поделиться;делиться;VERB;_;Aspect=Perf|VerbForm=Inf|Voice=Mid;_;_;_;@mam1989f-words#@mam1989f#2596.366#2596.627
497;вот;вот;PART;_;_;_;_;_;@mam1989f-words#@mam1989f#2596.627#2596.888
498;своей;свой;PRON;_;_;_;_;_;@mam1989f-words#@mam1989f#2596.888#2597.149
499;историей;история;NOUN;_;Animacy=Inan|Case=Ins|Gender=Fem|Number=Sing;_;_;_;@mam1989f-words#@mam1989f#2597.149#2597.41
500;про;про;ADP;_;_;_;_;_;@mam1989f-words#@mam1989f#2597.675#2597.855
501;я;я;PRON;_;Case=Nom|Number=Sing|Person=1;_;_;_;@mam1989f-words#@mam1989f#2597.855#2598.035
502;выше;выше;ADP;_;_;_;_;_;@mam1989f-words#@mam1989f#2598.035#2598.215
503;этого;это;PRON;_;Animacy=Inan|Case=Gen|Gender=Neut|Number=Sing;_;_;_;@mam1989f-words#@mam1989f#2598.215#2598.395
504;и;и;CCONJ;_;_;_;_;_;@mam1989f-words#@mam1989f#2598.49#2598.747
505;там;там;ADV;_;Degree=Pos;_;_;_;@mam1989f-words#@mam1989f#2598.747#2599.004
506;вот;вот;PART;_;_;_;_;_;@mam1989f-words#@mam1989f#2599.004#2599.261
507;ну;ну;INTJ;_;_;_;_;_;@mam1989f-words#@mam1989f#2599.261#2599.518
508;ответить;ответить;VERB;_;Aspect=Perf|VerbForm=Inf|Voice=Act;_;_;_;@mam1989f-words#@mam1989f#2599.518#2599.775
509;на;на;ADP;_;_;_;_;_;@mam1989f-words#@mam1989f#2599.775#2600.032
510;вопрос;вопрос;NOUN;_;Animacy=Inan|Case=Acc|Gender=Masc|Number=Sing;_;_;_;@mam1989f-words#@mam1989f#2600.032#2600.289
511;типа;тип;NOUN;_;Animacy=Inan|Case=Gen|Gender=Masc|Number=Sing;_;_;_;@mam1989f-words#@mam1989f#2600.289#2600.546
512;что;что;PRON;_;Case=Nom;_;_;_;@mam1989f-words#@mam1989f#2600.546#2600.803
513;такое;такой;DET;_;Case=Nom|Gender=Neut|Number=Sing;_;_;_;@mam1989f-words#@mam1989f#2600.803#2601.06
514;к;к;ADP;_;_;_;_;_;@mam1989f-words#@mam1989f#2601.06#2601.32
515;ш;ш;NOUN;_;Animacy=Inan|Case=Acc|Gender=Masc|Number=Sing;_;_;_;@mam1989f-words#@mam1989f#2601.43#2601.54
516;что;что;SCONJ;_;_;_;_;_;@mam1989f-words#@mam1989f#2601.63#2602.012
517;кто;кто;PRON;_;Case=Nom;_;_;_;@mam1989f-words#@mam1989f#2602.012#2602.394
518;такая;такой;DET;_;Case=Nom|Gender=Fem|Number=Sing;_;_;_;@mam1989f-words#@mam1989f#2602.394#2602.776
519;женщина;женщина;NOUN;_;Animacy=Anim|Case=Nom|Gender=Fem|Number=Sing;_;_;_;@mam1989f-words#@mam1989f#2602.776#2603.16
520;вот;вот;PART;_;_;_;_;_;@mam1989f-words#@mam1989f#2603.425#2603.729
521;в;в;ADP;_;_;_;_;_;@mam1989f-words#@mam1989f#2603.729#2604.033
522;современном;современный;ADJ;_;Case=Loc|Degree=Pos|Gender=Masc|Number=Sing;_;_;_;@mam1989f-words#@mam1989f#2604.033#2604.337
523;мире;мир;NOUN;_;Animacy=Inan|Case=Loc|Gender=Masc|Number=Sing;_;_;_;@mam1989f-words#@mam1989f#2604.337#2604.641
524;Я;я;PRON;_;Case=Nom|Number=Sing|Person=1;_;_;_;@mam1989f-words#@mam1989f#2604.641#2604.945
525;такая;такой;DET;_;Case=Nom|Gender=Fem|Number=Sing;_;_;_;@mam1989f-words#@mam1989f#2604.945#2605.249
526;Ну;ну;INTJ;_;_;_;_;_;@mam1989f-words#@mam1989f#2605.249#2605.553
527;ок;ок;NOUN;_;Animacy=Inan|Case=Acc|Gender=Masc|Number=Sing;_;_;_;@mam1989f-words#@mam1989f#2605.553#2605.86
528;Пошла;Пошл;VERB;_;Aspect=Perf|Gender=Fem|Mood=Ind|Number=Sing|Tense=Past|VerbForm=Fin|Voice=Act;_;_;_;@mam1989f-words#@mam1989f#2606.367#2606.757
529;рассказала;рассказать;VERB;_;Aspect=Perf|Gender=Fem|Mood=Ind|Number=Sing|Tense=Past|VerbForm=Fin|Voice=Act;_;_;_;@mam1989f-words#@mam1989f#2606.757#2607.147
530;все;все;PRON;_;Animacy=Inan|Case=Acc|Gender=Neut|Number=Sing;_;_;_;@mam1989f-words#@mam1989f#2607.147#2607.537
531;как;как;SCONJ;_;_;_;_;_;@mam1989f-words#@mam1989f#2607.537#2607.927
532;думала;думать;VERB;_;Aspect=Imp|Gender=Fem|Mood=Ind|Number=Sing|Tense=Past|VerbForm=Fin|Voice=Act;_;_;_;@mam1989f-words#@mam1989f#2607.927#2608.32
533;а;о;CCONJ;_;_;_;_;_;@mam1989f-words#@mam1989f#2608.412#2608.727
534;потом-м;потом-;NOUN;_;Animacy=Inan|Case=Ins|Gender=Neut|Number=Sing;_;_;_;@mam1989f-words#@mam1989f#2608.727#2609.042
535;посмотрела;смотреть;VERB;_;Aspect=Perf|Gender=Fem|Mood=Ind|Number=Sing|Tense=Past|VerbForm=Fin|Voice=Act;_;_;_;@mam1989f-words#@mam1989f#2609.408#2609.828
536;все—все;все—все;PRON;_;Animacy=Inan|Case=Acc|Gender=Neut|Number=Sing;_;_;_;@mam1989f-words#@mam1989f#2609.828#2610.248
537;и;и;CCONJ;_;_;_;_;_;@mam1989f-words#@mam1989f#2610.248#2610.668
538;вот;вот;PART;_;_;_;_;_;@mam1989f-words#@mam1989f#2610.668#2611.09
539;и;и;CCONJ;_;_;_;_;_;@mam1989f-words#@mam1989f#2611.214#2611.452
540;вот;вот;PART;_;_;_;_;_;@mam1989f-words#@mam1989f#2611.452#2611.69
541;да-а;да-а;INTJ;_;_;_;_;_;@mam1989f-words#@mam1989f#2611.69#2611.93
542;Такое;такой;DET;_;Case=Nom|Gender=Neut|Number=Sing;_;_;_;@mam1989f-words#@mam1989f#2612.087#2612.532
543;было;быть;VERB;_;Aspect=Imp|Gender=Neut|Mood=Ind|Number=Sing|Tense=Past|VerbForm=Fin|Voice=Act;_;_;_;@mam1989f-words#@mam1989f#2612.532#2612.977
544;#смеется#;#смеется#;NOUN;_;Animacy=Inan|Case=Gen|Gender=Fem|Number=Sing;_;_;_;@mam1989f-words#@mam1989f#2613.047#2613.247
545;Й-я;Й-я;INTJ;_;_;_;_;_;@mam1989f-words#@mam1989f#2615.768#2616.041
546;немножечко;немножко;ADV;_;Degree=Pos;_;_;_;@mam1989f-words#@mam1989f#2616.041#2616.314
547;не;не;PART;_;_;_;_;_;@mam1989f-words#@mam1989f#2616.314#2616.587
548;сама;сам;ADJ;_;Case=Nom|Degree=Pos|Gender=Fem|Number=Sing;_;_;_;@mam1989f-words#@mam1989f#2616.587#2616.86
549;ни;ни;INTJ;_;_;_;_;_;@mam1989f-words#@mam1989f#2617.343#2617.52
550;недопоняла;недопонять;VERB;_;Aspect=Imp|Gender=Fem|Mood=Ind|Number=Sing|Tense=Past|VerbForm=Fin|Voice=Act;_;_;_;@mam1989f-words#@mam1989f#2617.633#2618.4
551;это;это;PRON;_;Animacy=Inan|Case=Nom|Gender=Neut|Number=Sing;_;_;_;@mam1989f-words#@mam1989f#2618.533#2618.912
552;была;быть;VERB;_;Aspect=Imp|Gender=Fem|Mood=Ind|Number=Sing|Tense=Past|VerbForm=Fin|Voice=Act;_;_;_;@mam1989f-words#@mam1989f#2618.912#2619.291
553;какая-то;какой-то;DET;_;Case=Nom|Gender=Fem|Number=Sing;_;_;_;@mam1989f-words#@mam1989f#2619.291#2619.67
554;Ну;ну;INTJ;_;_;_;_;_;@mam1989f-words#@mam1989f#2619.85#2620.04
555;как;как;SCONJ;_;_;_;_;_;@mam1989f-words#@mam1989f#2620.123#2620.448
556;они;они;PRON;_;Case=Nom|Number=Plur|Person=3;_;_;_;@mam1989f-words#@mam1989f#2620.448#2620.773
557;меня;я;PRON;_;Case=Acc|Number=Sing|Person=1;_;_;_;@mam1989f-words#@mam1989f#2620.773#2621.098
558;уверяли;уверять;VERB;_;Aspect=Imp|Mood=Ind|Number=Plur|Tense=Past|VerbForm=Fin|Voice=Act;_;_;_;@mam1989f-words#@mam1989f#2621.098#2621.423
559;что;что;SCONJ;_;_;_;_;_;@mam1989f-words#@mam1989f#2621.423#2621.748
560;это;это;PRON;_;Animacy=Inan|Case=Nom|Gender=Neut|Number=Sing;_;_;_;@mam1989f-words#@mam1989f#2621.748#2622.073
561;ни;ни;PART;_;_;_;_;_;@mam1989f-words#@mam1989f#2622.073#2622.4
562;Пнимашь;Пнимать;VERB;_;Aspect=Perf|Mood=Ind|Number=Sing|Person=2|Tense=Fut|VerbForm=Fin|Voice=Act;_;_;_;@mam1989f-words#@mam1989f#2623.296#2623.581
563;я;я;PRON;_;Case=Nom|Number=Sing|Person=1;_;_;_;@mam1989f-words#@mam1989f#2623.581#2623.866
564;очень;очень;ADV;_;Degree=Pos;_;_;_;@mam1989f-words#@mam1989f#2623.866#2624.151
565;сейчас;сейчас;ADV;_;Degree=Pos;_;_;_;@mam1989f-words#@mam1989f#2624.151#2624.436
566;аккуратно;аккуратно;ADV;_;Degree=Pos;_;_;_;@mam1989f-words#@mam1989f#2624.436#2624.721
567;отношусь;относиться;VERB;_;Aspect=Imp|Mood=Ind|Number=Sing|Person=1|Tense=Pres|VerbForm=Fin|Voice=Mid;_;_;_;@mam1989f-words#@mam1989f#2624.721#2625.006
568;к;к;ADP;_;_;_;_;_;@mam1989f-words#@mam1989f#2625.006#2625.291
569;теме;тема;NOUN;_;Animacy=Inan|Case=Dat|Gender=Fem|Number=Sing;_;_;_;@mam1989f-words#@mam1989f#2625.291#2625.576
570;феминизма;феминизм;NOUN;_;Animacy=Inan|Case=Gen|Gender=Masc|Number=Sing;_;_;_;@mam1989f-words#@mam1989f#2625.576#2625.861
571;в;в;ADP;_;_;_;_;_;@mam1989f-words#@mam1989f#2625.861#2626.146
572;России;Россия;NOUN;_;Animacy=Inan|Case=Loc|Gender=Fem|Number=Sing;_;_;_;@mam1989f-words#@mam1989f#2626.146#2626.44
573;Потому;Потому;CCONJ;_;_;_;_;_;@mam1989f-words#@mam1989f#2626.951#2627.085
574;что;что;SCONJ;_;_;_;_;_;@mam1989f-words#@mam1989f#2627.085#2627.219
575;тема;тема;NOUN;_;Animacy=Inan|Case=Nom|Gender=Fem|Number=Sing;_;_;_;@mam1989f-words#@mam1989f#2627.219#2627.353
576;в;в;_;_;_;_;_;_;@mam1989f-words#@mam1989f#2627.353#2627.49
577;фт;фт;_;_;_;_;_;_;@mam1989f-words#@mam1989f#2627.49#2627.7
578;тема;тема;NOUN;_;Animacy=Inan|Case=Nom|Gender=Fem|Number=Sing;_;_;_;@mam1989f-words#@mam1989f#2627.731#2628.005
579;феминизма;феминизм;NOUN;_;Animacy=Inan|Case=Gen|Gender=Masc|Number=Sing;_;_;_;@mam1989f-words#@mam1989f#2628.005#2628.279
580;в;в;ADP;_;_;_;_;_;@mam1989f-words#@mam1989f#2628.279#2628.553
581;России;Россия;PROPN;_;Animacy=Inan|Case=Loc|Gender=Fem|Number=Sing;_;_;_;@mam1989f-words#@mam1989f#2628.553#2628.83
582;это;этот;PRON;_;Animacy=Inan|Case=Nom|Gender=Neut|Number=Sing;_;_;_;@mam1989f-words#@mam1989f#2629.201#2629.561
583;ага;ага;INTJ;_;_;_;_;_;@mam1989f-words#@mam1989f#2629.561#2629.921
584;огромная;огромный;ADJ;_;Case=Nom|Degree=Pos|Gender=Fem|Number=Sing;_;_;_;@mam1989f-words#@mam1989f#2629.921#2630.281
585;большая;большой;ADJ;_;Case=Nom|Degree=Pos|Gender=Fem|Number=Sing;_;_;_;@mam1989f-words#@mam1989f#2630.281#2630.641
586;вообще;вообще;ADV;_;Degree=Pos;_;_;_;@mam1989f-words#@mam1989f#2630.826#2631.45
587;неправильная;неправильный;ADJ;_;Case=Nom|Degree=Pos|Gender=Fem|Number=Sing;_;_;_;@mam1989f-words#@mam1989f#2631.45#2632.074
588;история;история;NOUN;_;Animacy=Inan|Case=Nom|Gender=Fem|Number=Sing;_;_;_;@mam1989f-words#@mam1989f#2632.074#2632.7
589;То;То;CCONJ;_;_;_;_;_;@mam1989f-words#@mam1989f#2632.828#2633.2
590;есть;быть;CCONJ;_;_;_;_;_;@mam1989f-words#@mam1989f#2633.2#2633.572
591;это;это;PRON;_;Animacy=Inan|Case=Nom|Gender=Neut|Number=Sing;_;_;_;@mam1989f-words#@mam1989f#2633.572#2633.944
592;полностью;полностью;ADV;_;Degree=Pos;_;_;_;@mam1989f-words#@mam1989f#2633.944#2634.316
593;дискредитированная;дискредитировать;VERB;_;Aspect=Perf|Case=Nom|Gender=Fem|Number=Sing|Tense=Past|VerbForm=Part|Voice=Pass;_;_;_;@mam1989f-words#@mam1989f#2634.316#2634.688
594;история;история;NOUN;_;Animacy=Inan|Case=Nom|Gender=Fem|Number=Sing;_;_;_;@mam1989f-words#@mam1989f#2634.688#2635.06
595;потому;потому;CCONJ;_;_;_;_;_;@mam1989f-words#@mam1989f#2635.06#2635.432
596;как;как;SCONJ;_;_;_;_;_;@mam1989f-words#@mam1989f#2635.432#2635.804
597;э;э;INTJ;_;_;_;_;_;@mam1989f-words#@mam1989f#2635.804#2636.18
598;Сами;сам;ADJ;_;Case=Nom|Degree=Pos|Number=Plur;_;_;_;@mam1989f-words#@mam1989f#2636.968#2637.316
599;же;же;PART;_;_;_;_;_;@mam1989f-words#@mam1989f#2637.316#2637.664
600;женщины;женщина;NOUN;_;Animacy=Anim|Case=Nom|Gender=Fem|Number=Plur;_;_;_;@mam1989f-words#@mam1989f#2637.664#2638.012
601;феминистки;феминистка;NOUN;_;Animacy=Anim|Case=Nom|Gender=Fem|Number=Sing;_;_;_;@mam1989f-words#@mam1989f#2638.012#2638.36
602;которые;который;DET;_;Case=Acc;_;_;_;@mam1989f-words#@mam1989f#2638.36#2638.708
603;хотели;хотеть;VERB;_;Aspect=Imp|Mood=Ind|Number=Plur|Tense=Past|VerbForm=Fin|Voice=Act;_;_;_;@mam1989f-words#@mam1989f#2638.708#2639.056
604;добра;добро;NOUN;_;Animacy=Anim|Case=Acc|Gender=Masc|Number=Sing;_;_;_;@mam1989f-words#@mam1989f#2639.056#2639.408
605;начудили;начудить;VERB;_;Aspect=Perf|Mood=Ind|Number=Plur|Tense=Past|VerbForm=Fin|Voice=Act;_;_;_;@mam1989f-words#@mam1989f#2639.763#2640.273
606;начудили;начудить;VERB;_;Aspect=Perf|Mood=Ind|Number=Plur|Tense=Past|VerbForm=Fin|Voice=Act;_;_;_;@mam1989f-words#@mam1989f#2640.343#2640.733
607;И;и;CCONJ;_;_;_;_;_;@mam1989f-words#@mam1989f#2640.963#2641.28
608;люди;человек;NOUN;_;Animacy=Anim|Case=Nom|Gender=Masc|Number=Plur;_;_;_;@mam1989f-words#@mam1989f#2641.28#2641.597
609;которые;который;DET;_;Case=Nom;_;_;_;@mam1989f-words#@mam1989f#2641.597#2641.914
610;посмотрели;смотреть;VERB;_;Aspect=Perf|Mood=Ind|Number=Plur|Tense=Past|VerbForm=Fin|Voice=Act;_;_;_;@mam1989f-words#@mam1989f#2641.914#2642.231
611;вот;вот;PART;_;_;_;_;_;@mam1989f-words#@mam1989f#2642.231#2642.548
612;на;на;ADP;_;_;_;_;_;@mam1989f-words#@mam1989f#2642.548#2642.865
613;это;это;DET;_;Animacy=Inan|Case=Acc|Gender=Neut|Number=Sing;_;_;_;@mam1989f-words#@mam1989f#2642.865#2643.182
614;все;весь;DET;_;Case=Nom|Number=Plur;_;_;_;@mam1989f-words#@mam1989f#2643.182#2643.503
615;они;они;PRON;_;Case=Nom|Number=Plur|Person=3;_;_;_;@mam1989f-words#@mam1989f#2643.568#2643.954
616;стали;стать;VERB;_;Aspect=Perf|Mood=Ind|Number=Plur|Tense=Past|VerbForm=Fin|Voice=Mid;_;_;_;@mam1989f-words#@mam1989f#2643.954#2644.34
617;очень;очень;ADV;_;Degree=Pos;_;_;_;@mam1989f-words#@mam1989f#2644.34#2644.726
618;плохо;плохо;ADV;_;Degree=Pos;_;_;_;@mam1989f-words#@mam1989f#2644.726#2645.112
619;относиться;относиться;VERB;_;Aspect=Imp|VerbForm=Inf|Voice=Mid;_;_;_;@mam1989f-words#@mam1989f#2645.112#2645.498
620;ко;к;ADP;_;_;_;_;_;@mam1989f-words#@mam1989f#2645.498#2645.884
621;всем;весь;DET;_;Case=Dat|Number=Plur;_;_;_;@mam1989f-words#@mam1989f#2645.884#2646.27
622;проивремени;проивременя;X;_;_;_;_;_;@mam1989f-words#@mam1989f#2646.27#2646.66
623;проявлениям;проявление;NOUN;_;Animacy=Inan|Case=Dat|Gender=Neut|Number=Plur;_;_;_;@mam1989f-words#@mam1989f#2646.698#2647.283
624;феминизма;феминизм;NOUN;_;Animacy=Inan|Case=Gen|Gender=Masc|Number=Sing;_;_;_;@mam1989f-words#@mam1989f#2647.283#2647.868
625;которые;который;DET;_;Case=Acc;_;_;_;@mam1989f-words#@mam1989f#2647.868#2648.453
626;правильные;правильный;ADJ;_;Case=Nom|Degree=Pos|Number=Plur;_;_;_;@mam1989f-words#@mam1989f#2648.453#2649.04
627;которые;который;DET;_;Case=Nom;_;_;_;@mam1989f-words#@mam1989f#2649.103#2649.405
628;должны;должен;ADJ;_;Degree=Pos|Number=Plur|Variant=Short;_;_;_;@mam1989f-words#@mam1989f#2649.405#2649.707
629;быть;быть;AUX;_;Aspect=Imp|VerbForm=Inf|Voice=Act;_;_;_;@mam1989f-words#@mam1989f#2649.707#2650.01
630;то;то;PRON;_;Animacy=Inan|Case=Nom|Gender=Neut|Number=Sing;_;_;_;@mam1989f-words#@mam1989f#2650.141#2650.495
631;есть;быть;VERB;_;Aspect=Imp|Mood=Ind|Number=Sing|Person=3|Tense=Pres|VerbForm=Fin|Voice=Act;_;_;_;@mam1989f-words#@mam1989f#2650.495#2650.849
632;феминизм;феминизм;NOUN;_;Animacy=Inan|Case=Nom|Gender=Masc|Number=Sing;_;_;_;@mam1989f-words#@mam1989f#2650.849#2651.203
633;это;это;PRON;_;Animacy=Inan|Case=Nom|Gender=Neut|Number=Sing;_;_;_;@mam1989f-words#@mam1989f#2651.203#2651.557
634;нормально;нормально;ADV;_;Degree=Pos;_;_;_;@mam1989f-words#@mam1989f#2651.557#2651.911
635;и;и;PART;_;_;_;_;_;@mam1989f-words#@mam1989f#2651.911#2652.265
636;я;я;PRON;_;Case=Nom|Number=Sing|Person=1;_;_;_;@mam1989f-words#@mam1989f#2652.265#2652.619
637;считаю;считать;VERB;_;Aspect=Imp|Mood=Ind|Number=Sing|Person=1|Tense=Pres|VerbForm=Fin|Voice=Act;_;_;_;@mam1989f-words#@mam1989f#2652.619#2652.973
638;единственно;единственно;PART;_;_;_;_;_;@mam1989f-words#@mam1989f#2652.973#2653.327
639;правильная;правильный;ADJ;_;Case=Nom|Degree=Pos|Gender=Fem|Number=Sing;_;_;_;@mam1989f-words#@mam1989f#2653.327#2653.681
640;следующая;следующий;ADJ;_;Case=Nom|Degree=Pos|Gender=Fem|Number=Sing;_;_;_;@mam1989f-words#@mam1989f#2653.681#2654.035
641;ступень;ступень;NOUN;_;Animacy=Inan|Case=Nom|Gender=Fem|Number=Sing;_;_;_;@mam1989f-words#@mam1989f#2654.035#2654.389
642;нашего;наш;DET;_;Case=Gen|Gender=Neut|Number=Sing;_;_;_;@mam1989f-words#@mam1989f#2654.389#2654.743
643;общества;общество;NOUN;_;Animacy=Inan|Case=Gen|Gender=Neut|Number=Sing;_;_;_;@mam1989f-words#@mam1989f#2654.743#2655.11
644;Но;но;CCONJ;_;_;_;_;_;@mam1989f-words#@mam1989f#2656.06#2656.37
645;сука;сука;NOUN;_;Animacy=Anim|Case=Nom|Gender=Fem|Number=Sing;_;_;_;@mam1989f-words#@mam1989f#2656.37#2656.68
646;Почему;почему;ADV;_;Degree=Pos;_;_;_;@mam1989f-words#@mam1989f#2656.68#2656.99
647;все;все;PRON;_;Animacy=Inan|Case=Nom|Gender=Neut|Number=Sing;_;_;_;@mam1989f-words#@mam1989f#2656.99#2657.3
648;так-то;так-то;DET;_;_;_;_;_;@mam1989f-words#@mam1989f#2657.3#2657.61
649;криво;криво;ADJ;_;Degree=Pos|Gender=Neut|Number=Sing|Variant=Short;_;_;_;@mam1989f-words#@mam1989f#2657.61#2657.92
650;у;у;ADP;_;_;_;_;_;@mam1989f-words#@mam1989f#2657.92#2658.23
651;нас;мы;PRON;_;Case=Gen|Number=Plur|Person=1;_;_;_;@mam1989f-words#@mam1989f#2658.23#2658.54
652;Угу-у;Угу-;_;_;_;_;_;_;@mam1989f-words#@mam1989f#2663.862#2664.272
653;Да;Да;INTJ;_;_;_;_;_;@mam1989f-words#@mam1989f#2675.561#2675.851
654;Угу;Уга;_;_;_;_;_;_;@mam1989f-words#@mam1989f#2690.885#2691.2
655;Угу-;Угу-;_;_;_;_;_;_;@mam1989f-words#@mam1989f#2700.765#2701.01
656;угу;уга;_;_;_;_;_;_;@mam1989f-words#@mam1989f#2701.01#2701.255
657;#смеется#;#смеется#;X;_;_;_;_;_;@mam1989f-words#@mam1989f#2710.002#2710.592
658;#смеется#;#смеется#;X;_;_;_;_;_;@mam1989f-words#@mam1989f#2712.092#2712.642
659;Вот;вот;PART;_;_;_;_;_;@mam1989f-words#@mam1989f#2718.802#2719.102
660;это;это;PRON;_;Animacy=Inan|Case=Nom|Gender=Neut|Number=Sing;_;_;_;@mam1989f-words#@mam1989f#2719.102#2719.402
661;жесть;жесть;VERB;_;Aspect=Perf|VerbForm=Inf|Voice=Act;_;_;_;@mam1989f-words#@mam1989f#2719.402#2719.702
662;Это;это;PRON;_;Animacy=Inan|Case=Nom|Gender=Neut|Number=Sing;_;_;_;@mam1989f-words#@mam1989f#2728.696#2729.035
663;вообще;вообще;ADV;_;Degree=Pos;_;_;_;@mam1989f-words#@mam1989f#2729.035#2729.374
664;отдельная;отдельный;ADJ;_;Case=Nom|Degree=Pos|Gender=Fem|Number=Sing;_;_;_;@mam1989f-words#@mam1989f#2729.374#2729.713
665;тема;тема;NOUN;_;Animacy=Inan|Case=Nom|Gender=Fem|Number=Sing;_;_;_;@mam1989f-words#@mam1989f#2729.713#2730.052
666;Не;не;PART;_;_;_;_;_;@mam1989f-words#@mam1989f#2730.052#2730.391
667;могу;мочь;VERB;_;Aspect=Imp|Mood=Ind|Number=Sing|Person=1|Tense=Pres|VerbForm=Fin|Voice=Act;_;_;_;@mam1989f-words#@mam1989f#2730.391#2730.73
668;Но;но;CCONJ;_;_;_;_;_;@mam1989f-words#@mam1989f#2732.543#2732.766
669;мне;я;PRON;_;Case=Dat|Number=Sing|Person=1;_;_;_;@mam1989f-words#@mam1989f#2732.766#2732.989
670;один;один;NUM;_;Animacy=Inan|Case=Acc|Gender=Masc;_;_;_;@mam1989f-words#@mam1989f#2732.989#2733.212
671;чувак;чувак;NOUN;_;Animacy=Inan|Case=Acc|Gender=Masc|Number=Sing;_;_;_;@mam1989f-words#@mam1989f#2733.212#2733.435
672;заявил;заявить;VERB;_;Aspect=Perf|Gender=Masc|Mood=Ind|Number=Sing|Tense=Past|VerbForm=Fin|Voice=Act;_;_;_;@mam1989f-words#@mam1989f#2733.435#2733.66
673;Ну;ну;INTJ;_;_;_;_;_;@mam1989f-words#@mam1989f#2733.686#2733.951
674;вы;вы;PRON;_;Case=Nom|Number=Plur|Person=2;_;_;_;@mam1989f-words#@mam1989f#2733.951#2734.216
675;же;же;PART;_;_;_;_;_;@mam1989f-words#@mam1989f#2734.216#2734.481
676;можете;мочь;VERB;_;Aspect=Imp|Mood=Ind|Number=Plur|Person=2|Tense=Pres|VerbForm=Fin|Voice=Act;_;_;_;@mam1989f-words#@mam1989f#2734.481#2734.746
677;голосовать;голосовать;VERB;_;Aspect=Imp|VerbForm=Inf|Voice=Act;_;_;_;@mam1989f-words#@mam1989f#2734.746#2735.011
678;#смеется#;#смеется#;X;_;_;_;_;_;@mam1989f-words#@mam1989f#2735.011#2735.28
679;на;на;ADP;_;_;_;_;_;@mam1989f-words#@mam1989f#2735.94#2736.205
680;вопрос;вопрос;NOUN;_;Animacy=Inan|Case=Acc|Gender=Masc|Number=Sing;_;_;_;@mam1989f-words#@mam1989f#2736.205#2736.47
681;про;про;ADP;_;_;_;_;_;@mam1989f-words#@mam1989f#2736.47#2736.735
682;феминизм;феминизм;NOUN;_;Animacy=Inan|Case=Acc|Gender=Masc|Number=Sing;_;_;_;@mam1989f-words#@mam1989f#2736.735#2737.0
683;Я;я;PRON;_;Case=Nom|Number=Sing|Person=1;_;_;_;@mam1989f-words#@mam1989f#2737.035#2737.241
684;думаю;думать;VERB;_;Aspect=Imp|Mood=Ind|Number=Sing|Person=1|Tense=Pres|VerbForm=Fin|Voice=Act;_;_;_;@mam1989f-words#@mam1989f#2737.241#2737.447
685;ш;ш;_;_;_;_;_;_;@mam1989f-words#@mam1989f#2737.447#2737.653
686;что-о;что-о;SCONJ;_;_;_;_;_;@mam1989f-words#@mam1989f#2738.271#2738.477
687;#смеется#;#смеется#;X;_;_;_;_;_;@mam1989f-words#@mam1989f#2738.477#2738.685
688;Угу;Уга;INTJ;_;_;_;_;_;@mam1989f-words#@mam1989f#2746.359#2746.709
689;#смеется#;#смеется#;X;_;X;_;_;_;@mam1989f-words#@mam1989f#2748.859#2749.569
690;Это;это;PRON;_;Animacy=Inan|Case=Nom|Gender=Neut|Number=Sing;_;_;_;@mam1989f-words#@mam1989f#2766.383#2766.719
691;вот;вот;PART;_;_;_;_;_;@mam1989f-words#@mam1989f#2766.719#2767.055
692;вообще;вообще;ADV;_;Degree=Pos;_;_;_;@mam1989f-words#@mam1989f#2767.055#2767.393
693;Режиссерка;Режиссер;NOUN;_;Animacy=Inan|Case=Nom|Gender=Fem|Number=Sing;_;_;_;@mam1989f-words#@mam1989f#2774.195#2774.91
694;Это;это;PRON;_;Animacy=Inan|Case=Nom|Gender=Neut|Number=Sing;_;_;_;@mam1989f-words#@mam1989f#2805.605#2805.874
695;очень;очень;ADV;_;Degree=Pos;_;_;_;@mam1989f-words#@mam1989f#2805.874#2806.143
696;правильно;правильно;ADV;_;Degree=Pos;_;_;_;@mam1989f-words#@mam1989f#2806.143#2806.412
697;ты;ты;PRON;_;Case=Nom|Number=Sing|Person=2;_;_;_;@mam1989f-words#@mam1989f#2806.412#2806.681
698;э;э;INTJ;_;_;_;_;_;@mam1989f-words#@mam1989f#2806.681#2806.95
699;сравнил;сравнить;VERB;_;Aspect=Perf|Gender=Masc|Mood=Ind|Number=Sing|Tense=Past|VerbForm=Fin|Voice=Act;_;_;_;@mam1989f-words#@mam1989f#2807.025#2807.51
700;похоже;похожий;ADV;_;Degree=Pos;_;_;_;@mam1989f-words#@mam1989f#2807.632#2808.059
701;на;на;ADP;_;_;_;_;_;@mam1989f-words#@mam1989f#2808.059#2808.486
702;правду;правда;NOUN;_;Animacy=Inan|Case=Acc|Gender=Fem|Number=Sing;_;_;_;@mam1989f-words#@mam1989f#2808.486#2808.913
703;но;но;CCONJ;_;_;_;_;_;@mam1989f-words#@mam1989f#2808.913#2809.34
704;я;я;PRON;_;Case=Nom|Number=Sing|Person=1;_;_;_;@mam1989f-words#@mam1989f#2809.34#2809.77
705;Щас;Сейчас;ADV;_;Degree = Pos;_;_;_;@mam1989f-words#@mam1989f#2810.51#2810.914
706;я;я;PRON;_;Case=Nom|Number=Sing|Person=1;_;_;_;@mam1989f-words#@mam1989f#2810.914#2811.318
707;вспомнила;вспомнить;VERB;_;Aspect=Perf|Gender=Fem|Mood=Ind|Number=Sing|Tense=Past|VerbForm=Fin|Voice=Act;_;_;_;@mam1989f-words#@mam1989f#2811.318#2811.722
708;случай;случай;NOUN;_;Animacy=Inan|Case=Acc|Gender=Masc|Number=Sing;_;_;_;@mam1989f-words#@mam1989f#2811.722#2812.126
709;когда-а;когда;SCONJ;_;Animacy=Anim|Case=Gen|Gender=Masc|Number=Sing;_;_;_;@mam1989f-words#@mam1989f#2812.126#2812.53
710;в;в;ADP;_;_;_;_;_;@mam1989f-words#@mam1989f#2812.53#2812.934
711;какой-то;какой-то;DET;_;Case=Loc|Gender=Fem|Number=Sing;_;_;_;@mam1989f-words#@mam1989f#2812.934#2813.338
712;ф-фемкафе;ф-фемкафе;NOUN;_;Animacy=Inan|Case=Loc|Gender=Fem|Number=Sing;_;_;_;@mam1989f-words#@mam1989f#2813.338#2813.742
713;или;или;CCONJ;_;_;_;_;_;@mam1989f-words#@mam1989f#2813.742#2814.146
714;какой-то;какой-то;DET;_;Case=Nom|Gender=Masc|Number=Sing;_;_;_;@mam1989f-words#@mam1989f#2814.146#2814.55
715;там;там;DET;_;_;_;_;_;@mam1989f-words#@mam1989f#2814.55#2814.954
716;коворкинг;коворкинг;NOUN;_;Animacy=Inan|Case=Nom|Gender=Masc|Number=Sing;_;_;_;@mam1989f-words#@mam1989f#2814.954#2815.36
717;для;для;ADP;_;_;_;_;_;@mam1989f-words#@mam1989f#2816.1#2816.48
718;женщин;женщина;NOUN;_;Animacy=Anim|Case=Gen|Gender=Fem|Number=Plur;_;_;_;@mam1989f-words#@mam1989f#2816.48#2816.86
719;а-м;а-м;INTJ;_;_;_;_;_;@mam1989f-words#@mam1989f#2816.88#2817.166
720;пришли;прийти;VERB;_;Aspect=Perf|Mood=Ind|Number=Plur|Tense=Past|VerbForm=Fin|Voice=Act;_;_;_;@mam1989f-words#@mam1989f#2817.166#2817.452
721;чуваки;чувак;NOUN;_;Animacy=Inan|Case=Acc|Gender=Masc|Number=Plur;_;_;_;@mam1989f-words#@mam1989f#2817.452#2817.738
722;на;на;ADP;_;_;_;_;_;@mam1989f-words#@mam1989f#2817.738#2818.024
723;восьмое;восьмой;ADJ;_;Case=Acc|Degree=Pos|Gender=Neut|Number=Sing;_;_;_;@mam1989f-words#@mam1989f#2818.024#2818.31
724;марта;март;NOUN;_;Animacy=Inan|Case=Gen|Gender=Masc|Number=Sing;_;_;_;@mam1989f-words#@mam1989f#2818.31#2818.596
725;с;с;ADP;_;_;_;_;_;@mam1989f-words#@mam1989f#2818.596#2818.882
726;цветами;цветы;NOUN;_;Animacy=Inan|Case=Ins|Gender=Masc|Number=Plur;_;_;_;@mam1989f-words#@mam1989f#2818.882#2819.17
727;И;и;CCONJ;_;_;_;_;_;@mam1989f-words#@mam1989f#2820.33#2820.635
728;как;как;ADV;_;Degree=Pos;_;_;_;@mam1989f-words#@mam1989f#2820.635#2820.94
729;после;после;ADP;_;_;_;_;_;@mam1989f-words#@mam1989f#2820.94#2821.245
730;этого;это;PRON;_;Animacy=Inan|Case=Gen|Gender=Neut|Number=Sing;_;_;_;@mam1989f-words#@mam1989f#2821.245#2821.55
731;подняли;поднять;VERB;_;Aspect=Perf|Mood=Ind|Number=Plur|Tense=Past|VerbForm=Fin|Voice=Act;_;_;_;@mam1989f-words#@mam1989f#2821.55#2821.855
732;бучу;буча;NOUN;_;Animacy=Inan|Case=Acc|Gender=Fem|Number=Sing;_;_;_;@mam1989f-words#@mam1989f#2821.855#2822.16
733;о;о;ADP;_;_;_;_;_;@mam1989f-words#@mam1989f#2822.16#2822.465
734;том;то;DET;_;Case=Loc|Gender=Neut|Number=Sing;_;_;_;@mam1989f-words#@mam1989f#2822.465#2822.77
735;что;что;SCONJ;_;_;_;_;_;@mam1989f-words#@mam1989f#2822.77#2823.075
736;эти;этот;DET;_;Case=Nom|Number=Plur;_;_;_;@mam1989f-words#@mam1989f#2823.075#2823.38
737;феминистки;феминистка;NOUN;_;Animacy=Inan|Case=Nom|Gender=Masc|Number=Plur;_;_;_;@mam1989f-words#@mam1989f#2823.38#2823.69
738;просто;просто;PART;_;_;_;_;_;@mam1989f-words#@mam1989f#2823.75#2824.36
739;д-до;д-до;INTJ;_;_;_;_;_;@mam1989f-words#@mam1989f#2824.36#2824.97
740;долбаные;долбаный;ADJ;_;Case=Nom|Degree=Pos|Number=Plur;_;_;_;@mam1989f-words#@mam1989f#2825.155#2825.444
741;в;в;ADP;_;_;_;_;_;@mam1989f-words#@mam1989f#2825.444#2825.733
742;голову;голова;NOUN;_;Animacy=Inan|Case=Acc|Gender=Fem|Number=Sing;_;_;_;@mam1989f-words#@mam1989f#2825.733#2826.022
743;как;как;SCONJ;_;_;_;_;_;@mam1989f-words#@mam1989f#2826.022#2826.311
744;они;они;PRON;_;Case=Nom|Number=Plur|Person=3;_;_;_;@mam1989f-words#@mam1989f#2826.311#2826.6
745;их;они;PRON;_;Case=Acc|Number=Plur|Person=3;_;_;_;@mam1989f-words#@mam1989f#2826.6#2826.889
746;выгнили;выгнать;VERB;_;Aspect=Perf|Mood=Ind|Number=Plur|Tense=Past|VerbForm=Fin|Voice=Act;_;_;_;@mam1989f-words#@mam1989f#2826.889#2827.178
747;перцовым;перцовый;ADJ;_;Case=Ins|Degree=Pos|Gender=Masc|Number=Sing;_;_;_;@mam1989f-words#@mam1989f#2827.178#2827.467
748;баллоном;баллон;NOUN;_;Animacy=Inan|Case=Ins|Gender=Masc|Number=Sing;_;_;_;@mam1989f-words#@mam1989f#2827.467#2827.756
749;поливали;поливать;VERB;_;Aspect=Imp|Mood=Ind|Number=Plur|Tense=Past|VerbForm=Fin|Voice=Act;_;_;_;@mam1989f-words#@mam1989f#2827.756#2828.05
750;Ну;ну;INTJ;_;_;_;_;_;@mam1989f-words#@mam1989f#2828.085#2828.408
751;это;это;PRON;_;Animacy=Inan|Case=Acc|Gender=Neut|Number=Sing;_;_;_;@mam1989f-words#@mam1989f#2828.408#2828.731
752;ж;же;PART;_;_;_;_;_;@mam1989f-words#@mam1989f#2828.731#2829.054
753;была;быть;VERB;_;Aspect=Imp|Gender=Fem|Mood=Ind|Number=Sing|Tense=Past|VerbForm=Fin|Voice=Act;_;_;_;@mam1989f-words#@mam1989f#2829.054#2829.377
754;провокация;провокация;NOUN;_;Animacy=Inan|Case=Nom|Gender=Fem|Number=Sing;_;_;_;@mam1989f-words#@mam1989f#2829.377#2829.7
755;Это;это;PART;_;_;_;_;_;@mam1989f-words#@mam1989f#2829.755#2830.074
756;же;же;PART;_;_;_;_;_;@mam1989f-words#@mam1989f#2830.074#2830.393
757;была;быть;VERB;_;Aspect=Imp|Gender=Fem|Mood=Ind|Number=Sing|Tense=Past|VerbForm=Fin|Voice=Act;_;_;_;@mam1989f-words#@mam1989f#2830.393#2830.712
758;такая;такой;DET;_;Case=Nom|Gender=Fem|Number=Sing;_;_;_;@mam1989f-words#@mam1989f#2830.712#2831.031
759;дешевая;дешевый;ADJ;_;Case=Nom|Degree=Pos|Gender=Fem|Number=Sing;_;_;_;@mam1989f-words#@mam1989f#2831.031#2831.35
760;провокация;провокация;NOUN;_;Animacy=Inan|Case=Nom|Gender=Fem|Number=Sing;_;_;_;@mam1989f-words#@mam1989f#2831.35#2831.67
761;ну;ну;INTJ;_;_;_;_;_;@mam1989f-words#@mam1989f#2832.06#2832.313
762;как;как;ADV;_;Degree=Pos;_;_;_;@mam1989f-words#@mam1989f#2832.313#2832.566
763;бы;бы;AUX;_;_;_;_;_;@mam1989f-words#@mam1989f#2832.566#2832.82
764;зачем;зачем;ADV;_;Degree=Pos;_;_;_;@mam1989f-words#@mam1989f#2833.715#2834.076
765;ну;ну;INTJ;_;_;_;_;_;@mam1989f-words#@mam1989f#2834.076#2834.437
766;вот-вот;вот-вот;ADV;_;Degree=Pos;_;_;_;@mam1989f-words#@mam1989f#2834.437#2834.8
767;Уже;уже;ADV;_;Degree=Pos;_;_;_;@mam1989f-words#@mam1989f#2834.945#2835.237
768;понимаешь;понимать;VERB;_;Aspect=Imp|Mood=Ind|Number=Sing|Person=2|Tense=Pres|VerbForm=Fin|Voice=Act;_;_;_;@mam1989f-words#@mam1989f#2835.237#2835.529
769;их;они;PRON;_;Case=Acc|Number=Plur|Person=3;_;_;_;@mam1989f-words#@mam1989f#2835.529#2835.821
770;тюкают;тюкать;VERB;_;Aspect=Imp|Mood=Ind|Number=Plur|Person=3|Tense=Pres|VerbForm=Fin|Voice=Act;_;_;_;@mam1989f-words#@mam1989f#2835.821#2836.113
771;уже;уже;ADV;_;Degree=Pos;_;_;_;@mam1989f-words#@mam1989f#2836.113#2836.405
772;их;они;PRON;_;Case=Acc|Number=Plur|Person=3;_;_;_;@mam1989f-words#@mam1989f#2836.405#2836.697
773;троллят;троллить;VERB;_;Aspect=Imp|Mood=Ind|Number=Plur|Person=3|Tense=Pres|VerbForm=Fin|Voice=Act;_;_;_;@mam1989f-words#@mam1989f#2836.697#2836.99
774;уже;уже;ADV;_;Degree=Pos;_;_;_;@mam1989f-words#@mam1989f#2837.482#2837.821
775;их;они;PRON;_;Case=Acc|Number=Plur|Person=3;_;_;_;@mam1989f-words#@mam1989f#2837.821#2838.16
776;специально;специально;ADV;_;Degree=Pos;_;_;_;@mam1989f-words#@mam1989f#2838.16#2838.499
777;какой-то;какой-то;DET;_;Case=Ins|Gender=Fem|Number=Sing;_;_;_;@mam1989f-words#@mam1989f#2838.499#2838.838
778;палкой;палкий;NOUN;_;Animacy=Inan|Case=Ins|Gender=Fem|Number=Sing;_;_;_;@mam1989f-words#@mam1989f#2838.838#2839.18
779;блин;блин;NOUN;_;Animacy=Inan|Case=Gen|Gender=Fem|Number=Plur;_;_;_;@mam1989f-words#@mam1989f#2839.356#2839.653
780;э;э;INTJ;_;_;_;_;_;@mam1989f-words#@mam1989f#2839.653#2839.95
781;кс;кс;NOUN;_;Animacy=Inan|Case=Acc|Gender=Masc|Number=Sing;_;_;_;@mam1989f-words#@mam1989f#2840.028#2840.248
782;как;как;SCONJ;_;_;_;_;_;@mam1989f-words#@mam1989f#2840.523#2840.807
783;собакам;собака;NOUN;_;Animacy=Anim|Case=Dat|Gender=Masc|Number=Plur;_;_;_;@mam1989f-words#@mam1989f#2840.807#2841.091
784;кидают;кидать;VERB;_;Aspect=Imp|Mood=Ind|Number=Plur|Person=3|Tense=Pres|VerbForm=Fin|Voice=Act;_;_;_;@mam1989f-words#@mam1989f#2841.091#2841.375
785;чтобы;чтобы;SCONJ;_;Mood=Cnd;_;_;_;@mam1989f-words#@mam1989f#2841.375#2841.659
786;они;они;PRON;_;Case=Nom|Number=Plur|Person=3;_;_;_;@mam1989f-words#@mam1989f#2841.659#2841.943
787;вот;вот;PART;_;_;_;_;_;@mam1989f-words#@mam1989f#2841.943#2842.227
788;реагировали;реагировать;VERB;_;Aspect=Imp|Mood=Ind|Number=Plur|Tense=Past|VerbForm=Fin|Voice=Act;_;_;_;@mam1989f-words#@mam1989f#2842.227#2842.511
789;а;а;CCONJ;_;_;_;_;_;@mam1989f-words#@mam1989f#2842.511#2842.795
790;че;что;PRON;_;Case=Nom;_;_;_;@mam1989f-words#@mam1989f#2842.795#2843.079
791;не;не;PART;_;_;_;_;_;@mam1989f-words#@mam1989f#2843.079#2843.363
792;быть;быть;AUX;_;Aspect=Imp|VerbForm=Inf|Voice=Act;_;_;_;@mam1989f-words#@mam1989f#2843.363#2843.647
793;умнее;умный;ADJ;_;Degree=Cmp;_;_;_;@mam1989f-words#@mam1989f#2843.647#2843.931
794;то;тот;SCONJ;_;_;_;_;_;@mam1989f-words#@mam1989f#2843.931#2844.22
795;Угу;Уга;PROPN;_;Animacy=Anim|Case=Nom|Gender=Masc|Number=Sing;_;_;_;@mam1989f-words#@mam1989f#2850.848#2851.138
796;Зачем;зачем;ADV;_;Degree=Pos;_;_;_;@mam1989f-words#@mam1989f#2857.303#2857.89
797;Зачем;зачем;ADV;_;Degree=Pos;_;_;_;@mam1989f-words#@mam1989f#2858.49#2858.805
798;Сп;Сп;_;_;_;_;_;_;@mam1989f-words#@mam1989f#2858.805#2859.12
799;ты;ты;PRON;_;Case=Nom|Number=Sing|Person=2;_;_;_;@mam1989f-words#@mam1989f#2859.26#2859.61
800;паиашь;понимаешь;VERB;_;Aspect=Perf|Mood=Ind|Number=Sing|Person=2|Tense=Fut|VerbForm=Fin|Voice=Act;_;_;_;@mam1989f-words#@mam1989f#2859.61#2859.96
801;а;а;CCONJ;_;_;_;_;_;@mam1989f-words#@mam1989f#2860.118#2860.173
802;в;в;ADP;_;_;_;_;_;@mam1989f-words#@mam1989f#2860.173#2860.228
803;вот;вот;PART;_;_;_;_;_;@mam1989f-words#@mam1989f#2860.29#2860.405
804;мо;мо;_;_;_;_;_;_;@mam1989f-words#@mam1989f#2860.405#2860.52
805;меня;я;PRON;_;Case=Acc|Number=Sing|Person=3;_;_;_;@mam1989f-words#@mam1989f#2860.6#2860.926
806;пугает;пугать;VERB;_;Aspect=Imp|Mood=Ind|Number=Sing|Person=3|Tense=Pres|VerbForm=Fin|Voice=Act;_;_;_;@mam1989f-words#@mam1989f#2860.926#2861.252
807;что;что;PRON;_;_;_;_;_;@mam1989f-words#@mam1989f#2861.252#2861.58
808;Что;что;PRON;_;Case=_Acc;_;_;_;@mam1989f-words#@mam1989f#2861.703#2862.114
809;феминизм;феминизм;NOUN;_;Animacy=Inan|Case=Nom|Gender=Masc|Number=Sing;_;_;_;@mam1989f-words#@mam1989f#2862.114#2862.525
810;это;это;DET;_;Case=Nom|Gender=Neut|Number=Sing;_;_;_;@mam1989f-words#@mam1989f#2862.525#2862.936
811;не;не;PART;_;_;_;_;_;@mam1989f-words#@mam1989f#2862.936#2863.347
812;мужененавистничество;мужененавистничество;NOUN;_;Animacy=Inan|Case=Nom|Gender=Neut|Number=Sing;_;_;_;@mam1989f-words#@mam1989f#2863.347#2863.76
813;почему;почему;ADV;_;Degree=Pos;_;_;_;@mam1989f-words#@mam1989f#2864.43#2864.912
814;идет;идти;VERB;_;Aspect=Imp|Mood=Ind|Number=Sing|Person=3|Tense=Pres|VerbForm=Fin|Voice=Act;_;_;_;@mam1989f-words#@mam1989f#2864.912#2865.394
815;противопоставление;противопоставление;NOUN;_;Animacy=Inan|Case=Nom|Gender=Neut|Number=Sing;_;_;_;@mam1989f-words#@mam1989f#2865.394#2865.876
816;типа;тип;INTJ;_;_;_;_;_;@mam1989f-words#@mam1989f#2865.876#2866.36
817;либо;либо;CCONJ;_;_;_;_;_;@mam1989f-words#@mam1989f#2866.4#2866.795
818;бабы;баба;NOUN;_;Animacy=Anim|Case=Gen|Gender=Fem|Number=Sing;_;_;_;@mam1989f-words#@mam1989f#2866.795#2867.19
819;либо;либо;CCONJ;_;_;_;_;_;@mam1989f-words#@mam1989f#2867.32#2867.685
820;мужики;мужик;NOUN;_;Animacy=Anim|Case=Nom|Gender=Masc|Number=Plur;_;_;_;@mam1989f-words#@mam1989f#2867.685#2868.05
821;но;но;CCONJ;_;_;_;_;_;@mam1989f-words#@mam1989f#2870.355#2870.67
